case_id,legal_domain,case_type
CASE-000001,Motor Accident Claims,Motor Accident Compensation Claim
CASE-000002,Child Protection,POCSO / Child Protection Proceeding
CASE-000003,Human Rights & PIL,Public Interest Litigation
CASE-000004,White Collar Crime,Money Laundering / Corruption Case
CASE-000005,Divorce & Matrimonial,Divorce Petition
CASE-000006,Intellectual Property,Trademark Infringement
CASE-000007,Immigration & Citizenship,Citizenship / Passport Matter
CASE-000008,Medical Negligence,Medical Negligence Complaint
CASE-000009,Insolvency & Bankruptcy,Corporate Insolvency Resolution
CASE-000010,Education Law,Student Admission / Examination Dispute
CASE-000011,Consumer Protection,Deficiency in Service Complaint
CASE-000012,White Collar Crime,Money Laundering / Corruption Case
CASE-000013,Child Protection,POCSO / Child Protection Proceeding
CASE-000014,Tax & GST,GST / Tax Assessment Appeal
CASE-000015,Intellectual Property,Trademark Infringement
CASE-000016,Consumer Protection,Deficiency in Service Complaint
CASE-000017,Motor Accident Claims,Motor Accident Compensation Claim
CASE-000018,Contract & Agreement,Breach of Contract / Specific Performance
CASE-000019,Family & Succession,Inheritance / Probate
CASE-000020,Media & Defamation,Defamation Suit
CASE-000021,Data Privacy,Personal Data Misuse / Privacy Petition
CASE-000022,Data Privacy,Personal Data Misuse / Privacy Petition
CASE-000023,Cybercrime & IT,Online Fraud / Cybercrime
CASE-000024,Motor Accident Claims,Motor Accident Compensation Claim
CASE-000025,Divorce & Matrimonial,Divorce Petition
CASE-000026,Consumer Protection,Deficiency in Service Complaint
CASE-000027,Employment & Labour,Wrongful Termination
CASE-000028,Environmental Law,Environmental Clearance Challenge
CASE-000029,Divorce & Matrimonial,Divorce Petition
CASE-000030,Motor Accident Claims,Motor Accident Compensation Claim
CASE-000031,Insolvency & Bankruptcy,Corporate Insolvency Resolution
CASE-000032,Education Law,Student Admission / Examination Dispute
CASE-000033,Contract & Agreement,Breach of Contract / Specific Performance
CASE-000034,Consumer Protection,Deficiency in Service Complaint
CASE-000035,Banking & Finance,Loan Recovery / Cheque Dishonour
CASE-000036,Human Rights & PIL,Public Interest Litigation
CASE-000037,Tax & GST,GST / Tax Assessment Appeal
CASE-000038,Consumer Protection,Deficiency in Service Complaint
CASE-000039,Tax & GST,GST / Tax Assessment Appeal
CASE-000040,Medical Negligence,Medical Negligence Complaint
CASE-000041,Criminal Law,Criminal Trial
CASE-000042,White Collar Crime,Money Laundering / Corruption Case
CASE-000043,Divorce & Matrimonial,Divorce Petition
CASE-000044,Contract & Agreement,Breach of Contract / Specific Performance
CASE-000045,Family & Succession,Inheritance / Probate
CASE-000046,Cybercrime & IT,Online Fraud / Cybercrime
CASE-000047,Motor Accident Claims,Motor Accident Compensation Claim
CASE-000048,Corporate & Commercial,Commercial Contract Dispute
CASE-000049,Tax & GST,GST / Tax Assessment Appeal
CASE-000050,Insolvency & Bankruptcy,Corporate Insolvency Resolution
CASE-000051,Environmental Law,Environmental Clearance Challenge
CASE-000052,Consumer Protection,Deficiency in Service Complaint
CASE-000053,Medical Negligence,Medical Negligence Complaint
CASE-000054,Real Estate & Housing,Builder-Buyer / RERA Dispute
CASE-000055,Employment & Labour,Wrongful Termination
CASE-000056,Real Estate & Housing,Builder-Buyer / RERA Dispute
CASE-000057,White Collar Crime,Money Laundering / Corruption Case
CASE-000058,Cybercrime & IT,Online Fraud / Cybercrime
CASE-000059,Constitutional Law,Writ / Fundamental Rights Petition
CASE-000060,Human Rights & PIL,Public Interest Litigation
CASE-000061,Constitutional Law,Writ / Fundamental Rights Petition
CASE-000062,Banking & Finance,Loan Recovery / Cheque Dishonour
CASE-000063,Motor Accident Claims,Motor Accident Compensation Claim
CASE-000064,Banking & Finance,Loan Recovery / Cheque Dishonour
CASE-000065,Insolvency & Bankruptcy,Corporate Insolvency Resolution
CASE-000066,Consumer Protection,Deficiency in Service Complaint
CASE-000067,Constitutional Law,Writ / Fundamental Rights Petition
CASE-000068,Insolvency & Bankruptcy,Corporate Insolvency Resolution
CASE-000069,Consumer Protection,Deficiency in Service Complaint
CASE-000070,Intellectual Property,Trademark Infringement
CASE-000071,Media & Defamation,Defamation Suit
CASE-000072,Education Law,Student Admission / Examination Dispute
CASE-000073,Environmental Law,Environmental Clearance Challenge
CASE-000074,Child Protection,POCSO / Child Protection Proceeding
CASE-000075,Tax & GST,GST / Tax Assessment Appeal
CASE-000076,Property & Land,Property / Partition Suit
CASE-000077,Human Rights & PIL,Public Interest Litigation
CASE-000078,Media & Defamation,Defamation Suit
CASE-000079,Administrative Law,Administrative Order Challenge
CASE-000080,Consumer Protection,Deficiency in Service Complaint
CASE-000081,Criminal Law,Criminal Trial
CASE-000082,Medical Negligence,Medical Negligence Complaint
CASE-000083,Consumer Protection,Deficiency in Service Complaint
CASE-000084,Data Privacy,Personal Data Misuse / Privacy Petition
CASE-000085,Medical Negligence,Medical Negligence Complaint
CASE-000086,Environmental Law,Environmental Clearance Challenge
CASE-000087,Medical Negligence,Medical Negligence Complaint
CASE-000088,Constitutional Law,Writ / Fundamental Rights Petition
CASE-000089,Arbitration,Arbitral Award Challenge
CASE-000090,Tax & GST,GST / Tax Assessment Appeal
CASE-000091,Corporate & Commercial,Commercial Contract Dispute
CASE-000092,Medical Negligence,Medical Negligence Complaint
CASE-000093,Contract & Agreement,Breach of Contract / Specific Performance
CASE-000094,Motor Accident Claims,Motor Accident Compensation Claim
CASE-000095,Child Protection,POCSO / Child Protection Proceeding
CASE-000096,Insolvency & Bankruptcy,Corporate Insolvency Resolution
CASE-000097,Criminal Law,Criminal Trial
CASE-000098,Insolvency & Bankruptcy,Corporate Insolvency Resolution
CASE-000099,Property & Land,Property / Partition Suit
CASE-000100,Employment & Labour,Wrongful Termination
CASE-000101,Property & Land,Property / Partition Suit
CASE-000102,Medical Negligence,Medical Negligence Complaint
CASE-000103,Immigration & Citizenship,Citizenship / Passport Matter
CASE-000104,Family & Succession,Inheritance / Probate
CASE-000105,Medical Negligence,Medical Negligence Complaint
CASE-000106,Cybercrime & IT,Online Fraud / Cybercrime
CASE-000107,Environmental Law,Environmental Clearance Challenge
CASE-000108,Consumer Protection,Deficiency in Service Complaint
CASE-000109,Corporate & Commercial,Commercial Contract Dispute
CASE-000110,Arbitration,Arbitral Award Challenge
CASE-000111,Media & Defamation,Defamation Suit
CASE-000112,Insolvency & Bankruptcy,Corporate Insolvency Resolution
CASE-000113,Data Privacy,Personal Data Misuse / Privacy Petition
CASE-000114,Banking & Finance,Loan Recovery / Cheque Dishonour
CASE-000115,Administrative Law,Administrative Order Challenge
CASE-000116,Real Estate & Housing,Builder-Buyer / RERA Dispute
CASE-000117,Data Privacy,Personal Data Misuse / Privacy Petition
CASE-000118,Employment & Labour,Wrongful Termination
CASE-000119,Medical Negligence,Medical Negligence Complaint
CASE-000120,Tax & GST,GST / Tax Assessment Appeal
CASE-000121,Environmental Law,Environmental Clearance Challenge
CASE-000122,Data Privacy,Personal Data Misuse / Privacy Petition
CASE-000123,Immigration & Citizenship,Citizenship / Passport Matter
CASE-000124,Tax & GST,GST / Tax Assessment Appeal
CASE-000125,Immigration & Citizenship,Citizenship / Passport Matter
CASE-000126,Corporate & Commercial,Commercial Contract Dispute
CASE-000127,Human Rights & PIL,Public Interest Litigation
CASE-000128,Contract & Agreement,Breach of Contract / Specific Performance
CASE-000129,Administrative Law,Administrative Order Challenge
CASE-000130,Cybercrime & IT,Online Fraud / Cybercrime
CASE-000131,Administrative Law,Administrative Order Challenge
CASE-000132,Contract & Agreement,Breach of Contract / Specific Performance
CASE-000133,Banking & Finance,Loan Recovery / Cheque Dishonour
CASE-000134,Employment & Labour,Wrongful Termination
CASE-000135,Medical Negligence,Medical Negligence Complaint
CASE-000136,Motor Accident Claims,Motor Accident Compensation Claim
CASE-000137,Child Protection,POCSO / Child Protection Proceeding
CASE-000138,Corporate & Commercial,Commercial Contract Dispute
CASE-000139,Contract & Agreement,Breach of Contract / Specific Performance
CASE-000140,Intellectual Property,Trademark Infringement
CASE-000141,White Collar Crime,Money Laundering / Corruption Case
CASE-000142,Real Estate & Housing,Builder-Buyer / RERA Dispute
CASE-000143,Criminal Law,Criminal Trial
CASE-000144,Family & Succession,Inheritance / Probate
CASE-000145,Banking & Finance,Loan Recovery / Cheque Dishonour
CASE-000146,Education Law,Student Admission / Examination Dispute
CASE-000147,Family & Succession,Inheritance / Probate
CASE-000148,Criminal Law,Criminal Trial
CASE-000149,Motor Accident Claims,Motor Accident Compensation Claim
CASE-000150,Criminal Law,Criminal Trial
CASE-000151,Constitutional Law,Writ / Fundamental Rights Petition
CASE-000152,Education Law,Student Admission / Examination Dispute
CASE-000153,Employment & Labour,Wrongful Termination
CASE-000154,Arbitration,Arbitral Award Challenge
CASE-000155,Intellectual Property,Trademark Infringement
CASE-000156,Constitutional Law,Writ / Fundamental Rights Petition
CASE-000157,Corporate & Commercial,Commercial Contract Dispute
CASE-000158,Child Protection,POCSO / Child Protection Proceeding
CASE-000159,Motor Accident Claims,Motor Accident Compensation Claim
CASE-000160,Data Privacy,Personal Data Misuse / Privacy Petition
CASE-000161,Consumer Protection,Deficiency in Service Complaint
CASE-000162,Contract & Agreement,Breach of Contract / Specific Performance
CASE-000163,Child Protection,POCSO / Child Protection Proceeding
CASE-000164,Tax & GST,GST / Tax Assessment Appeal
CASE-000165,Contract & Agreement,Breach of Contract / Specific Performance
CASE-000166,Education Law,Student Admission / Examination Dispute
CASE-000167,Data Privacy,Personal Data Misuse / Privacy Petition
CASE-000168,Medical Negligence,Medical Negligence Complaint
CASE-000169,Insolvency & Bankruptcy,Corporate Insolvency Resolution
CASE-000170,Insolvency & Bankruptcy,Corporate Insolvency Resolution
CASE-000171,Corporate & Commercial,Commercial Contract Dispute
CASE-000172,Constitutional Law,Writ / Fundamental Rights Petition
CASE-000173,Human Rights & PIL,Public Interest Litigation
CASE-000174,White Collar Crime,Money Laundering / Corruption Case
CASE-000175,Real Estate & Housing,Builder-Buyer / RERA Dispute
CASE-000176,White Collar Crime,Money Laundering / Corruption Case
CASE-000177,Data Privacy,Personal Data Misuse / Privacy Petition
CASE-000178,Constitutional Law,Writ / Fundamental Rights Petition
CASE-000179,Child Protection,POCSO / Child Protection Proceeding
CASE-000180,Family & Succession,Inheritance / Probate
CASE-000181,Medical Negligence,Medical Negligence Complaint
CASE-000182,Arbitration,Arbitral Award Challenge
CASE-000183,Employment & Labour,Wrongful Termination
CASE-000184,Consumer Protection,Deficiency in Service Complaint
CASE-000185,Consumer Protection,Deficiency in Service Complaint
CASE-000186,Data Privacy,Personal Data Misuse / Privacy Petition
CASE-000187,Media & Defamation,Defamation Suit
CASE-000188,Child Protection,POCSO / Child Protection Proceeding
CASE-000189,Education Law,Student Admission / Examination Dispute
CASE-000190,Media & Defamation,Defamation Suit
CASE-000191,Divorce & Matrimonial,Divorce Petition
CASE-000192,Family & Succession,Inheritance / Probate
CASE-000193,Immigration & Citizenship,Citizenship / Passport Matter
CASE-000194,Media & Defamation,Defamation Suit
CASE-000195,Consumer Protection,Deficiency in Service Complaint
CASE-000196,Child Protection,POCSO / Child Protection Proceeding
CASE-000197,Divorce & Matrimonial,Divorce Petition
CASE-000198,Corporate & Commercial,Commercial Contract Dispute
CASE-000199,Contract & Agreement,Breach of Contract / Specific Performance
CASE-000200,Intellectual Property,Trademark Infringement
CASE-000201,Consumer Protection,Deficiency in Service Complaint
CASE-000202,Education Law,Student Admission / Examination Dispute
CASE-000203,White Collar Crime,Money Laundering / Corruption Case
CASE-000204,Child Protection,POCSO / Child Protection Proceeding
CASE-000205,Divorce & Matrimonial,Divorce Petition
CASE-000206,Education Law,Student Admission / Examination Dispute
CASE-000207,Employment & Labour,Wrongful Termination
CASE-000208,Intellectual Property,Trademark Infringement
CASE-000209,Administrative Law,Administrative Order Challenge
CASE-000210,Banking & Finance,Loan Recovery / Cheque Dishonour
CASE-000211,Human Rights & PIL,Public Interest Litigation
CASE-000212,Immigration & Citizenship,Citizenship / Passport Matter
CASE-000213,Criminal Law,Criminal Trial
CASE-000214,Family & Succession,Inheritance / Probate
CASE-000215,Insolvency & Bankruptcy,Corporate Insolvency Resolution
CASE-000216,Divorce & Matrimonial,Divorce Petition
CASE-000217,Real Estate & Housing,Builder-Buyer / RERA Dispute
CASE-000218,Medical Negligence,Medical Negligence Complaint
CASE-000219,Constitutional Law,Writ / Fundamental Rights Petition
CASE-000220,White Collar Crime,Money Laundering / Corruption Case
CASE-000221,Data Privacy,Personal Data Misuse / Privacy Petition
CASE-000222,Motor Accident Claims,Motor Accident Compensation Claim
CASE-000223,Human Rights & PIL,Public Interest Litigation
CASE-000224,Consumer Protection,Deficiency in Service Complaint
CASE-000225,Media & Defamation,Defamation Suit
CASE-000226,Family & Succession,Inheritance / Probate
CASE-000227,Child Protection,POCSO / Child Protection Proceeding
CASE-000228,Insolvency & Bankruptcy,Corporate Insolvency Resolution
CASE-000229,Environmental Law,Environmental Clearance Challenge
CASE-000230,Media & Defamation,Defamation Suit
CASE-000231,Immigration & Citizenship,Citizenship / Passport Matter
CASE-000232,Administrative Law,Administrative Order Challenge
CASE-000233,Criminal Law,Criminal Trial
CASE-000234,Corporate & Commercial,Commercial Contract Dispute
CASE-000235,Intellectual Property,Trademark Infringement
CASE-000236,Contract & Agreement,Breach of Contract / Specific Performance
CASE-000237,Cybercrime & IT,Online Fraud / Cybercrime
CASE-000238,Criminal Law,Criminal Trial
CASE-000239,Real Estate & Housing,Builder-Buyer / RERA Dispute
CASE-000240,Data Privacy,Personal Data Misuse / Privacy Petition
CASE-000241,Data Privacy,Personal Data Misuse / Privacy Petition
CASE-000242,White Collar Crime,Money Laundering / Corruption Case
CASE-000243,Employment & Labour,Wrongful Termination
CASE-000244,Immigration & Citizenship,Citizenship / Passport Matter
CASE-000245,Employment & Labour,Wrongful Termination
CASE-000246,White Collar Crime,Money Laundering / Corruption Case
CASE-000247,White Collar Crime,Money Laundering / Corruption Case
CASE-000248,Divorce & Matrimonial,Divorce Petition
CASE-000249,Administrative Law,Administrative Order Challenge
CASE-000250,Constitutional Law,Writ / Fundamental Rights Petition
CASE-000251,Tax & GST,GST / Tax Assessment Appeal
CASE-000252,Banking & Finance,Loan Recovery / Cheque Dishonour
CASE-000253,Tax & GST,GST / Tax Assessment Appeal
CASE-000254,Data Privacy,Personal Data Misuse / Privacy Petition
CASE-000255,Consumer Protection,Deficiency in Service Complaint
CASE-000256,Contract & Agreement,Breach of Contract / Specific Performance
CASE-000257,Environmental Law,Environmental Clearance Challenge
CASE-000258,Corporate & Commercial,Commercial Contract Dispute
CASE-000259,Child Protection,POCSO / Child Protection Proceeding
CASE-000260,Constitutional Law,Writ / Fundamental Rights Petition
CASE-000261,Arbitration,Arbitral Award Challenge
CASE-000262,Employment & Labour,Wrongful Termination
CASE-000263,Motor Accident Claims,Motor Accident Compensation Claim
CASE-000264,Criminal Law,Criminal Trial
CASE-000265,Criminal Law,Criminal Trial
CASE-000266,Constitutional Law,Writ / Fundamental Rights Petition
CASE-000267,Insolvency & Bankruptcy,Corporate Insolvency Resolution
CASE-000268,Tax & GST,GST / Tax Assessment Appeal
CASE-000269,Intellectual Property,Trademark Infringement
CASE-000270,Environmental Law,Environmental Clearance Challenge
CASE-000271,Constitutional Law,Writ / Fundamental Rights Petition
CASE-000272,Criminal Law,Criminal Trial
CASE-000273,Banking & Finance,Loan Recovery / Cheque Dishonour
CASE-000274,Insolvency & Bankruptcy,Corporate Insolvency Resolution
CASE-000275,Child Protection,POCSO / Child Protection Proceeding
CASE-000276,Administrative Law,Administrative Order Challenge
CASE-000277,Criminal Law,Criminal Trial
CASE-000278,Family & Succession,Inheritance / Probate
CASE-000279,Motor Accident Claims,Motor Accident Compensation Claim
CASE-000280,Divorce & Matrimonial,Divorce Petition
CASE-000281,Intellectual Property,Trademark Infringement
CASE-000282,Insolvency & Bankruptcy,Corporate Insolvency Resolution
CASE-000283,Insolvency & Bankruptcy,Corporate Insolvency Resolution
CASE-000284,Immigration & Citizenship,Citizenship / Passport Matter
CASE-000285,Cybercrime & IT,Online Fraud / Cybercrime
CASE-000286,Media & Defamation,Defamation Suit
CASE-000287,Data Privacy,Personal Data Misuse / Privacy Petition
CASE-000288,Intellectual Property,Trademark Infringement
CASE-000289,Administrative Law,Administrative Order Challenge
CASE-000290,Immigration & Citizenship,Citizenship / Passport Matter
CASE-000291,Family & Succession,Inheritance / Probate
CASE-000292,Human Rights & PIL,Public Interest Litigation
CASE-000293,Administrative Law,Administrative Order Challenge
CASE-000294,Arbitration,Arbitral Award Challenge
CASE-000295,Motor Accident Claims,Motor Accident Compensation Claim
CASE-000296,Environmental Law,Environmental Clearance Challenge
CASE-000297,Tax & GST,GST / Tax Assessment Appeal
CASE-000298,Intellectual Property,Trademark Infringement
CASE-000299,Media & Defamation,Defamation Suit
CASE-000300,Insolvency & Bankruptcy,Corporate Insolvency Resolution
CASE-000301,Divorce & Matrimonial,Divorce Petition
CASE-000302,White Collar Crime,Money Laundering / Corruption Case
CASE-000303,Real Estate & Housing,Builder-Buyer / RERA Dispute
CASE-000304,Divorce & Matrimonial,Divorce Petition
CASE-000305,Education Law,Student Admission / Examination Dispute
CASE-000306,Medical Negligence,Medical Negligence Complaint
CASE-000307,Contract & Agreement,Breach of Contract / Specific Performance
CASE-000308,Human Rights & PIL,Public Interest Litigation
CASE-000309,Constitutional Law,Writ / Fundamental Rights Petition
CASE-000310,Arbitration,Arbitral Award Challenge
CASE-000311,Data Privacy,Personal Data Misuse / Privacy Petition
CASE-000312,White Collar Crime,Money Laundering / Corruption Case
CASE-000313,Medical Negligence,Medical Negligence Complaint
CASE-000314,Contract & Agreement,Breach of Contract / Specific Performance
CASE-000315,Constitutional Law,Writ / Fundamental Rights Petition
CASE-000316,Education Law,Student Admission / Examination Dispute
CASE-000317,Real Estate & Housing,Builder-Buyer / RERA Dispute
CASE-000318,Education Law,Student Admission / Examination Dispute
CASE-000319,Media & Defamation,Defamation Suit
CASE-000320,Data Privacy,Personal Data Misuse / Privacy Petition
CASE-000321,Intellectual Property,Trademark Infringement
CASE-000322,Constitutional Law,Writ / Fundamental Rights Petition
CASE-000323,Data Privacy,Personal Data Misuse / Privacy Petition
CASE-000324,Contract & Agreement,Breach of Contract / Specific Performance
CASE-000325,Data Privacy,Personal Data Misuse / Privacy Petition
CASE-000326,Media & Defamation,Defamation Suit
CASE-000327,Human Rights & PIL,Public Interest Litigation
CASE-000328,Criminal Law,Criminal Trial
CASE-000329,Family & Succession,Inheritance / Probate
CASE-000330,Banking & Finance,Loan Recovery / Cheque Dishonour
CASE-000331,Human Rights & PIL,Public Interest Litigation
CASE-000332,Criminal Law,Criminal Trial
CASE-000333,Insolvency & Bankruptcy,Corporate Insolvency Resolution
CASE-000334,Criminal Law,Criminal Trial
CASE-000335,Contract & Agreement,Breach of Contract / Specific Performance
CASE-000336,Child Protection,POCSO / Child Protection Proceeding
CASE-000337,White Collar Crime,Money Laundering / Corruption Case
CASE-000338,Contract & Agreement,Breach of Contract / Specific Performance
CASE-000339,Tax & GST,GST / Tax Assessment Appeal
CASE-000340,Human Rights & PIL,Public Interest Litigation
CASE-000341,Media & Defamation,Defamation Suit
CASE-000342,Divorce & Matrimonial,Divorce Petition
CASE-000343,Divorce & Matrimonial,Divorce Petition
CASE-000344,Data Privacy,Personal Data Misuse / Privacy Petition
CASE-000345,Environmental Law,Environmental Clearance Challenge
CASE-000346,Cybercrime & IT,Online Fraud / Cybercrime
CASE-000347,Arbitration,Arbitral Award Challenge
CASE-000348,Cybercrime & IT,Online Fraud / Cybercrime
CASE-000349,Tax & GST,GST / Tax Assessment Appeal
CASE-000350,Child Protection,POCSO / Child Protection Proceeding
CASE-000351,Education Law,Student Admission / Examination Dispute
CASE-000352,Employment & Labour,Wrongful Termination
CASE-000353,Human Rights & PIL,Public Interest Litigation
CASE-000354,Criminal Law,Criminal Trial
CASE-000355,Media & Defamation,Defamation Suit
CASE-000356,Immigration & Citizenship,Citizenship / Passport Matter
CASE-000357,Education Law,Student Admission / Examination Dispute
CASE-000358,Education Law,Student Admission / Examination Dispute
CASE-000359,Employment & Labour,Wrongful Termination
CASE-000360,Banking & Finance,Loan Recovery / Cheque Dishonour
CASE-000361,Tax & GST,GST / Tax Assessment Appeal
CASE-000362,Banking & Finance,Loan Recovery / Cheque Dishonour
CASE-000363,Immigration & Citizenship,Citizenship / Passport Matter
CASE-000364,Divorce & Matrimonial,Divorce Petition
CASE-000365,Divorce & Matrimonial,Divorce Petition
CASE-000366,Media & Defamation,Defamation Suit
CASE-000367,Employment & Labour,Wrongful Termination
CASE-000368,Tax & GST,GST / Tax Assessment Appeal
CASE-000369,Child Protection,POCSO / Child Protection Proceeding
CASE-000370,Child Protection,POCSO / Child Protection Proceeding
CASE-000371,Insolvency & Bankruptcy,Corporate Insolvency Resolution
CASE-000372,Employment & Labour,Wrongful Termination
CASE-000373,Cybercrime & IT,Online Fraud / Cybercrime
CASE-000374,Administrative Law,Administrative Order Challenge
CASE-000375,Constitutional Law,Writ / Fundamental Rights Petition
CASE-000376,Media & Defamation,Defamation Suit
CASE-000377,Administrative Law,Administrative Order Challenge
CASE-000378,Corporate & Commercial,Commercial Contract Dispute
CASE-000379,Tax & GST,GST / Tax Assessment Appeal
CASE-000380,Insolvency & Bankruptcy,Corporate Insolvency Resolution
CASE-000381,Consumer Protection,Deficiency in Service Complaint
CASE-000382,Constitutional Law,Writ / Fundamental Rights Petition
CASE-000383,Family & Succession,Inheritance / Probate
CASE-000384,White Collar Crime,Money Laundering / Corruption Case
CASE-000385,Education Law,Student Admission / Examination Dispute
CASE-000386,Corporate & Commercial,Commercial Contract Dispute
CASE-000387,Human Rights & PIL,Public Interest Litigation
CASE-000388,Child Protection,POCSO / Child Protection Proceeding
CASE-000389,Medical Negligence,Medical Negligence Complaint
CASE-000390,Corporate & Commercial,Commercial Contract Dispute
CASE-000391,Human Rights & PIL,Public Interest Litigation
CASE-000392,Medical Negligence,Medical Negligence Complaint
CASE-000393,Employment & Labour,Wrongful Termination
CASE-000394,Child Protection,POCSO / Child Protection Proceeding
CASE-000395,Property & Land,Property / Partition Suit
CASE-000396,Intellectual Property,Trademark Infringement
CASE-000397,Contract & Agreement,Breach of Contract / Specific Performance
CASE-000398,Contract & Agreement,Breach of Contract / Specific Performance
CASE-000399,Human Rights & PIL,Public Interest Litigation
CASE-000400,Cybercrime & IT,Online Fraud / Cybercrime
CASE-000401,Environmental Law,Environmental Clearance Challenge
CASE-000402,Employment & Labour,Wrongful Termination
CASE-000403,Consumer Protection,Deficiency in Service Complaint
CASE-000404,Criminal Law,Criminal Trial
CASE-000405,Consumer Protection,Deficiency in Service Complaint
CASE-000406,Media & Defamation,Defamation Suit
CASE-000407,Education Law,Student Admission / Examination Dispute
CASE-000408,Arbitration,Arbitral Award Challenge
CASE-000409,Child Protection,POCSO / Child Protection Proceeding
CASE-000410,Environmental Law,Environmental Clearance Challenge
CASE-000411,Banking & Finance,Loan Recovery / Cheque Dishonour
CASE-000412,Child Protection,POCSO / Child Protection Proceeding
CASE-000413,Constitutional Law,Writ / Fundamental Rights Petition
CASE-000414,Human Rights & PIL,Public Interest Litigation
CASE-000415,Family & Succession,Inheritance / Probate
CASE-000416,Child Protection,POCSO / Child Protection Proceeding
CASE-000417,Property & Land,Property / Partition Suit
CASE-000418,Corporate & Commercial,Commercial Contract Dispute
CASE-000419,Real Estate & Housing,Builder-Buyer / RERA Dispute
CASE-000420,Family & Succession,Inheritance / Probate
CASE-000421,Corporate & Commercial,Commercial Contract Dispute
CASE-000422,Cybercrime & IT,Online Fraud / Cybercrime
CASE-000423,Education Law,Student Admission / Examination Dispute
CASE-000424,Divorce & Matrimonial,Divorce Petition
CASE-000425,Banking & Finance,Loan Recovery / Cheque Dishonour
CASE-000426,Real Estate & Housing,Builder-Buyer / RERA Dispute
CASE-000427,Data Privacy,Personal Data Misuse / Privacy Petition
CASE-000428,Medical Negligence,Medical Negligence Complaint
CASE-000429,Medical Negligence,Medical Negligence Complaint
CASE-000430,Human Rights & PIL,Public Interest Litigation
CASE-000431,Tax & GST,GST / Tax Assessment Appeal
CASE-000432,Administrative Law,Administrative Order Challenge
CASE-000433,Immigration & Citizenship,Citizenship / Passport Matter
CASE-000434,Data Privacy,Personal Data Misuse / Privacy Petition
CASE-000435,Cybercrime & IT,Online Fraud / Cybercrime
CASE-000436,Administrative Law,Administrative Order Challenge
CASE-000437,Divorce & Matrimonial,Divorce Petition
CASE-000438,Criminal Law,Criminal Trial
CASE-000439,Media & Defamation,Defamation Suit
CASE-000440,Education Law,Student Admission / Examination Dispute
CASE-000441,Motor Accident Claims,Motor Accident Compensation Claim
CASE-000442,Corporate & Commercial,Commercial Contract Dispute
CASE-000443,Data Privacy,Personal Data Misuse / Privacy Petition
CASE-000444,Motor Accident Claims,Motor Accident Compensation Claim
CASE-000445,Administrative Law,Administrative Order Challenge
CASE-000446,Intellectual Property,Trademark Infringement
CASE-000447,Human Rights & PIL,Public Interest Litigation
CASE-000448,Employment & Labour,Wrongful Termination
CASE-000449,Constitutional Law,Writ / Fundamental Rights Petition
CASE-000450,Child Protection,POCSO / Child Protection Proceeding
CASE-000451,Employment & Labour,Wrongful Termination
CASE-000452,Data Privacy,Personal Data Misuse / Privacy Petition
CASE-000453,Real Estate & Housing,Builder-Buyer / RERA Dispute
CASE-000454,Administrative Law,Administrative Order Challenge
CASE-000455,Arbitration,Arbitral Award Challenge
CASE-000456,Consumer Protection,Deficiency in Service Complaint
CASE-000457,Constitutional Law,Writ / Fundamental Rights Petition
CASE-000458,Criminal Law,Criminal Trial
CASE-000459,Corporate & Commercial,Commercial Contract Dispute
CASE-000460,Corporate & Commercial,Commercial Contract Dispute
CASE-000461,Employment & Labour,Wrongful Termination
CASE-000462,Tax & GST,GST / Tax Assessment Appeal
CASE-000463,Divorce & Matrimonial,Divorce Petition
CASE-000464,Media & Defamation,Defamation Suit
CASE-000465,Human Rights & PIL,Public Interest Litigation
CASE-000466,Data Privacy,Personal Data Misuse / Privacy Petition
CASE-000467,Environmental Law,Environmental Clearance Challenge
CASE-000468,Motor Accident Claims,Motor Accident Compensation Claim
CASE-000469,Divorce & Matrimonial,Divorce Petition
CASE-000470,Tax & GST,GST / Tax Assessment Appeal
CASE-000471,Corporate & Commercial,Commercial Contract Dispute
CASE-000472,Criminal Law,Criminal Trial
CASE-000473,Tax & GST,GST / Tax Assessment Appeal
CASE-000474,Banking & Finance,Loan Recovery / Cheque Dishonour
CASE-000475,Administrative Law,Administrative Order Challenge
CASE-000476,Administrative Law,Administrative Order Challenge
CASE-000477,Constitutional Law,Writ / Fundamental Rights Petition
CASE-000478,Banking & Finance,Loan Recovery / Cheque Dishonour
CASE-000479,Real Estate & Housing,Builder-Buyer / RERA Dispute
CASE-000480,Criminal Law,Criminal Trial
CASE-000481,Environmental Law,Environmental Clearance Challenge
CASE-000482,Environmental Law,Environmental Clearance Challenge
CASE-000483,Real Estate & Housing,Builder-Buyer / RERA Dispute
CASE-000484,Property & Land,Property / Partition Suit
CASE-000485,Divorce & Matrimonial,Divorce Petition
CASE-000486,Constitutional Law,Writ / Fundamental Rights Petition
CASE-000487,Child Protection,POCSO / Child Protection Proceeding
CASE-000488,Criminal Law,Criminal Trial
CASE-000489,Media & Defamation,Defamation Suit
CASE-000490,Media & Defamation,Defamation Suit
CASE-000491,Intellectual Property,Trademark Infringement
CASE-000492,Real Estate & Housing,Builder-Buyer / RERA Dispute
CASE-000493,Constitutional Law,Writ / Fundamental Rights Petition
CASE-000494,Media & Defamation,Defamation Suit
CASE-000495,White Collar Crime,Money Laundering / Corruption Case
CASE-000496,White Collar Crime,Money Laundering / Corruption Case
CASE-000497,Human Rights & PIL,Public Interest Litigation
CASE-000498,Contract & Agreement,Breach of Contract / Specific Performance
CASE-000499,Consumer Protection,Deficiency in Service Complaint
CASE-000500,Arbitration,Arbitral Award Challenge
CASE-000501,Administrative Law,Administrative Order Challenge
CASE-000502,Immigration & Citizenship,Citizenship / Passport Matter
CASE-000503,Human Rights & PIL,Public Interest Litigation
CASE-000504,Human Rights & PIL,Public Interest Litigation
CASE-000505,Banking & Finance,Loan Recovery / Cheque Dishonour
CASE-000506,White Collar Crime,Money Laundering / Corruption Case
CASE-000507,Data Privacy,Personal Data Misuse / Privacy Petition
CASE-000508,Tax & GST,GST / Tax Assessment Appeal
CASE-000509,Education Law,Student Admission / Examination Dispute
CASE-000510,Media & Defamation,Defamation Suit
CASE-000511,Property & Land,Property / Partition Suit
CASE-000512,Motor Accident Claims,Motor Accident Compensation Claim
CASE-000513,Environmental Law,Environmental Clearance Challenge
CASE-000514,Intellectual Property,Trademark Infringement
CASE-000515,Intellectual Property,Trademark Infringement
CASE-000516,Insolvency & Bankruptcy,Corporate Insolvency Resolution
CASE-000517,Motor Accident Claims,Motor Accident Compensation Claim
CASE-000518,Insolvency & Bankruptcy,Corporate Insolvency Resolution
CASE-000519,Motor Accident Claims,Motor Accident Compensation Claim
CASE-000520,Family & Succession,Inheritance / Probate
CASE-000521,Education Law,Student Admission / Examination Dispute
CASE-000522,Constitutional Law,Writ / Fundamental Rights Petition
CASE-000523,Child Protection,POCSO / Child Protection Proceeding
CASE-000524,Employment & Labour,Wrongful Termination
CASE-000525,Administrative Law,Administrative Order Challenge
CASE-000526,Human Rights & PIL,Public Interest Litigation
CASE-000527,Cybercrime & IT,Online Fraud / Cybercrime
CASE-000528,Family & Succession,Inheritance / Probate
CASE-000529,Motor Accident Claims,Motor Accident Compensation Claim
CASE-000530,Corporate & Commercial,Commercial Contract Dispute
CASE-000531,Criminal Law,Criminal Trial
CASE-000532,Insolvency & Bankruptcy,Corporate Insolvency Resolution
CASE-000533,Medical Negligence,Medical Negligence Complaint
CASE-000534,Motor Accident Claims,Motor Accident Compensation Claim
CASE-000535,Insolvency & Bankruptcy,Corporate Insolvency Resolution
CASE-000536,Insolvency & Bankruptcy,Corporate Insolvency Resolution
CASE-000537,Corporate & Commercial,Commercial Contract Dispute
CASE-000538,Medical Negligence,Medical Negligence Complaint
CASE-000539,Immigration & Citizenship,Citizenship / Passport Matter
CASE-000540,Consumer Protection,Deficiency in Service Complaint
CASE-000541,Family & Succession,Inheritance / Probate
CASE-000542,Media & Defamation,Defamation Suit
CASE-000543,Human Rights & PIL,Public Interest Litigation
CASE-000544,Child Protection,POCSO / Child Protection Proceeding
CASE-000545,Consumer Protection,Deficiency in Service Complaint
CASE-000546,Employment & Labour,Wrongful Termination
CASE-000547,Contract & Agreement,Breach of Contract / Specific Performance
CASE-000548,Family & Succession,Inheritance / Probate
CASE-000549,Data Privacy,Personal Data Misuse / Privacy Petition
CASE-000550,Property & Land,Property / Partition Suit
CASE-000551,Consumer Protection,Deficiency in Service Complaint
CASE-000552,Insolvency & Bankruptcy,Corporate Insolvency Resolution
CASE-000553,Divorce & Matrimonial,Divorce Petition
CASE-000554,Motor Accident Claims,Motor Accident Compensation Claim
CASE-000555,Media & Defamation,Defamation Suit
CASE-000556,Criminal Law,Criminal Trial
CASE-000557,Arbitration,Arbitral Award Challenge
CASE-000558,Real Estate & Housing,Builder-Buyer / RERA Dispute
CASE-000559,Human Rights & PIL,Public Interest Litigation
CASE-000560,Family & Succession,Inheritance / Probate
CASE-000561,Banking & Finance,Loan Recovery / Cheque Dishonour
CASE-000562,Tax & GST,GST / Tax Assessment Appeal
CASE-000563,Consumer Protection,Deficiency in Service Complaint
CASE-000564,Cybercrime & IT,Online Fraud / Cybercrime
CASE-000565,Data Privacy,Personal Data Misuse / Privacy Petition
CASE-000566,Employment & Labour,Wrongful Termination
CASE-000567,Motor Accident Claims,Motor Accident Compensation Claim
CASE-000568,Child Protection,POCSO / Child Protection Proceeding
CASE-000569,Consumer Protection,Deficiency in Service Complaint
CASE-000570,Education Law,Student Admission / Examination Dispute
CASE-000571,Insolvency & Bankruptcy,Corporate Insolvency Resolution
CASE-000572,Environmental Law,Environmental Clearance Challenge
CASE-000573,Divorce & Matrimonial,Divorce Petition
CASE-000574,Environmental Law,Environmental Clearance Challenge
CASE-000575,Corporate & Commercial,Commercial Contract Dispute
CASE-000576,Child Protection,POCSO / Child Protection Proceeding
CASE-000577,Consumer Protection,Deficiency in Service Complaint
CASE-000578,Consumer Protection,Deficiency in Service Complaint
CASE-000579,Constitutional Law,Writ / Fundamental Rights Petition
CASE-000580,Motor Accident Claims,Motor Accident Compensation Claim
CASE-000581,Cybercrime & IT,Online Fraud / Cybercrime
CASE-000582,Human Rights & PIL,Public Interest Litigation
CASE-000583,Banking & Finance,Loan Recovery / Cheque Dishonour
CASE-000584,Banking & Finance,Loan Recovery / Cheque Dishonour
CASE-000585,Tax & GST,GST / Tax Assessment Appeal
CASE-000586,Banking & Finance,Loan Recovery / Cheque Dishonour
CASE-000587,Arbitration,Arbitral Award Challenge
CASE-000588,White Collar Crime,Money Laundering / Corruption Case
CASE-000589,Tax & GST,GST / Tax Assessment Appeal
CASE-000590,Intellectual Property,Trademark Infringement
CASE-000591,Medical Negligence,Medical Negligence Complaint
CASE-000592,Employment & Labour,Wrongful Termination
CASE-000593,Child Protection,POCSO / Child Protection Proceeding
CASE-000594,Constitutional Law,Writ / Fundamental Rights Petition
CASE-000595,Cybercrime & IT,Online Fraud / Cybercrime
CASE-000596,Constitutional Law,Writ / Fundamental Rights Petition
CASE-000597,Child Protection,POCSO / Child Protection Proceeding
CASE-000598,Insolvency & Bankruptcy,Corporate Insolvency Resolution
CASE-000599,Property & Land,Property / Partition Suit
CASE-000600,Child Protection,POCSO / Child Protection Proceeding
CASE-000601,Child Protection,POCSO / Child Protection Proceeding
CASE-000602,Corporate & Commercial,Commercial Contract Dispute
CASE-000603,Media & Defamation,Defamation Suit
CASE-000604,Divorce & Matrimonial,Divorce Petition
CASE-000605,Banking & Finance,Loan Recovery / Cheque Dishonour
CASE-000606,Medical Negligence,Medical Negligence Complaint
CASE-000607,Immigration & Citizenship,Citizenship / Passport Matter
CASE-000608,Immigration & Citizenship,Citizenship / Passport Matter
CASE-000609,Motor Accident Claims,Motor Accident Compensation Claim
CASE-000610,Family & Succession,Inheritance / Probate
CASE-000611,White Collar Crime,Money Laundering / Corruption Case
CASE-000612,White Collar Crime,Money Laundering / Corruption Case
CASE-000613,Consumer Protection,Deficiency in Service Complaint
CASE-000614,Contract & Agreement,Breach of Contract / Specific Performance
CASE-000615,Constitutional Law,Writ / Fundamental Rights Petition
CASE-000616,Tax & GST,GST / Tax Assessment Appeal
CASE-000617,Corporate & Commercial,Commercial Contract Dispute
CASE-000618,Motor Accident Claims,Motor Accident Compensation Claim
CASE-000619,Consumer Protection,Deficiency in Service Complaint
CASE-000620,Employment & Labour,Wrongful Termination
CASE-000621,Real Estate & Housing,Builder-Buyer / RERA Dispute
CASE-000622,Arbitration,Arbitral Award Challenge
CASE-000623,Arbitration,Arbitral Award Challenge
CASE-000624,Contract & Agreement,Breach of Contract / Specific Performance
CASE-000625,Corporate & Commercial,Commercial Contract Dispute
CASE-000626,Property & Land,Property / Partition Suit
CASE-000627,Contract & Agreement,Breach of Contract / Specific Performance
CASE-000628,Employment & Labour,Wrongful Termination
CASE-000629,Divorce & Matrimonial,Divorce Petition
CASE-000630,Immigration & Citizenship,Citizenship / Passport Matter
CASE-000631,Intellectual Property,Trademark Infringement
CASE-000632,White Collar Crime,Money Laundering / Corruption Case
CASE-000633,Constitutional Law,Writ / Fundamental Rights Petition
CASE-000634,Intellectual Property,Trademark Infringement
CASE-000635,Child Protection,POCSO / Child Protection Proceeding
CASE-000636,Medical Negligence,Medical Negligence Complaint
CASE-000637,White Collar Crime,Money Laundering / Corruption Case
CASE-000638,Constitutional Law,Writ / Fundamental Rights Petition
CASE-000639,Intellectual Property,Trademark Infringement
CASE-000640,Employment & Labour,Wrongful Termination
CASE-000641,Data Privacy,Personal Data Misuse / Privacy Petition
CASE-000642,Contract & Agreement,Breach of Contract / Specific Performance
CASE-000643,Employment & Labour,Wrongful Termination
CASE-000644,Banking & Finance,Loan Recovery / Cheque Dishonour
CASE-000645,Arbitration,Arbitral Award Challenge
CASE-000646,Insolvency & Bankruptcy,Corporate Insolvency Resolution
CASE-000647,Family & Succession,Inheritance / Probate
CASE-000648,Human Rights & PIL,Public Interest Litigation
CASE-000649,Arbitration,Arbitral Award Challenge
CASE-000650,Education Law,Student Admission / Examination Dispute
CASE-000651,Family & Succession,Inheritance / Probate
CASE-000652,Constitutional Law,Writ / Fundamental Rights Petition
CASE-000653,Insolvency & Bankruptcy,Corporate Insolvency Resolution
CASE-000654,White Collar Crime,Money Laundering / Corruption Case
CASE-000655,Criminal Law,Criminal Trial
CASE-000656,Constitutional Law,Writ / Fundamental Rights Petition
CASE-000657,Divorce & Matrimonial,Divorce Petition
CASE-000658,Administrative Law,Administrative Order Challenge
CASE-000659,Contract & Agreement,Breach of Contract / Specific Performance
CASE-000660,Divorce & Matrimonial,Divorce Petition
CASE-000661,Intellectual Property,Trademark Infringement
CASE-000662,Child Protection,POCSO / Child Protection Proceeding
CASE-000663,Administrative Law,Administrative Order Challenge
CASE-000664,Divorce & Matrimonial,Divorce Petition
CASE-000665,Environmental Law,Environmental Clearance Challenge
CASE-000666,Banking & Finance,Loan Recovery / Cheque Dishonour
CASE-000667,Medical Negligence,Medical Negligence Complaint
CASE-000668,Tax & GST,GST / Tax Assessment Appeal
CASE-000669,Property & Land,Property / Partition Suit
CASE-000670,Data Privacy,Personal Data Misuse / Privacy Petition
CASE-000671,Banking & Finance,Loan Recovery / Cheque Dishonour
CASE-000672,Property & Land,Property / Partition Suit
CASE-000673,Intellectual Property,Trademark Infringement
CASE-000674,Insolvency & Bankruptcy,Corporate Insolvency Resolution
CASE-000675,Child Protection,POCSO / Child Protection Proceeding
CASE-000676,Tax & GST,GST / Tax Assessment Appeal
CASE-000677,Immigration & Citizenship,Citizenship / Passport Matter
CASE-000678,Human Rights & PIL,Public Interest Litigation
CASE-000679,Motor Accident Claims,Motor Accident Compensation Claim
CASE-000680,Criminal Law,Criminal Trial
CASE-000681,Child Protection,POCSO / Child Protection Proceeding
CASE-000682,Arbitration,Arbitral Award Challenge
CASE-000683,Insolvency & Bankruptcy,Corporate Insolvency Resolution
CASE-000684,Motor Accident Claims,Motor Accident Compensation Claim
CASE-000685,Education Law,Student Admission / Examination Dispute
CASE-000686,Contract & Agreement,Breach of Contract / Specific Performance
CASE-000687,Corporate & Commercial,Commercial Contract Dispute
CASE-000688,Human Rights & PIL,Public Interest Litigation
CASE-000689,Administrative Law,Administrative Order Challenge
CASE-000690,Property & Land,Property / Partition Suit
CASE-000691,Real Estate & Housing,Builder-Buyer / RERA Dispute
CASE-000692,Cybercrime & IT,Online Fraud / Cybercrime
CASE-000693,Environmental Law,Environmental Clearance Challenge
CASE-000694,Banking & Finance,Loan Recovery / Cheque Dishonour
CASE-000695,Human Rights & PIL,Public Interest Litigation
CASE-000696,Family & Succession,Inheritance / Probate
CASE-000697,White Collar Crime,Money Laundering / Corruption Case
CASE-000698,Constitutional Law,Writ / Fundamental Rights Petition
CASE-000699,Arbitration,Arbitral Award Challenge
CASE-000700,Administrative Law,Administrative Order Challenge
CASE-000701,Real Estate & Housing,Builder-Buyer / RERA Dispute
CASE-000702,Child Protection,POCSO / Child Protection Proceeding
CASE-000703,Immigration & Citizenship,Citizenship / Passport Matter
CASE-000704,Contract & Agreement,Breach of Contract / Specific Performance
CASE-000705,Contract & Agreement,Breach of Contract / Specific Performance
CASE-000706,Immigration & Citizenship,Citizenship / Passport Matter
CASE-000707,Corporate & Commercial,Commercial Contract Dispute
CASE-000708,Medical Negligence,Medical Negligence Complaint
CASE-000709,Real Estate & Housing,Builder-Buyer / RERA Dispute
CASE-000710,Child Protection,POCSO / Child Protection Proceeding
CASE-000711,Media & Defamation,Defamation Suit
CASE-000712,Banking & Finance,Loan Recovery / Cheque Dishonour
CASE-000713,Property & Land,Property / Partition Suit
CASE-000714,Constitutional Law,Writ / Fundamental Rights Petition
CASE-000715,Real Estate & Housing,Builder-Buyer / RERA Dispute
CASE-000716,Child Protection,POCSO / Child Protection Proceeding
CASE-000717,Environmental Law,Environmental Clearance Challenge
CASE-000718,Intellectual Property,Trademark Infringement
CASE-000719,Environmental Law,Environmental Clearance Challenge
CASE-000720,Administrative Law,Administrative Order Challenge
CASE-000721,Media & Defamation,Defamation Suit
CASE-000722,Employment & Labour,Wrongful Termination
CASE-000723,Criminal Law,Criminal Trial
CASE-000724,Employment & Labour,Wrongful Termination
CASE-000725,Education Law,Student Admission / Examination Dispute
CASE-000726,Tax & GST,GST / Tax Assessment Appeal
CASE-000727,Contract & Agreement,Breach of Contract / Specific Performance
CASE-000728,Arbitration,Arbitral Award Challenge
CASE-000729,Family & Succession,Inheritance / Probate
CASE-000730,Immigration & Citizenship,Citizenship / Passport Matter
CASE-000731,White Collar Crime,Money Laundering / Corruption Case
CASE-000732,Property & Land,Property / Partition Suit
CASE-000733,Medical Negligence,Medical Negligence Complaint
CASE-000734,Family & Succession,Inheritance / Probate
CASE-000735,White Collar Crime,Money Laundering / Corruption Case
CASE-000736,Education Law,Student Admission / Examination Dispute
CASE-000737,Administrative Law,Administrative Order Challenge
CASE-000738,Constitutional Law,Writ / Fundamental Rights Petition
CASE-000739,Intellectual Property,Trademark Infringement
CASE-000740,Insolvency & Bankruptcy,Corporate Insolvency Resolution
CASE-000741,Employment & Labour,Wrongful Termination
CASE-000742,Banking & Finance,Loan Recovery / Cheque Dishonour
CASE-000743,Administrative Law,Administrative Order Challenge
CASE-000744,Employment & Labour,Wrongful Termination
CASE-000745,Family & Succession,Inheritance / Probate
CASE-000746,Arbitration,Arbitral Award Challenge
CASE-000747,Education Law,Student Admission / Examination Dispute
CASE-000748,Consumer Protection,Deficiency in Service Complaint
CASE-000749,Human Rights & PIL,Public Interest Litigation
CASE-000750,Administrative Law,Administrative Order Challenge
CASE-000751,Corporate & Commercial,Commercial Contract Dispute
CASE-000752,Cybercrime & IT,Online Fraud / Cybercrime
CASE-000753,Insolvency & Bankruptcy,Corporate Insolvency Resolution
CASE-000754,Criminal Law,Criminal Trial
CASE-000755,Constitutional Law,Writ / Fundamental Rights Petition
CASE-000756,Human Rights & PIL,Public Interest Litigation
CASE-000757,Corporate & Commercial,Commercial Contract Dispute
CASE-000758,Administrative Law,Administrative Order Challenge
CASE-000759,Divorce & Matrimonial,Divorce Petition
CASE-000760,Constitutional Law,Writ / Fundamental Rights Petition
CASE-000761,Education Law,Student Admission / Examination Dispute
CASE-000762,Real Estate & Housing,Builder-Buyer / RERA Dispute
CASE-000763,Immigration & Citizenship,Citizenship / Passport Matter
CASE-000764,Divorce & Matrimonial,Divorce Petition
CASE-000765,Immigration & Citizenship,Citizenship / Passport Matter
CASE-000766,Property & Land,Property / Partition Suit
CASE-000767,Motor Accident Claims,Motor Accident Compensation Claim
CASE-000768,Property & Land,Property / Partition Suit
CASE-000769,Motor Accident Claims,Motor Accident Compensation Claim
CASE-000770,Media & Defamation,Defamation Suit
CASE-000771,Education Law,Student Admission / Examination Dispute
CASE-000772,Environmental Law,Environmental Clearance Challenge
CASE-000773,Arbitration,Arbitral Award Challenge
CASE-000774,Data Privacy,Personal Data Misuse / Privacy Petition
CASE-000775,Contract & Agreement,Breach of Contract / Specific Performance
CASE-000776,Immigration & Citizenship,Citizenship / Passport Matter
CASE-000777,Family & Succession,Inheritance / Probate
CASE-000778,Divorce & Matrimonial,Divorce Petition
CASE-000779,Contract & Agreement,Breach of Contract / Specific Performance
CASE-000780,Constitutional Law,Writ / Fundamental Rights Petition
CASE-000781,Tax & GST,GST / Tax Assessment Appeal
CASE-000782,Medical Negligence,Medical Negligence Complaint
CASE-000783,Constitutional Law,Writ / Fundamental Rights Petition
CASE-000784,Corporate & Commercial,Commercial Contract Dispute
CASE-000785,Real Estate & Housing,Builder-Buyer / RERA Dispute
CASE-000786,Medical Negligence,Medical Negligence Complaint
CASE-000787,Consumer Protection,Deficiency in Service Complaint
CASE-000788,Real Estate & Housing,Builder-Buyer / RERA Dispute
CASE-000789,Data Privacy,Personal Data Misuse / Privacy Petition
CASE-000790,Constitutional Law,Writ / Fundamental Rights Petition
CASE-000791,Criminal Law,Criminal Trial
CASE-000792,Environmental Law,Environmental Clearance Challenge
CASE-000793,Media & Defamation,Defamation Suit
CASE-000794,Insolvency & Bankruptcy,Corporate Insolvency Resolution
CASE-000795,Cybercrime & IT,Online Fraud / Cybercrime
CASE-000796,Divorce & Matrimonial,Divorce Petition
CASE-000797,Child Protection,POCSO / Child Protection Proceeding
CASE-000798,Property & Land,Property / Partition Suit
CASE-000799,Consumer Protection,Deficiency in Service Complaint
CASE-000800,Banking & Finance,Loan Recovery / Cheque Dishonour
CASE-000801,Immigration & Citizenship,Citizenship / Passport Matter
CASE-000802,Medical Negligence,Medical Negligence Complaint
CASE-000803,Contract & Agreement,Breach of Contract / Specific Performance
CASE-000804,Media & Defamation,Defamation Suit
CASE-000805,Data Privacy,Personal Data Misuse / Privacy Petition
CASE-000806,Consumer Protection,Deficiency in Service Complaint
CASE-000807,Banking & Finance,Loan Recovery / Cheque Dishonour
CASE-000808,Education Law,Student Admission / Examination Dispute
CASE-000809,Medical Negligence,Medical Negligence Complaint
CASE-000810,Intellectual Property,Trademark Infringement
CASE-000811,Corporate & Commercial,Commercial Contract Dispute
CASE-000812,Arbitration,Arbitral Award Challenge
CASE-000813,Employment & Labour,Wrongful Termination
CASE-000814,Contract & Agreement,Breach of Contract / Specific Performance
CASE-000815,Motor Accident Claims,Motor Accident Compensation Claim
CASE-000816,Real Estate & Housing,Builder-Buyer / RERA Dispute
CASE-000817,Tax & GST,GST / Tax Assessment Appeal
CASE-000818,Child Protection,POCSO / Child Protection Proceeding
CASE-000819,Divorce & Matrimonial,Divorce Petition
CASE-000820,Corporate & Commercial,Commercial Contract Dispute
CASE-000821,Banking & Finance,Loan Recovery / Cheque Dishonour
CASE-000822,Consumer Protection,Deficiency in Service Complaint
CASE-000823,Banking & Finance,Loan Recovery / Cheque Dishonour
CASE-000824,Banking & Finance,Loan Recovery / Cheque Dishonour
CASE-000825,Consumer Protection,Deficiency in Service Complaint
CASE-000826,Criminal Law,Criminal Trial
CASE-000827,Consumer Protection,Deficiency in Service Complaint
CASE-000828,Contract & Agreement,Breach of Contract / Specific Performance
CASE-000829,Property & Land,Property / Partition Suit
CASE-000830,Environmental Law,Environmental Clearance Challenge
CASE-000831,Data Privacy,Personal Data Misuse / Privacy Petition
CASE-000832,Immigration & Citizenship,Citizenship / Passport Matter
CASE-000833,Contract & Agreement,Breach of Contract / Specific Performance
CASE-000834,Arbitration,Arbitral Award Challenge
CASE-000835,Education Law,Student Admission / Examination Dispute
CASE-000836,Property & Land,Property / Partition Suit
CASE-000837,Consumer Protection,Deficiency in Service Complaint
CASE-000838,Criminal Law,Criminal Trial
CASE-000839,Environmental Law,Environmental Clearance Challenge
CASE-000840,Contract & Agreement,Breach of Contract / Specific Performance
CASE-000841,Insolvency & Bankruptcy,Corporate Insolvency Resolution
CASE-000842,Consumer Protection,Deficiency in Service Complaint
CASE-000843,Insolvency & Bankruptcy,Corporate Insolvency Resolution
CASE-000844,Banking & Finance,Loan Recovery / Cheque Dishonour
CASE-000845,Real Estate & Housing,Builder-Buyer / RERA Dispute
CASE-000846,Banking & Finance,Loan Recovery / Cheque Dishonour
CASE-000847,Property & Land,Property / Partition Suit
CASE-000848,Education Law,Student Admission / Examination Dispute
CASE-000849,Education Law,Student Admission / Examination Dispute
CASE-000850,Cybercrime & IT,Online Fraud / Cybercrime
CASE-000851,Intellectual Property,Trademark Infringement
CASE-000852,Administrative Law,Administrative Order Challenge
CASE-000853,Immigration & Citizenship,Citizenship / Passport Matter
CASE-000854,Insolvency & Bankruptcy,Corporate Insolvency Resolution
CASE-000855,Child Protection,POCSO / Child Protection Proceeding
CASE-000856,Human Rights & PIL,Public Interest Litigation
CASE-000857,Banking & Finance,Loan Recovery / Cheque Dishonour
CASE-000858,Consumer Protection,Deficiency in Service Complaint
CASE-000859,Intellectual Property,Trademark Infringement
CASE-000860,Family & Succession,Inheritance / Probate
CASE-000861,Divorce & Matrimonial,Divorce Petition
CASE-000862,Child Protection,POCSO / Child Protection Proceeding
CASE-000863,Human Rights & PIL,Public Interest Litigation
CASE-000864,Consumer Protection,Deficiency in Service Complaint
CASE-000865,Divorce & Matrimonial,Divorce Petition
CASE-000866,Human Rights & PIL,Public Interest Litigation
CASE-000867,Consumer Protection,Deficiency in Service Complaint
CASE-000868,Media & Defamation,Defamation Suit
CASE-000869,Immigration & Citizenship,Citizenship / Passport Matter
CASE-000870,Cybercrime & IT,Online Fraud / Cybercrime
CASE-000871,Property & Land,Property / Partition Suit
CASE-000872,Arbitration,Arbitral Award Challenge
CASE-000873,Child Protection,POCSO / Child Protection Proceeding
CASE-000874,Education Law,Student Admission / Examination Dispute
CASE-000875,Administrative Law,Administrative Order Challenge
CASE-000876,Child Protection,POCSO / Child Protection Proceeding
CASE-000877,Divorce & Matrimonial,Divorce Petition
CASE-000878,Corporate & Commercial,Commercial Contract Dispute
CASE-000879,Human Rights & PIL,Public Interest Litigation
CASE-000880,Medical Negligence,Medical Negligence Complaint
CASE-000881,Insolvency & Bankruptcy,Corporate Insolvency Resolution
CASE-000882,Banking & Finance,Loan Recovery / Cheque Dishonour
CASE-000883,Cybercrime & IT,Online Fraud / Cybercrime
CASE-000884,Intellectual Property,Trademark Infringement
CASE-000885,Divorce & Matrimonial,Divorce Petition
CASE-000886,Constitutional Law,Writ / Fundamental Rights Petition
CASE-000887,Intellectual Property,Trademark Infringement
CASE-000888,Contract & Agreement,Breach of Contract / Specific Performance
CASE-000889,Consumer Protection,Deficiency in Service Complaint
CASE-000890,Insolvency & Bankruptcy,Corporate Insolvency Resolution
CASE-000891,Child Protection,POCSO / Child Protection Proceeding
CASE-000892,Consumer Protection,Deficiency in Service Complaint
CASE-000893,Family & Succession,Inheritance / Probate
CASE-000894,Tax & GST,GST / Tax Assessment Appeal
CASE-000895,Intellectual Property,Trademark Infringement
CASE-000896,Motor Accident Claims,Motor Accident Compensation Claim
CASE-000897,Media & Defamation,Defamation Suit
CASE-000898,Motor Accident Claims,Motor Accident Compensation Claim
CASE-000899,Environmental Law,Environmental Clearance Challenge
CASE-000900,Environmental Law,Environmental Clearance Challenge
CASE-000901,Education Law,Student Admission / Examination Dispute
CASE-000902,Arbitration,Arbitral Award Challenge
CASE-000903,Media & Defamation,Defamation Suit
CASE-000904,Real Estate & Housing,Builder-Buyer / RERA Dispute
CASE-000905,Media & Defamation,Defamation Suit
CASE-000906,Real Estate & Housing,Builder-Buyer / RERA Dispute
CASE-000907,Insolvency & Bankruptcy,Corporate Insolvency Resolution
CASE-000908,Tax & GST,GST / Tax Assessment Appeal
CASE-000909,Media & Defamation,Defamation Suit
CASE-000910,Environmental Law,Environmental Clearance Challenge
CASE-000911,Divorce & Matrimonial,Divorce Petition
CASE-000912,Environmental Law,Environmental Clearance Challenge
CASE-000913,Banking & Finance,Loan Recovery / Cheque Dishonour
CASE-000914,Arbitration,Arbitral Award Challenge
CASE-000915,Administrative Law,Administrative Order Challenge
CASE-000916,Divorce & Matrimonial,Divorce Petition
CASE-000917,Medical Negligence,Medical Negligence Complaint
CASE-000918,Human Rights & PIL,Public Interest Litigation
CASE-000919,Education Law,Student Admission / Examination Dispute
CASE-000920,Contract & Agreement,Breach of Contract / Specific Performance
CASE-000921,Divorce & Matrimonial,Divorce Petition
CASE-000922,Child Protection,POCSO / Child Protection Proceeding
CASE-000923,Education Law,Student Admission / Examination Dispute
CASE-000924,Education Law,Student Admission / Examination Dispute
CASE-000925,Cybercrime & IT,Online Fraud / Cybercrime
CASE-000926,Data Privacy,Personal Data Misuse / Privacy Petition
CASE-000927,Motor Accident Claims,Motor Accident Compensation Claim
CASE-000928,Consumer Protection,Deficiency in Service Complaint
CASE-000929,Consumer Protection,Deficiency in Service Complaint
CASE-000930,Contract & Agreement,Breach of Contract / Specific Performance
CASE-000931,Motor Accident Claims,Motor Accident Compensation Claim
CASE-000932,Tax & GST,GST / Tax Assessment Appeal
CASE-000933,Constitutional Law,Writ / Fundamental Rights Petition
CASE-000934,Cybercrime & IT,Online Fraud / Cybercrime
CASE-000935,Tax & GST,GST / Tax Assessment Appeal
CASE-000936,Family & Succession,Inheritance / Probate
CASE-000937,Constitutional Law,Writ / Fundamental Rights Petition
CASE-000938,Family & Succession,Inheritance / Probate
CASE-000939,Medical Negligence,Medical Negligence Complaint
CASE-000940,Education Law,Student Admission / Examination Dispute
CASE-000941,Divorce & Matrimonial,Divorce Petition
CASE-000942,Data Privacy,Personal Data Misuse / Privacy Petition
CASE-000943,Intellectual Property,Trademark Infringement
CASE-000944,Insolvency & Bankruptcy,Corporate Insolvency Resolution
CASE-000945,Tax & GST,GST / Tax Assessment Appeal
CASE-000946,Real Estate & Housing,Builder-Buyer / RERA Dispute
CASE-000947,Environmental Law,Environmental Clearance Challenge
CASE-000948,Media & Defamation,Defamation Suit
CASE-000949,Banking & Finance,Loan Recovery / Cheque Dishonour
CASE-000950,Constitutional Law,Writ / Fundamental Rights Petition
CASE-000951,Divorce & Matrimonial,Divorce Petition
CASE-000952,Environmental Law,Environmental Clearance Challenge
CASE-000953,Contract & Agreement,Breach of Contract / Specific Performance
CASE-000954,Real Estate & Housing,Builder-Buyer / RERA Dispute
CASE-000955,Insolvency & Bankruptcy,Corporate Insolvency Resolution
CASE-000956,Banking & Finance,Loan Recovery / Cheque Dishonour
CASE-000957,Environmental Law,Environmental Clearance Challenge
CASE-000958,Contract & Agreement,Breach of Contract / Specific Performance
CASE-000959,Administrative Law,Administrative Order Challenge
CASE-000960,Data Privacy,Personal Data Misuse / Privacy Petition
CASE-000961,Education Law,Student Admission / Examination Dispute
CASE-000962,Cybercrime & IT,Online Fraud / Cybercrime
CASE-000963,Employment & Labour,Wrongful Termination
CASE-000964,Contract & Agreement,Breach of Contract / Specific Performance
CASE-000965,Human Rights & PIL,Public Interest Litigation
CASE-000966,Motor Accident Claims,Motor Accident Compensation Claim
CASE-000967,Immigration & Citizenship,Citizenship / Passport Matter
CASE-000968,Insolvency & Bankruptcy,Corporate Insolvency Resolution
CASE-000969,Immigration & Citizenship,Citizenship / Passport Matter
CASE-000970,Corporate & Commercial,Commercial Contract Dispute
CASE-000971,Insolvency & Bankruptcy,Corporate Insolvency Resolution
CASE-000972,Human Rights & PIL,Public Interest Litigation
CASE-000973,Insolvency & Bankruptcy,Corporate Insolvency Resolution
CASE-000974,Motor Accident Claims,Motor Accident Compensation Claim
CASE-000975,Consumer Protection,Deficiency in Service Complaint
CASE-000976,Data Privacy,Personal Data Misuse / Privacy Petition
CASE-000977,White Collar Crime,Money Laundering / Corruption Case
CASE-000978,Employment & Labour,Wrongful Termination
CASE-000979,Administrative Law,Administrative Order Challenge
CASE-000980,Intellectual Property,Trademark Infringement
CASE-000981,Real Estate & Housing,Builder-Buyer / RERA Dispute
CASE-000982,Arbitration,Arbitral Award Challenge
CASE-000983,Motor Accident Claims,Motor Accident Compensation Claim
CASE-000984,Medical Negligence,Medical Negligence Complaint
CASE-000985,Property & Land,Property / Partition Suit
CASE-000986,Corporate & Commercial,Commercial Contract Dispute
CASE-000987,Data Privacy,Personal Data Misuse / Privacy Petition
CASE-000988,Education Law,Student Admission / Examination Dispute
CASE-000989,Divorce & Matrimonial,Divorce Petition
CASE-000990,Human Rights & PIL,Public Interest Litigation
CASE-000991,White Collar Crime,Money Laundering / Corruption Case
CASE-000992,Insolvency & Bankruptcy,Corporate Insolvency Resolution
CASE-000993,Administrative Law,Administrative Order Challenge
CASE-000994,Intellectual Property,Trademark Infringement
CASE-000995,Data Privacy,Personal Data Misuse / Privacy Petition
CASE-000996,Criminal Law,Criminal Trial
CASE-000997,Child Protection,POCSO / Child Protection Proceeding
CASE-000998,Criminal Law,Criminal Trial
CASE-000999,Insolvency & Bankruptcy,Corporate Insolvency Resolution
CASE-001000,Divorce & Matrimonial,Divorce Petition
CASE-001001,Insolvency & Bankruptcy,Corporate Insolvency Resolution
CASE-001002,Divorce & Matrimonial,Divorce Petition
CASE-001003,Education Law,Student Admission / Examination Dispute
CASE-001004,Medical Negligence,Medical Negligence Complaint
CASE-001005,Real Estate & Housing,Builder-Buyer / RERA Dispute
CASE-001006,Education Law,Student Admission / Examination Dispute
CASE-001007,Child Protection,POCSO / Child Protection Proceeding
CASE-001008,Criminal Law,Criminal Trial
CASE-001009,Divorce & Matrimonial,Divorce Petition
CASE-001010,Property & Land,Property / Partition Suit
CASE-001011,Cybercrime & IT,Online Fraud / Cybercrime
CASE-001012,Arbitration,Arbitral Award Challenge
CASE-001013,Cybercrime & IT,Online Fraud / Cybercrime
CASE-001014,Contract & Agreement,Breach of Contract / Specific Performance
CASE-001015,Immigration & Citizenship,Citizenship / Passport Matter
CASE-001016,Contract & Agreement,Breach of Contract / Specific Performance
CASE-001017,Property & Land,Property / Partition Suit
CASE-001018,Education Law,Student Admission / Examination Dispute
CASE-001019,Data Privacy,Personal Data Misuse / Privacy Petition
CASE-001020,Human Rights & PIL,Public Interest Litigation
CASE-001021,Consumer Protection,Deficiency in Service Complaint
CASE-001022,Insolvency & Bankruptcy,Corporate Insolvency Resolution
CASE-001023,Arbitration,Arbitral Award Challenge
CASE-001024,Arbitration,Arbitral Award Challenge
CASE-001025,Environmental Law,Environmental Clearance Challenge
CASE-001026,Tax & GST,GST / Tax Assessment Appeal
CASE-001027,White Collar Crime,Money Laundering / Corruption Case
CASE-001028,Constitutional Law,Writ / Fundamental Rights Petition
CASE-001029,Immigration & Citizenship,Citizenship / Passport Matter
CASE-001030,White Collar Crime,Money Laundering / Corruption Case
CASE-001031,Banking & Finance,Loan Recovery / Cheque Dishonour
CASE-001032,White Collar Crime,Money Laundering / Corruption Case
CASE-001033,Real Estate & Housing,Builder-Buyer / RERA Dispute
CASE-001034,Media & Defamation,Defamation Suit
CASE-001035,Contract & Agreement,Breach of Contract / Specific Performance
CASE-001036,Cybercrime & IT,Online Fraud / Cybercrime
CASE-001037,Administrative Law,Administrative Order Challenge
CASE-001038,Intellectual Property,Trademark Infringement
CASE-001039,Immigration & Citizenship,Citizenship / Passport Matter
CASE-001040,Environmental Law,Environmental Clearance Challenge
CASE-001041,Family & Succession,Inheritance / Probate
CASE-001042,Employment & Labour,Wrongful Termination
CASE-001043,Banking & Finance,Loan Recovery / Cheque Dishonour
CASE-001044,Property & Land,Property / Partition Suit
CASE-001045,Administrative Law,Administrative Order Challenge
CASE-001046,Child Protection,POCSO / Child Protection Proceeding
CASE-001047,Tax & GST,GST / Tax Assessment Appeal
CASE-001048,Arbitration,Arbitral Award Challenge
CASE-001049,Divorce & Matrimonial,Divorce Petition
CASE-001050,Constitutional Law,Writ / Fundamental Rights Petition
CASE-001051,Banking & Finance,Loan Recovery / Cheque Dishonour
CASE-001052,Insolvency & Bankruptcy,Corporate Insolvency Resolution
CASE-001053,Immigration & Citizenship,Citizenship / Passport Matter
CASE-001054,Consumer Protection,Deficiency in Service Complaint
CASE-001055,Employment & Labour,Wrongful Termination
CASE-001056,Cybercrime & IT,Online Fraud / Cybercrime
CASE-001057,Insolvency & Bankruptcy,Corporate Insolvency Resolution
CASE-001058,Constitutional Law,Writ / Fundamental Rights Petition
CASE-001059,Contract & Agreement,Breach of Contract / Specific Performance
CASE-001060,Human Rights & PIL,Public Interest Litigation
CASE-001061,Data Privacy,Personal Data Misuse / Privacy Petition
CASE-001062,Family & Succession,Inheritance / Probate
CASE-001063,Divorce & Matrimonial,Divorce Petition
CASE-001064,Human Rights & PIL,Public Interest Litigation
CASE-001065,Education Law,Student Admission / Examination Dispute
CASE-001066,Contract & Agreement,Breach of Contract / Specific Performance
CASE-001067,Employment & Labour,Wrongful Termination
CASE-001068,Education Law,Student Admission / Examination Dispute
CASE-001069,Banking & Finance,Loan Recovery / Cheque Dishonour
CASE-001070,Media & Defamation,Defamation Suit
CASE-001071,Medical Negligence,Medical Negligence Complaint
CASE-001072,Arbitration,Arbitral Award Challenge
CASE-001073,Tax & GST,GST / Tax Assessment Appeal
CASE-001074,Media & Defamation,Defamation Suit
CASE-001075,Administrative Law,Administrative Order Challenge
CASE-001076,White Collar Crime,Money Laundering / Corruption Case
CASE-001077,Human Rights & PIL,Public Interest Litigation
CASE-001078,Cybercrime & IT,Online Fraud / Cybercrime
CASE-001079,Family & Succession,Inheritance / Probate
CASE-001080,Tax & GST,GST / Tax Assessment Appeal
CASE-001081,Divorce & Matrimonial,Divorce Petition
CASE-001082,Arbitration,Arbitral Award Challenge
CASE-001083,Child Protection,POCSO / Child Protection Proceeding
CASE-001084,Tax & GST,GST / Tax Assessment Appeal
CASE-001085,Criminal Law,Criminal Trial
CASE-001086,Education Law,Student Admission / Examination Dispute
CASE-001087,Real Estate & Housing,Builder-Buyer / RERA Dispute
CASE-001088,Administrative Law,Administrative Order Challenge
CASE-001089,Motor Accident Claims,Motor Accident Compensation Claim
CASE-001090,Banking & Finance,Loan Recovery / Cheque Dishonour
CASE-001091,Employment & Labour,Wrongful Termination
CASE-001092,Cybercrime & IT,Online Fraud / Cybercrime
CASE-001093,Tax & GST,GST / Tax Assessment Appeal
CASE-001094,Medical Negligence,Medical Negligence Complaint
CASE-001095,Banking & Finance,Loan Recovery / Cheque Dishonour
CASE-001096,Intellectual Property,Trademark Infringement
CASE-001097,Education Law,Student Admission / Examination Dispute
CASE-001098,Administrative Law,Administrative Order Challenge
CASE-001099,Banking & Finance,Loan Recovery / Cheque Dishonour
CASE-001100,Tax & GST,GST / Tax Assessment Appeal
CASE-001101,Arbitration,Arbitral Award Challenge
CASE-001102,Insolvency & Bankruptcy,Corporate Insolvency Resolution
CASE-001103,Real Estate & Housing,Builder-Buyer / RERA Dispute
CASE-001104,Arbitration,Arbitral Award Challenge
CASE-001105,Medical Negligence,Medical Negligence Complaint
CASE-001106,Motor Accident Claims,Motor Accident Compensation Claim
CASE-001107,Media & Defamation,Defamation Suit
CASE-001108,Child Protection,POCSO / Child Protection Proceeding
CASE-001109,Constitutional Law,Writ / Fundamental Rights Petition
CASE-001110,Education Law,Student Admission / Examination Dispute
CASE-001111,Intellectual Property,Trademark Infringement
CASE-001112,Child Protection,POCSO / Child Protection Proceeding
CASE-001113,Property & Land,Property / Partition Suit
CASE-001114,Human Rights & PIL,Public Interest Litigation
CASE-001115,Property & Land,Property / Partition Suit
CASE-001116,Tax & GST,GST / Tax Assessment Appeal
CASE-001117,White Collar Crime,Money Laundering / Corruption Case
CASE-001118,Administrative Law,Administrative Order Challenge
CASE-001119,Constitutional Law,Writ / Fundamental Rights Petition
CASE-001120,Child Protection,POCSO / Child Protection Proceeding
CASE-001121,Education Law,Student Admission / Examination Dispute
CASE-001122,Tax & GST,GST / Tax Assessment Appeal
CASE-001123,Environmental Law,Environmental Clearance Challenge
CASE-001124,Constitutional Law,Writ / Fundamental Rights Petition
CASE-001125,Arbitration,Arbitral Award Challenge
CASE-001126,Media & Defamation,Defamation Suit
CASE-001127,Tax & GST,GST / Tax Assessment Appeal
CASE-001128,Motor Accident Claims,Motor Accident Compensation Claim
CASE-001129,Property & Land,Property / Partition Suit
CASE-001130,Immigration & Citizenship,Citizenship / Passport Matter
CASE-001131,White Collar Crime,Money Laundering / Corruption Case
CASE-001132,Tax & GST,GST / Tax Assessment Appeal
CASE-001133,Property & Land,Property / Partition Suit
CASE-001134,Family & Succession,Inheritance / Probate
CASE-001135,Contract & Agreement,Breach of Contract / Specific Performance
CASE-001136,Intellectual Property,Trademark Infringement
CASE-001137,Cybercrime & IT,Online Fraud / Cybercrime
CASE-001138,Real Estate & Housing,Builder-Buyer / RERA Dispute
CASE-001139,Arbitration,Arbitral Award Challenge
CASE-001140,Consumer Protection,Deficiency in Service Complaint
CASE-001141,Medical Negligence,Medical Negligence Complaint
CASE-001142,Cybercrime & IT,Online Fraud / Cybercrime
CASE-001143,Cybercrime & IT,Online Fraud / Cybercrime
CASE-001144,Insolvency & Bankruptcy,Corporate Insolvency Resolution
CASE-001145,Contract & Agreement,Breach of Contract / Specific Performance
CASE-001146,Education Law,Student Admission / Examination Dispute
CASE-001147,Contract & Agreement,Breach of Contract / Specific Performance
CASE-001148,Divorce & Matrimonial,Divorce Petition
CASE-001149,Insolvency & Bankruptcy,Corporate Insolvency Resolution
CASE-001150,Employment & Labour,Wrongful Termination
CASE-001151,Motor Accident Claims,Motor Accident Compensation Claim
CASE-001152,Employment & Labour,Wrongful Termination
CASE-001153,Family & Succession,Inheritance / Probate
CASE-001154,Environmental Law,Environmental Clearance Challenge
CASE-001155,Insolvency & Bankruptcy,Corporate Insolvency Resolution
CASE-001156,Human Rights & PIL,Public Interest Litigation
CASE-001157,Environmental Law,Environmental Clearance Challenge
CASE-001158,Divorce & Matrimonial,Divorce Petition
CASE-001159,Property & Land,Property / Partition Suit
CASE-001160,Administrative Law,Administrative Order Challenge
CASE-001161,Immigration & Citizenship,Citizenship / Passport Matter
CASE-001162,Environmental Law,Environmental Clearance Challenge
CASE-001163,Tax & GST,GST / Tax Assessment Appeal
CASE-001164,White Collar Crime,Money Laundering / Corruption Case
CASE-001165,Corporate & Commercial,Commercial Contract Dispute
CASE-001166,Intellectual Property,Trademark Infringement
CASE-001167,Property & Land,Property / Partition Suit
CASE-001168,Immigration & Citizenship,Citizenship / Passport Matter
CASE-001169,Family & Succession,Inheritance / Probate
CASE-001170,Employment & Labour,Wrongful Termination
CASE-001171,Medical Negligence,Medical Negligence Complaint
CASE-001172,Property & Land,Property / Partition Suit
CASE-001173,Banking & Finance,Loan Recovery / Cheque Dishonour
CASE-001174,Human Rights & PIL,Public Interest Litigation
CASE-001175,Administrative Law,Administrative Order Challenge
CASE-001176,Administrative Law,Administrative Order Challenge
CASE-001177,Intellectual Property,Trademark Infringement
CASE-001178,Administrative Law,Administrative Order Challenge
CASE-001179,Family & Succession,Inheritance / Probate
CASE-001180,Insolvency & Bankruptcy,Corporate Insolvency Resolution
CASE-001181,Motor Accident Claims,Motor Accident Compensation Claim
CASE-001182,Real Estate & Housing,Builder-Buyer / RERA Dispute
CASE-001183,Cybercrime & IT,Online Fraud / Cybercrime
CASE-001184,Constitutional Law,Writ / Fundamental Rights Petition
CASE-001185,Immigration & Citizenship,Citizenship / Passport Matter
CASE-001186,Environmental Law,Environmental Clearance Challenge
CASE-001187,Arbitration,Arbitral Award Challenge
CASE-001188,Environmental Law,Environmental Clearance Challenge
CASE-001189,Media & Defamation,Defamation Suit
CASE-001190,Insolvency & Bankruptcy,Corporate Insolvency Resolution
CASE-001191,Motor Accident Claims,Motor Accident Compensation Claim
CASE-001192,Contract & Agreement,Breach of Contract / Specific Performance
CASE-001193,Administrative Law,Administrative Order Challenge
CASE-001194,Child Protection,POCSO / Child Protection Proceeding
CASE-001195,Consumer Protection,Deficiency in Service Complaint
CASE-001196,Criminal Law,Criminal Trial
CASE-001197,Human Rights & PIL,Public Interest Litigation
CASE-001198,Constitutional Law,Writ / Fundamental Rights Petition
CASE-001199,Education Law,Student Admission / Examination Dispute
CASE-001200,White Collar Crime,Money Laundering / Corruption Case
CASE-001201,Immigration & Citizenship,Citizenship / Passport Matter
CASE-001202,Property & Land,Property / Partition Suit
CASE-001203,Property & Land,Property / Partition Suit
CASE-001204,Intellectual Property,Trademark Infringement
CASE-001205,Contract & Agreement,Breach of Contract / Specific Performance
CASE-001206,Administrative Law,Administrative Order Challenge
CASE-001207,Motor Accident Claims,Motor Accident Compensation Claim
CASE-001208,Property & Land,Property / Partition Suit
CASE-001209,Media & Defamation,Defamation Suit
CASE-001210,Contract & Agreement,Breach of Contract / Specific Performance
CASE-001211,Tax & GST,GST / Tax Assessment Appeal
CASE-001212,Administrative Law,Administrative Order Challenge
CASE-001213,Arbitration,Arbitral Award Challenge
CASE-001214,Tax & GST,GST / Tax Assessment Appeal
CASE-001215,Family & Succession,Inheritance / Probate
CASE-001216,Child Protection,POCSO / Child Protection Proceeding
CASE-001217,Family & Succession,Inheritance / Probate
CASE-001218,Arbitration,Arbitral Award Challenge
CASE-001219,Family & Succession,Inheritance / Probate
CASE-001220,Administrative Law,Administrative Order Challenge
CASE-001221,Medical Negligence,Medical Negligence Complaint
CASE-001222,Administrative Law,Administrative Order Challenge
CASE-001223,Consumer Protection,Deficiency in Service Complaint
CASE-001224,Tax & GST,GST / Tax Assessment Appeal
CASE-001225,Medical Negligence,Medical Negligence Complaint
CASE-001226,Employment & Labour,Wrongful Termination
CASE-001227,Immigration & Citizenship,Citizenship / Passport Matter
CASE-001228,Arbitration,Arbitral Award Challenge
CASE-001229,Corporate & Commercial,Commercial Contract Dispute
CASE-001230,Criminal Law,Criminal Trial
CASE-001231,Consumer Protection,Deficiency in Service Complaint
CASE-001232,Media & Defamation,Defamation Suit
CASE-001233,Real Estate & Housing,Builder-Buyer / RERA Dispute
CASE-001234,Tax & GST,GST / Tax Assessment Appeal
CASE-001235,Tax & GST,GST / Tax Assessment Appeal
CASE-001236,Contract & Agreement,Breach of Contract / Specific Performance
CASE-001237,Contract & Agreement,Breach of Contract / Specific Performance
CASE-001238,Media & Defamation,Defamation Suit
CASE-001239,Divorce & Matrimonial,Divorce Petition
CASE-001240,Constitutional Law,Writ / Fundamental Rights Petition
CASE-001241,Immigration & Citizenship,Citizenship / Passport Matter
CASE-001242,Cybercrime & IT,Online Fraud / Cybercrime
CASE-001243,Banking & Finance,Loan Recovery / Cheque Dishonour
CASE-001244,Medical Negligence,Medical Negligence Complaint
CASE-001245,Media & Defamation,Defamation Suit
CASE-001246,Criminal Law,Criminal Trial
CASE-001247,Employment & Labour,Wrongful Termination
CASE-001248,Employment & Labour,Wrongful Termination
CASE-001249,White Collar Crime,Money Laundering / Corruption Case
CASE-001250,Contract & Agreement,Breach of Contract / Specific Performance
CASE-001251,Medical Negligence,Medical Negligence Complaint
CASE-001252,Insolvency & Bankruptcy,Corporate Insolvency Resolution
CASE-001253,Employment & Labour,Wrongful Termination
CASE-001254,Education Law,Student Admission / Examination Dispute
CASE-001255,Intellectual Property,Trademark Infringement
CASE-001256,Corporate & Commercial,Commercial Contract Dispute
CASE-001257,Cybercrime & IT,Online Fraud / Cybercrime
CASE-001258,Corporate & Commercial,Commercial Contract Dispute
CASE-001259,Administrative Law,Administrative Order Challenge
CASE-001260,Contract & Agreement,Breach of Contract / Specific Performance
CASE-001261,Employment & Labour,Wrongful Termination
CASE-001262,Arbitration,Arbitral Award Challenge
CASE-001263,Insolvency & Bankruptcy,Corporate Insolvency Resolution
CASE-001264,Real Estate & Housing,Builder-Buyer / RERA Dispute
CASE-001265,Motor Accident Claims,Motor Accident Compensation Claim
CASE-001266,Environmental Law,Environmental Clearance Challenge
CASE-001267,Insolvency & Bankruptcy,Corporate Insolvency Resolution
CASE-001268,Banking & Finance,Loan Recovery / Cheque Dishonour
CASE-001269,White Collar Crime,Money Laundering / Corruption Case
CASE-001270,Banking & Finance,Loan Recovery / Cheque Dishonour
CASE-001271,Consumer Protection,Deficiency in Service Complaint
CASE-001272,Motor Accident Claims,Motor Accident Compensation Claim
CASE-001273,Constitutional Law,Writ / Fundamental Rights Petition
CASE-001274,Immigration & Citizenship,Citizenship / Passport Matter
CASE-001275,Insolvency & Bankruptcy,Corporate Insolvency Resolution
CASE-001276,Criminal Law,Criminal Trial
CASE-001277,Human Rights & PIL,Public Interest Litigation
CASE-001278,Banking & Finance,Loan Recovery / Cheque Dishonour
CASE-001279,Banking & Finance,Loan Recovery / Cheque Dishonour
CASE-001280,Medical Negligence,Medical Negligence Complaint
CASE-001281,Family & Succession,Inheritance / Probate
CASE-001282,Environmental Law,Environmental Clearance Challenge
CASE-001283,Tax & GST,GST / Tax Assessment Appeal
CASE-001284,Motor Accident Claims,Motor Accident Compensation Claim
CASE-001285,Constitutional Law,Writ / Fundamental Rights Petition
CASE-001286,Media & Defamation,Defamation Suit
CASE-001287,Administrative Law,Administrative Order Challenge
CASE-001288,Human Rights & PIL,Public Interest Litigation
CASE-001289,Motor Accident Claims,Motor Accident Compensation Claim
CASE-001290,Insolvency & Bankruptcy,Corporate Insolvency Resolution
CASE-001291,White Collar Crime,Money Laundering / Corruption Case
CASE-001292,Employment & Labour,Wrongful Termination
CASE-001293,Criminal Law,Criminal Trial
CASE-001294,Banking & Finance,Loan Recovery / Cheque Dishonour
CASE-001295,Property & Land,Property / Partition Suit
CASE-001296,Medical Negligence,Medical Negligence Complaint
CASE-001297,Human Rights & PIL,Public Interest Litigation
CASE-001298,Property & Land,Property / Partition Suit
CASE-001299,White Collar Crime,Money Laundering / Corruption Case
CASE-001300,Property & Land,Property / Partition Suit
CASE-001301,Arbitration,Arbitral Award Challenge
CASE-001302,Banking & Finance,Loan Recovery / Cheque Dishonour
CASE-001303,Constitutional Law,Writ / Fundamental Rights Petition
CASE-001304,Divorce & Matrimonial,Divorce Petition
CASE-001305,Real Estate & Housing,Builder-Buyer / RERA Dispute
CASE-001306,Employment & Labour,Wrongful Termination
CASE-001307,Tax & GST,GST / Tax Assessment Appeal
CASE-001308,Constitutional Law,Writ / Fundamental Rights Petition
CASE-001309,Arbitration,Arbitral Award Challenge
CASE-001310,Banking & Finance,Loan Recovery / Cheque Dishonour
CASE-001311,Media & Defamation,Defamation Suit
CASE-001312,Corporate & Commercial,Commercial Contract Dispute
CASE-001313,Intellectual Property,Trademark Infringement
CASE-001314,Criminal Law,Criminal Trial
CASE-001315,White Collar Crime,Money Laundering / Corruption Case
CASE-001316,Arbitration,Arbitral Award Challenge
CASE-001317,Criminal Law,Criminal Trial
CASE-001318,Human Rights & PIL,Public Interest Litigation
CASE-001319,Immigration & Citizenship,Citizenship / Passport Matter
CASE-001320,Real Estate & Housing,Builder-Buyer / RERA Dispute
CASE-001321,White Collar Crime,Money Laundering / Corruption Case
CASE-001322,Immigration & Citizenship,Citizenship / Passport Matter
CASE-001323,Divorce & Matrimonial,Divorce Petition
CASE-001324,Tax & GST,GST / Tax Assessment Appeal
CASE-001325,Data Privacy,Personal Data Misuse / Privacy Petition
CASE-001326,Administrative Law,Administrative Order Challenge
CASE-001327,Intellectual Property,Trademark Infringement
CASE-001328,Consumer Protection,Deficiency in Service Complaint
CASE-001329,White Collar Crime,Money Laundering / Corruption Case
CASE-001330,Real Estate & Housing,Builder-Buyer / RERA Dispute
CASE-001331,Human Rights & PIL,Public Interest Litigation
CASE-001332,Banking & Finance,Loan Recovery / Cheque Dishonour
CASE-001333,Contract & Agreement,Breach of Contract / Specific Performance
CASE-001334,Immigration & Citizenship,Citizenship / Passport Matter
CASE-001335,White Collar Crime,Money Laundering / Corruption Case
CASE-001336,Consumer Protection,Deficiency in Service Complaint
CASE-001337,Medical Negligence,Medical Negligence Complaint
CASE-001338,Corporate & Commercial,Commercial Contract Dispute
CASE-001339,Contract & Agreement,Breach of Contract / Specific Performance
CASE-001340,Constitutional Law,Writ / Fundamental Rights Petition
CASE-001341,Divorce & Matrimonial,Divorce Petition
CASE-001342,Contract & Agreement,Breach of Contract / Specific Performance
CASE-001343,Media & Defamation,Defamation Suit
CASE-001344,Arbitration,Arbitral Award Challenge
CASE-001345,Education Law,Student Admission / Examination Dispute
CASE-001346,Consumer Protection,Deficiency in Service Complaint
CASE-001347,Human Rights & PIL,Public Interest Litigation
CASE-001348,Child Protection,POCSO / Child Protection Proceeding
CASE-001349,Employment & Labour,Wrongful Termination
CASE-001350,Immigration & Citizenship,Citizenship / Passport Matter
CASE-001351,Tax & GST,GST / Tax Assessment Appeal
CASE-001352,Media & Defamation,Defamation Suit
CASE-001353,Medical Negligence,Medical Negligence Complaint
CASE-001354,Corporate & Commercial,Commercial Contract Dispute
CASE-001355,Family & Succession,Inheritance / Probate
CASE-001356,Immigration & Citizenship,Citizenship / Passport Matter
CASE-001357,Family & Succession,Inheritance / Probate
CASE-001358,Arbitration,Arbitral Award Challenge
CASE-001359,Real Estate & Housing,Builder-Buyer / RERA Dispute
CASE-001360,Intellectual Property,Trademark Infringement
CASE-001361,Insolvency & Bankruptcy,Corporate Insolvency Resolution
CASE-001362,Banking & Finance,Loan Recovery / Cheque Dishonour
CASE-001363,Family & Succession,Inheritance / Probate
CASE-001364,White Collar Crime,Money Laundering / Corruption Case
CASE-001365,Child Protection,POCSO / Child Protection Proceeding
CASE-001366,Data Privacy,Personal Data Misuse / Privacy Petition
CASE-001367,Consumer Protection,Deficiency in Service Complaint
CASE-001368,Cybercrime & IT,Online Fraud / Cybercrime
CASE-001369,Constitutional Law,Writ / Fundamental Rights Petition
CASE-001370,Environmental Law,Environmental Clearance Challenge
CASE-001371,Data Privacy,Personal Data Misuse / Privacy Petition
CASE-001372,Tax & GST,GST / Tax Assessment Appeal
CASE-001373,Contract & Agreement,Breach of Contract / Specific Performance
CASE-001374,Administrative Law,Administrative Order Challenge
CASE-001375,Media & Defamation,Defamation Suit
CASE-001376,Banking & Finance,Loan Recovery / Cheque Dishonour
CASE-001377,Corporate & Commercial,Commercial Contract Dispute
CASE-001378,Immigration & Citizenship,Citizenship / Passport Matter
CASE-001379,Administrative Law,Administrative Order Challenge
CASE-001380,Tax & GST,GST / Tax Assessment Appeal
CASE-001381,Banking & Finance,Loan Recovery / Cheque Dishonour
CASE-001382,Immigration & Citizenship,Citizenship / Passport Matter
CASE-001383,Family & Succession,Inheritance / Probate
CASE-001384,Employment & Labour,Wrongful Termination
CASE-001385,Criminal Law,Criminal Trial
CASE-001386,Employment & Labour,Wrongful Termination
CASE-001387,Education Law,Student Admission / Examination Dispute
CASE-001388,Immigration & Citizenship,Citizenship / Passport Matter
CASE-001389,Tax & GST,GST / Tax Assessment Appeal
CASE-001390,Motor Accident Claims,Motor Accident Compensation Claim
CASE-001391,White Collar Crime,Money Laundering / Corruption Case
CASE-001392,Arbitration,Arbitral Award Challenge
CASE-001393,Human Rights & PIL,Public Interest Litigation
CASE-001394,Contract & Agreement,Breach of Contract / Specific Performance
CASE-001395,Immigration & Citizenship,Citizenship / Passport Matter
CASE-001396,Contract & Agreement,Breach of Contract / Specific Performance
CASE-001397,Consumer Protection,Deficiency in Service Complaint
CASE-001398,Constitutional Law,Writ / Fundamental Rights Petition
CASE-001399,Education Law,Student Admission / Examination Dispute
CASE-001400,Property & Land,Property / Partition Suit
CASE-001401,Medical Negligence,Medical Negligence Complaint
CASE-001402,Human Rights & PIL,Public Interest Litigation
CASE-001403,Property & Land,Property / Partition Suit
CASE-001404,Human Rights & PIL,Public Interest Litigation
CASE-001405,Criminal Law,Criminal Trial
CASE-001406,Media & Defamation,Defamation Suit
CASE-001407,Employment & Labour,Wrongful Termination
CASE-001408,Arbitration,Arbitral Award Challenge
CASE-001409,Employment & Labour,Wrongful Termination
CASE-001410,Environmental Law,Environmental Clearance Challenge
CASE-001411,Child Protection,POCSO / Child Protection Proceeding
CASE-001412,Arbitration,Arbitral Award Challenge
CASE-001413,Tax & GST,GST / Tax Assessment Appeal
CASE-001414,Intellectual Property,Trademark Infringement
CASE-001415,Administrative Law,Administrative Order Challenge
CASE-001416,Employment & Labour,Wrongful Termination
CASE-001417,Media & Defamation,Defamation Suit
CASE-001418,Immigration & Citizenship,Citizenship / Passport Matter
CASE-001419,Tax & GST,GST / Tax Assessment Appeal
CASE-001420,Motor Accident Claims,Motor Accident Compensation Claim
CASE-001421,Insolvency & Bankruptcy,Corporate Insolvency Resolution
CASE-001422,Data Privacy,Personal Data Misuse / Privacy Petition
CASE-001423,Child Protection,POCSO / Child Protection Proceeding
CASE-001424,Data Privacy,Personal Data Misuse / Privacy Petition
CASE-001425,Human Rights & PIL,Public Interest Litigation
CASE-001426,Corporate & Commercial,Commercial Contract Dispute
CASE-001427,Cybercrime & IT,Online Fraud / Cybercrime
CASE-001428,Insolvency & Bankruptcy,Corporate Insolvency Resolution
CASE-001429,Environmental Law,Environmental Clearance Challenge
CASE-001430,Criminal Law,Criminal Trial
CASE-001431,White Collar Crime,Money Laundering / Corruption Case
CASE-001432,Intellectual Property,Trademark Infringement
CASE-001433,Insolvency & Bankruptcy,Corporate Insolvency Resolution
CASE-001434,Real Estate & Housing,Builder-Buyer / RERA Dispute
CASE-001435,Tax & GST,GST / Tax Assessment Appeal
CASE-001436,Insolvency & Bankruptcy,Corporate Insolvency Resolution
CASE-001437,Family & Succession,Inheritance / Probate
CASE-001438,Criminal Law,Criminal Trial
CASE-001439,Property & Land,Property / Partition Suit
CASE-001440,Cybercrime & IT,Online Fraud / Cybercrime
CASE-001441,Property & Land,Property / Partition Suit
CASE-001442,Employment & Labour,Wrongful Termination
CASE-001443,Intellectual Property,Trademark Infringement
CASE-001444,Media & Defamation,Defamation Suit
CASE-001445,Contract & Agreement,Breach of Contract / Specific Performance
CASE-001446,Education Law,Student Admission / Examination Dispute
CASE-001447,Motor Accident Claims,Motor Accident Compensation Claim
CASE-001448,Education Law,Student Admission / Examination Dispute
CASE-001449,Insolvency & Bankruptcy,Corporate Insolvency Resolution
CASE-001450,Divorce & Matrimonial,Divorce Petition
CASE-001451,Insolvency & Bankruptcy,Corporate Insolvency Resolution
CASE-001452,Intellectual Property,Trademark Infringement
CASE-001453,Employment & Labour,Wrongful Termination
CASE-001454,Banking & Finance,Loan Recovery / Cheque Dishonour
CASE-001455,Arbitration,Arbitral Award Challenge
CASE-001456,Consumer Protection,Deficiency in Service Complaint
CASE-001457,Administrative Law,Administrative Order Challenge
CASE-001458,Contract & Agreement,Breach of Contract / Specific Performance
CASE-001459,Human Rights & PIL,Public Interest Litigation
CASE-001460,Property & Land,Property / Partition Suit
CASE-001461,Medical Negligence,Medical Negligence Complaint
CASE-001462,Insolvency & Bankruptcy,Corporate Insolvency Resolution
CASE-001463,Environmental Law,Environmental Clearance Challenge
CASE-001464,Media & Defamation,Defamation Suit
CASE-001465,Administrative Law,Administrative Order Challenge
CASE-001466,Real Estate & Housing,Builder-Buyer / RERA Dispute
CASE-001467,White Collar Crime,Money Laundering / Corruption Case
CASE-001468,Human Rights & PIL,Public Interest Litigation
CASE-001469,Family & Succession,Inheritance / Probate
CASE-001470,White Collar Crime,Money Laundering / Corruption Case
CASE-001471,Cybercrime & IT,Online Fraud / Cybercrime
CASE-001472,Corporate & Commercial,Commercial Contract Dispute
CASE-001473,Motor Accident Claims,Motor Accident Compensation Claim
CASE-001474,Corporate & Commercial,Commercial Contract Dispute
CASE-001475,Administrative Law,Administrative Order Challenge
CASE-001476,Contract & Agreement,Breach of Contract / Specific Performance
CASE-001477,Immigration & Citizenship,Citizenship / Passport Matter
CASE-001478,Administrative Law,Administrative Order Challenge
CASE-001479,Motor Accident Claims,Motor Accident Compensation Claim
CASE-001480,Real Estate & Housing,Builder-Buyer / RERA Dispute
CASE-001481,Constitutional Law,Writ / Fundamental Rights Petition
CASE-001482,Constitutional Law,Writ / Fundamental Rights Petition
CASE-001483,Employment & Labour,Wrongful Termination
CASE-001484,Immigration & Citizenship,Citizenship / Passport Matter
CASE-001485,Employment & Labour,Wrongful Termination
CASE-001486,Education Law,Student Admission / Examination Dispute
CASE-001487,Corporate & Commercial,Commercial Contract Dispute
CASE-001488,Banking & Finance,Loan Recovery / Cheque Dishonour
CASE-001489,Administrative Law,Administrative Order Challenge
CASE-001490,Employment & Labour,Wrongful Termination
CASE-001491,Insolvency & Bankruptcy,Corporate Insolvency Resolution
CASE-001492,Banking & Finance,Loan Recovery / Cheque Dishonour
CASE-001493,Tax & GST,GST / Tax Assessment Appeal
CASE-001494,Consumer Protection,Deficiency in Service Complaint
CASE-001495,Education Law,Student Admission / Examination Dispute
CASE-001496,White Collar Crime,Money Laundering / Corruption Case
CASE-001497,Property & Land,Property / Partition Suit
CASE-001498,Media & Defamation,Defamation Suit
CASE-001499,Medical Negligence,Medical Negligence Complaint
CASE-001500,Human Rights & PIL,Public Interest Litigation
CASE-001501,Education Law,Student Admission / Examination Dispute
CASE-001502,Banking & Finance,Loan Recovery / Cheque Dishonour
CASE-001503,Arbitration,Arbitral Award Challenge
CASE-001504,Immigration & Citizenship,Citizenship / Passport Matter
CASE-001505,Intellectual Property,Trademark Infringement
CASE-001506,Family & Succession,Inheritance / Probate
CASE-001507,Child Protection,POCSO / Child Protection Proceeding
CASE-001508,Real Estate & Housing,Builder-Buyer / RERA Dispute
CASE-001509,Arbitration,Arbitral Award Challenge
CASE-001510,Insolvency & Bankruptcy,Corporate Insolvency Resolution
CASE-001511,Motor Accident Claims,Motor Accident Compensation Claim
CASE-001512,Insolvency & Bankruptcy,Corporate Insolvency Resolution
CASE-001513,Criminal Law,Criminal Trial
CASE-001514,Data Privacy,Personal Data Misuse / Privacy Petition
CASE-001515,Media & Defamation,Defamation Suit
CASE-001516,Intellectual Property,Trademark Infringement
CASE-001517,Consumer Protection,Deficiency in Service Complaint
CASE-001518,Real Estate & Housing,Builder-Buyer / RERA Dispute
CASE-001519,Tax & GST,GST / Tax Assessment Appeal
CASE-001520,Property & Land,Property / Partition Suit
CASE-001521,Real Estate & Housing,Builder-Buyer / RERA Dispute
CASE-001522,Property & Land,Property / Partition Suit
CASE-001523,Consumer Protection,Deficiency in Service Complaint
CASE-001524,Employment & Labour,Wrongful Termination
CASE-001525,Cybercrime & IT,Online Fraud / Cybercrime
CASE-001526,Employment & Labour,Wrongful Termination
CASE-001527,Contract & Agreement,Breach of Contract / Specific Performance
CASE-001528,Criminal Law,Criminal Trial
CASE-001529,Environmental Law,Environmental Clearance Challenge
CASE-001530,Education Law,Student Admission / Examination Dispute
CASE-001531,Insolvency & Bankruptcy,Corporate Insolvency Resolution
CASE-001532,Education Law,Student Admission / Examination Dispute
CASE-001533,Family & Succession,Inheritance / Probate
CASE-001534,Data Privacy,Personal Data Misuse / Privacy Petition
CASE-001535,Corporate & Commercial,Commercial Contract Dispute
CASE-001536,Employment & Labour,Wrongful Termination
CASE-001537,Human Rights & PIL,Public Interest Litigation
CASE-001538,Banking & Finance,Loan Recovery / Cheque Dishonour
CASE-001539,Employment & Labour,Wrongful Termination
CASE-001540,Property & Land,Property / Partition Suit
CASE-001541,Intellectual Property,Trademark Infringement
CASE-001542,Data Privacy,Personal Data Misuse / Privacy Petition
CASE-001543,Divorce & Matrimonial,Divorce Petition
CASE-001544,Banking & Finance,Loan Recovery / Cheque Dishonour
CASE-001545,Constitutional Law,Writ / Fundamental Rights Petition
CASE-001546,Real Estate & Housing,Builder-Buyer / RERA Dispute
CASE-001547,Motor Accident Claims,Motor Accident Compensation Claim
CASE-001548,Contract & Agreement,Breach of Contract / Specific Performance
CASE-001549,Media & Defamation,Defamation Suit
CASE-001550,Human Rights & PIL,Public Interest Litigation
CASE-001551,Administrative Law,Administrative Order Challenge
CASE-001552,Media & Defamation,Defamation Suit
CASE-001553,Contract & Agreement,Breach of Contract / Specific Performance
CASE-001554,Administrative Law,Administrative Order Challenge
CASE-001555,Property & Land,Property / Partition Suit
CASE-001556,Banking & Finance,Loan Recovery / Cheque Dishonour
CASE-001557,Employment & Labour,Wrongful Termination
CASE-001558,Child Protection,POCSO / Child Protection Proceeding
CASE-001559,Data Privacy,Personal Data Misuse / Privacy Petition
CASE-001560,Constitutional Law,Writ / Fundamental Rights Petition
CASE-001561,Child Protection,POCSO / Child Protection Proceeding
CASE-001562,Immigration & Citizenship,Citizenship / Passport Matter
CASE-001563,Corporate & Commercial,Commercial Contract Dispute
CASE-001564,Criminal Law,Criminal Trial
CASE-001565,Cybercrime & IT,Online Fraud / Cybercrime
CASE-001566,Corporate & Commercial,Commercial Contract Dispute
CASE-001567,Data Privacy,Personal Data Misuse / Privacy Petition
CASE-001568,Arbitration,Arbitral Award Challenge
CASE-001569,Real Estate & Housing,Builder-Buyer / RERA Dispute
CASE-001570,Property & Land,Property / Partition Suit
CASE-001571,Tax & GST,GST / Tax Assessment Appeal
CASE-001572,Media & Defamation,Defamation Suit
CASE-001573,Insolvency & Bankruptcy,Corporate Insolvency Resolution
CASE-001574,Insolvency & Bankruptcy,Corporate Insolvency Resolution
CASE-001575,Real Estate & Housing,Builder-Buyer / RERA Dispute
CASE-001576,Divorce & Matrimonial,Divorce Petition
CASE-001577,Real Estate & Housing,Builder-Buyer / RERA Dispute
CASE-001578,Administrative Law,Administrative Order Challenge
CASE-001579,Environmental Law,Environmental Clearance Challenge
CASE-001580,Arbitration,Arbitral Award Challenge
CASE-001581,Employment & Labour,Wrongful Termination
CASE-001582,Motor Accident Claims,Motor Accident Compensation Claim
CASE-001583,Intellectual Property,Trademark Infringement
CASE-001584,Arbitration,Arbitral Award Challenge
CASE-001585,Family & Succession,Inheritance / Probate
CASE-001586,Media & Defamation,Defamation Suit
CASE-001587,Child Protection,POCSO / Child Protection Proceeding
CASE-001588,Education Law,Student Admission / Examination Dispute
CASE-001589,Banking & Finance,Loan Recovery / Cheque Dishonour
CASE-001590,Intellectual Property,Trademark Infringement
CASE-001591,Immigration & Citizenship,Citizenship / Passport Matter
CASE-001592,Data Privacy,Personal Data Misuse / Privacy Petition
CASE-001593,Child Protection,POCSO / Child Protection Proceeding
CASE-001594,Education Law,Student Admission / Examination Dispute
CASE-001595,Employment & Labour,Wrongful Termination
CASE-001596,Data Privacy,Personal Data Misuse / Privacy Petition
CASE-001597,Real Estate & Housing,Builder-Buyer / RERA Dispute
CASE-001598,Environmental Law,Environmental Clearance Challenge
CASE-001599,Constitutional Law,Writ / Fundamental Rights Petition
CASE-001600,Tax & GST,GST / Tax Assessment Appeal
CASE-001601,Data Privacy,Personal Data Misuse / Privacy Petition
CASE-001602,Medical Negligence,Medical Negligence Complaint
CASE-001603,Human Rights & PIL,Public Interest Litigation
CASE-001604,White Collar Crime,Money Laundering / Corruption Case
CASE-001605,Real Estate & Housing,Builder-Buyer / RERA Dispute
CASE-001606,Contract & Agreement,Breach of Contract / Specific Performance
CASE-001607,Constitutional Law,Writ / Fundamental Rights Petition
CASE-001608,Media & Defamation,Defamation Suit
CASE-001609,White Collar Crime,Money Laundering / Corruption Case
CASE-001610,Motor Accident Claims,Motor Accident Compensation Claim
CASE-001611,Employment & Labour,Wrongful Termination
CASE-001612,Data Privacy,Personal Data Misuse / Privacy Petition
CASE-001613,Constitutional Law,Writ / Fundamental Rights Petition
CASE-001614,Medical Negligence,Medical Negligence Complaint
CASE-001615,Environmental Law,Environmental Clearance Challenge
CASE-001616,Property & Land,Property / Partition Suit
CASE-001617,Constitutional Law,Writ / Fundamental Rights Petition
CASE-001618,Corporate & Commercial,Commercial Contract Dispute
CASE-001619,Family & Succession,Inheritance / Probate
CASE-001620,Environmental Law,Environmental Clearance Challenge
CASE-001621,Family & Succession,Inheritance / Probate
CASE-001622,Motor Accident Claims,Motor Accident Compensation Claim
CASE-001623,Divorce & Matrimonial,Divorce Petition
CASE-001624,Employment & Labour,Wrongful Termination
CASE-001625,White Collar Crime,Money Laundering / Corruption Case
CASE-001626,Real Estate & Housing,Builder-Buyer / RERA Dispute
CASE-001627,White Collar Crime,Money Laundering / Corruption Case
CASE-001628,Tax & GST,GST / Tax Assessment Appeal
CASE-001629,Human Rights & PIL,Public Interest Litigation
CASE-001630,Criminal Law,Criminal Trial
CASE-001631,Consumer Protection,Deficiency in Service Complaint
CASE-001632,Medical Negligence,Medical Negligence Complaint
CASE-001633,Constitutional Law,Writ / Fundamental Rights Petition
CASE-001634,Property & Land,Property / Partition Suit
CASE-001635,Medical Negligence,Medical Negligence Complaint
CASE-001636,Tax & GST,GST / Tax Assessment Appeal
CASE-001637,Divorce & Matrimonial,Divorce Petition
CASE-001638,Employment & Labour,Wrongful Termination
CASE-001639,Insolvency & Bankruptcy,Corporate Insolvency Resolution
CASE-001640,Contract & Agreement,Breach of Contract / Specific Performance
CASE-001641,Constitutional Law,Writ / Fundamental Rights Petition
CASE-001642,Immigration & Citizenship,Citizenship / Passport Matter
CASE-001643,Intellectual Property,Trademark Infringement
CASE-001644,Data Privacy,Personal Data Misuse / Privacy Petition
CASE-001645,Motor Accident Claims,Motor Accident Compensation Claim
CASE-001646,Divorce & Matrimonial,Divorce Petition
CASE-001647,Medical Negligence,Medical Negligence Complaint
CASE-001648,Cybercrime & IT,Online Fraud / Cybercrime
CASE-001649,Employment & Labour,Wrongful Termination
CASE-001650,Media & Defamation,Defamation Suit
CASE-001651,Media & Defamation,Defamation Suit
CASE-001652,Environmental Law,Environmental Clearance Challenge
CASE-001653,Banking & Finance,Loan Recovery / Cheque Dishonour
CASE-001654,Criminal Law,Criminal Trial
CASE-001655,Motor Accident Claims,Motor Accident Compensation Claim
CASE-001656,Intellectual Property,Trademark Infringement
CASE-001657,Intellectual Property,Trademark Infringement
CASE-001658,Property & Land,Property / Partition Suit
CASE-001659,Corporate & Commercial,Commercial Contract Dispute
CASE-001660,Consumer Protection,Deficiency in Service Complaint
CASE-001661,Education Law,Student Admission / Examination Dispute
CASE-001662,Contract & Agreement,Breach of Contract / Specific Performance
CASE-001663,Consumer Protection,Deficiency in Service Complaint
CASE-001664,White Collar Crime,Money Laundering / Corruption Case
CASE-001665,Insolvency & Bankruptcy,Corporate Insolvency Resolution
CASE-001666,Real Estate & Housing,Builder-Buyer / RERA Dispute
CASE-001667,Environmental Law,Environmental Clearance Challenge
CASE-001668,Consumer Protection,Deficiency in Service Complaint
CASE-001669,Intellectual Property,Trademark Infringement
CASE-001670,Child Protection,POCSO / Child Protection Proceeding
CASE-001671,Arbitration,Arbitral Award Challenge
CASE-001672,Immigration & Citizenship,Citizenship / Passport Matter
CASE-001673,Contract & Agreement,Breach of Contract / Specific Performance
CASE-001674,Criminal Law,Criminal Trial
CASE-001675,Data Privacy,Personal Data Misuse / Privacy Petition
CASE-001676,Data Privacy,Personal Data Misuse / Privacy Petition
CASE-001677,Media & Defamation,Defamation Suit
CASE-001678,Media & Defamation,Defamation Suit
CASE-001679,Human Rights & PIL,Public Interest Litigation
CASE-001680,Divorce & Matrimonial,Divorce Petition
CASE-001681,Immigration & Citizenship,Citizenship / Passport Matter
CASE-001682,Education Law,Student Admission / Examination Dispute
CASE-001683,Arbitration,Arbitral Award Challenge
CASE-001684,Tax & GST,GST / Tax Assessment Appeal
CASE-001685,Intellectual Property,Trademark Infringement
CASE-001686,Banking & Finance,Loan Recovery / Cheque Dishonour
CASE-001687,Family & Succession,Inheritance / Probate
CASE-001688,Banking & Finance,Loan Recovery / Cheque Dishonour
CASE-001689,Criminal Law,Criminal Trial
CASE-001690,Contract & Agreement,Breach of Contract / Specific Performance
CASE-001691,White Collar Crime,Money Laundering / Corruption Case
CASE-001692,Environmental Law,Environmental Clearance Challenge
CASE-001693,Administrative Law,Administrative Order Challenge
CASE-001694,Media & Defamation,Defamation Suit
CASE-001695,Corporate & Commercial,Commercial Contract Dispute
CASE-001696,Administrative Law,Administrative Order Challenge
CASE-001697,Criminal Law,Criminal Trial
CASE-001698,Environmental Law,Environmental Clearance Challenge
CASE-001699,Employment & Labour,Wrongful Termination
CASE-001700,Intellectual Property,Trademark Infringement
CASE-001701,Cybercrime & IT,Online Fraud / Cybercrime
CASE-001702,Property & Land,Property / Partition Suit
CASE-001703,Environmental Law,Environmental Clearance Challenge
CASE-001704,Constitutional Law,Writ / Fundamental Rights Petition
CASE-001705,Media & Defamation,Defamation Suit
CASE-001706,Tax & GST,GST / Tax Assessment Appeal
CASE-001707,Immigration & Citizenship,Citizenship / Passport Matter
CASE-001708,Real Estate & Housing,Builder-Buyer / RERA Dispute
CASE-001709,Media & Defamation,Defamation Suit
CASE-001710,Intellectual Property,Trademark Infringement
CASE-001711,Constitutional Law,Writ / Fundamental Rights Petition
CASE-001712,Consumer Protection,Deficiency in Service Complaint
CASE-001713,Data Privacy,Personal Data Misuse / Privacy Petition
CASE-001714,Consumer Protection,Deficiency in Service Complaint
CASE-001715,Contract & Agreement,Breach of Contract / Specific Performance
CASE-001716,Human Rights & PIL,Public Interest Litigation
CASE-001717,Motor Accident Claims,Motor Accident Compensation Claim
CASE-001718,Human Rights & PIL,Public Interest Litigation
CASE-001719,Tax & GST,GST / Tax Assessment Appeal
CASE-001720,Consumer Protection,Deficiency in Service Complaint
CASE-001721,Media & Defamation,Defamation Suit
CASE-001722,Intellectual Property,Trademark Infringement
CASE-001723,Property & Land,Property / Partition Suit
CASE-001724,Divorce & Matrimonial,Divorce Petition
CASE-001725,Child Protection,POCSO / Child Protection Proceeding
CASE-001726,Criminal Law,Criminal Trial
CASE-001727,Media & Defamation,Defamation Suit
CASE-001728,Property & Land,Property / Partition Suit
CASE-001729,Constitutional Law,Writ / Fundamental Rights Petition
CASE-001730,Administrative Law,Administrative Order Challenge
CASE-001731,Intellectual Property,Trademark Infringement
CASE-001732,Media & Defamation,Defamation Suit
CASE-001733,Cybercrime & IT,Online Fraud / Cybercrime
CASE-001734,Banking & Finance,Loan Recovery / Cheque Dishonour
CASE-001735,Education Law,Student Admission / Examination Dispute
CASE-001736,Child Protection,POCSO / Child Protection Proceeding
CASE-001737,Banking & Finance,Loan Recovery / Cheque Dishonour
CASE-001738,Human Rights & PIL,Public Interest Litigation
CASE-001739,Medical Negligence,Medical Negligence Complaint
CASE-001740,Immigration & Citizenship,Citizenship / Passport Matter
CASE-001741,Family & Succession,Inheritance / Probate
CASE-001742,Medical Negligence,Medical Negligence Complaint
CASE-001743,White Collar Crime,Money Laundering / Corruption Case
CASE-001744,Media & Defamation,Defamation Suit
CASE-001745,Divorce & Matrimonial,Divorce Petition
CASE-001746,Motor Accident Claims,Motor Accident Compensation Claim
CASE-001747,Motor Accident Claims,Motor Accident Compensation Claim
CASE-001748,Banking & Finance,Loan Recovery / Cheque Dishonour
CASE-001749,Real Estate & Housing,Builder-Buyer / RERA Dispute
CASE-001750,Property & Land,Property / Partition Suit
CASE-001751,Real Estate & Housing,Builder-Buyer / RERA Dispute
CASE-001752,Cybercrime & IT,Online Fraud / Cybercrime
CASE-001753,Contract & Agreement,Breach of Contract / Specific Performance
CASE-001754,Immigration & Citizenship,Citizenship / Passport Matter
CASE-001755,Cybercrime & IT,Online Fraud / Cybercrime
CASE-001756,Human Rights & PIL,Public Interest Litigation
CASE-001757,Real Estate & Housing,Builder-Buyer / RERA Dispute
CASE-001758,Medical Negligence,Medical Negligence Complaint
CASE-001759,Property & Land,Property / Partition Suit
CASE-001760,Property & Land,Property / Partition Suit
CASE-001761,Cybercrime & IT,Online Fraud / Cybercrime
CASE-001762,Consumer Protection,Deficiency in Service Complaint
CASE-001763,Corporate & Commercial,Commercial Contract Dispute
CASE-001764,Real Estate & Housing,Builder-Buyer / RERA Dispute
CASE-001765,Real Estate & Housing,Builder-Buyer / RERA Dispute
CASE-001766,Education Law,Student Admission / Examination Dispute
CASE-001767,Divorce & Matrimonial,Divorce Petition
CASE-001768,Education Law,Student Admission / Examination Dispute
CASE-001769,Insolvency & Bankruptcy,Corporate Insolvency Resolution
CASE-001770,Divorce & Matrimonial,Divorce Petition
CASE-001771,Tax & GST,GST / Tax Assessment Appeal
CASE-001772,Criminal Law,Criminal Trial
CASE-001773,Media & Defamation,Defamation Suit
CASE-001774,Medical Negligence,Medical Negligence Complaint
CASE-001775,Real Estate & Housing,Builder-Buyer / RERA Dispute
CASE-001776,Motor Accident Claims,Motor Accident Compensation Claim
CASE-001777,Administrative Law,Administrative Order Challenge
CASE-001778,Divorce & Matrimonial,Divorce Petition
CASE-001779,Arbitration,Arbitral Award Challenge
CASE-001780,Data Privacy,Personal Data Misuse / Privacy Petition
CASE-001781,Environmental Law,Environmental Clearance Challenge
CASE-001782,White Collar Crime,Money Laundering / Corruption Case
CASE-001783,Real Estate & Housing,Builder-Buyer / RERA Dispute
CASE-001784,Corporate & Commercial,Commercial Contract Dispute
CASE-001785,Insolvency & Bankruptcy,Corporate Insolvency Resolution
CASE-001786,Family & Succession,Inheritance / Probate
CASE-001787,Environmental Law,Environmental Clearance Challenge
CASE-001788,Corporate & Commercial,Commercial Contract Dispute
CASE-001789,Employment & Labour,Wrongful Termination
CASE-001790,Property & Land,Property / Partition Suit
CASE-001791,Human Rights & PIL,Public Interest Litigation
CASE-001792,Contract & Agreement,Breach of Contract / Specific Performance
CASE-001793,Medical Negligence,Medical Negligence Complaint
CASE-001794,Corporate & Commercial,Commercial Contract Dispute
CASE-001795,Arbitration,Arbitral Award Challenge
CASE-001796,Cybercrime & IT,Online Fraud / Cybercrime
CASE-001797,Employment & Labour,Wrongful Termination
CASE-001798,Medical Negligence,Medical Negligence Complaint
CASE-001799,Education Law,Student Admission / Examination Dispute
CASE-001800,Medical Negligence,Medical Negligence Complaint
CASE-001801,Human Rights & PIL,Public Interest Litigation
CASE-001802,Banking & Finance,Loan Recovery / Cheque Dishonour
CASE-001803,Contract & Agreement,Breach of Contract / Specific Performance
CASE-001804,Child Protection,POCSO / Child Protection Proceeding
CASE-001805,Employment & Labour,Wrongful Termination
CASE-001806,Motor Accident Claims,Motor Accident Compensation Claim
CASE-001807,Intellectual Property,Trademark Infringement
CASE-001808,Banking & Finance,Loan Recovery / Cheque Dishonour
CASE-001809,Media & Defamation,Defamation Suit
CASE-001810,Administrative Law,Administrative Order Challenge
CASE-001811,Consumer Protection,Deficiency in Service Complaint
CASE-001812,Intellectual Property,Trademark Infringement
CASE-001813,Media & Defamation,Defamation Suit
CASE-001814,Medical Negligence,Medical Negligence Complaint
CASE-001815,Real Estate & Housing,Builder-Buyer / RERA Dispute
CASE-001816,Property & Land,Property / Partition Suit
CASE-001817,Consumer Protection,Deficiency in Service Complaint
CASE-001818,Arbitration,Arbitral Award Challenge
CASE-001819,Insolvency & Bankruptcy,Corporate Insolvency Resolution
CASE-001820,Motor Accident Claims,Motor Accident Compensation Claim
CASE-001821,Arbitration,Arbitral Award Challenge
CASE-001822,Contract & Agreement,Breach of Contract / Specific Performance
CASE-001823,Criminal Law,Criminal Trial
CASE-001824,Insolvency & Bankruptcy,Corporate Insolvency Resolution
CASE-001825,Cybercrime & IT,Online Fraud / Cybercrime
CASE-001826,Corporate & Commercial,Commercial Contract Dispute
CASE-001827,Divorce & Matrimonial,Divorce Petition
CASE-001828,Criminal Law,Criminal Trial
CASE-001829,Child Protection,POCSO / Child Protection Proceeding
CASE-001830,Employment & Labour,Wrongful Termination
CASE-001831,Family & Succession,Inheritance / Probate
CASE-001832,Divorce & Matrimonial,Divorce Petition
CASE-001833,Human Rights & PIL,Public Interest Litigation
CASE-001834,Administrative Law,Administrative Order Challenge
CASE-001835,Data Privacy,Personal Data Misuse / Privacy Petition
CASE-001836,Family & Succession,Inheritance / Probate
CASE-001837,Criminal Law,Criminal Trial
CASE-001838,Constitutional Law,Writ / Fundamental Rights Petition
CASE-001839,Data Privacy,Personal Data Misuse / Privacy Petition
CASE-001840,Family & Succession,Inheritance / Probate
CASE-001841,Consumer Protection,Deficiency in Service Complaint
CASE-001842,Medical Negligence,Medical Negligence Complaint
CASE-001843,Arbitration,Arbitral Award Challenge
CASE-001844,Immigration & Citizenship,Citizenship / Passport Matter
CASE-001845,Constitutional Law,Writ / Fundamental Rights Petition
CASE-001846,Constitutional Law,Writ / Fundamental Rights Petition
CASE-001847,Data Privacy,Personal Data Misuse / Privacy Petition
CASE-001848,Insolvency & Bankruptcy,Corporate Insolvency Resolution
CASE-001849,Motor Accident Claims,Motor Accident Compensation Claim
CASE-001850,Contract & Agreement,Breach of Contract / Specific Performance
CASE-001851,Environmental Law,Environmental Clearance Challenge
CASE-001852,Employment & Labour,Wrongful Termination
CASE-001853,Family & Succession,Inheritance / Probate
CASE-001854,Employment & Labour,Wrongful Termination
CASE-001855,Employment & Labour,Wrongful Termination
CASE-001856,Human Rights & PIL,Public Interest Litigation
CASE-001857,Contract & Agreement,Breach of Contract / Specific Performance
CASE-001858,Data Privacy,Personal Data Misuse / Privacy Petition
CASE-001859,Motor Accident Claims,Motor Accident Compensation Claim
CASE-001860,Corporate & Commercial,Commercial Contract Dispute
CASE-001861,Data Privacy,Personal Data Misuse / Privacy Petition
CASE-001862,Consumer Protection,Deficiency in Service Complaint
CASE-001863,Criminal Law,Criminal Trial
CASE-001864,Cybercrime & IT,Online Fraud / Cybercrime
CASE-001865,Tax & GST,GST / Tax Assessment Appeal
CASE-001866,White Collar Crime,Money Laundering / Corruption Case
CASE-001867,Arbitration,Arbitral Award Challenge
CASE-001868,Tax & GST,GST / Tax Assessment Appeal
CASE-001869,Consumer Protection,Deficiency in Service Complaint
CASE-001870,Corporate & Commercial,Commercial Contract Dispute
CASE-001871,Motor Accident Claims,Motor Accident Compensation Claim
CASE-001872,Arbitration,Arbitral Award Challenge
CASE-001873,Constitutional Law,Writ / Fundamental Rights Petition
CASE-001874,Criminal Law,Criminal Trial
CASE-001875,Immigration & Citizenship,Citizenship / Passport Matter
CASE-001876,Corporate & Commercial,Commercial Contract Dispute
CASE-001877,Tax & GST,GST / Tax Assessment Appeal
CASE-001878,Environmental Law,Environmental Clearance Challenge
CASE-001879,Criminal Law,Criminal Trial
CASE-001880,Child Protection,POCSO / Child Protection Proceeding
CASE-001881,Human Rights & PIL,Public Interest Litigation
CASE-001882,Education Law,Student Admission / Examination Dispute
CASE-001883,Divorce & Matrimonial,Divorce Petition
CASE-001884,Human Rights & PIL,Public Interest Litigation
CASE-001885,Employment & Labour,Wrongful Termination
CASE-001886,Tax & GST,GST / Tax Assessment Appeal
CASE-001887,Immigration & Citizenship,Citizenship / Passport Matter
CASE-001888,Family & Succession,Inheritance / Probate
CASE-001889,Banking & Finance,Loan Recovery / Cheque Dishonour
CASE-001890,Banking & Finance,Loan Recovery / Cheque Dishonour
CASE-001891,Child Protection,POCSO / Child Protection Proceeding
CASE-001892,Intellectual Property,Trademark Infringement
CASE-001893,Family & Succession,Inheritance / Probate
CASE-001894,Immigration & Citizenship,Citizenship / Passport Matter
CASE-001895,Family & Succession,Inheritance / Probate
CASE-001896,Administrative Law,Administrative Order Challenge
CASE-001897,Immigration & Citizenship,Citizenship / Passport Matter
CASE-001898,Cybercrime & IT,Online Fraud / Cybercrime
CASE-001899,Immigration & Citizenship,Citizenship / Passport Matter
CASE-001900,Real Estate & Housing,Builder-Buyer / RERA Dispute
CASE-001901,Immigration & Citizenship,Citizenship / Passport Matter
CASE-001902,Corporate & Commercial,Commercial Contract Dispute
CASE-001903,Human Rights & PIL,Public Interest Litigation
CASE-001904,Arbitration,Arbitral Award Challenge
CASE-001905,Criminal Law,Criminal Trial
CASE-001906,White Collar Crime,Money Laundering / Corruption Case
CASE-001907,Human Rights & PIL,Public Interest Litigation
CASE-001908,Constitutional Law,Writ / Fundamental Rights Petition
CASE-001909,Employment & Labour,Wrongful Termination
CASE-001910,Employment & Labour,Wrongful Termination
CASE-001911,Employment & Labour,Wrongful Termination
CASE-001912,Environmental Law,Environmental Clearance Challenge
CASE-001913,Motor Accident Claims,Motor Accident Compensation Claim
CASE-001914,Intellectual Property,Trademark Infringement
CASE-001915,Motor Accident Claims,Motor Accident Compensation Claim
CASE-001916,Data Privacy,Personal Data Misuse / Privacy Petition
CASE-001917,Family & Succession,Inheritance / Probate
CASE-001918,Contract & Agreement,Breach of Contract / Specific Performance
CASE-001919,Cybercrime & IT,Online Fraud / Cybercrime
CASE-001920,Divorce & Matrimonial,Divorce Petition
CASE-001921,Criminal Law,Criminal Trial
CASE-001922,Human Rights & PIL,Public Interest Litigation
CASE-001923,Education Law,Student Admission / Examination Dispute
CASE-001924,Medical Negligence,Medical Negligence Complaint
CASE-001925,Insolvency & Bankruptcy,Corporate Insolvency Resolution
CASE-001926,Divorce & Matrimonial,Divorce Petition
CASE-001927,Contract & Agreement,Breach of Contract / Specific Performance
CASE-001928,Contract & Agreement,Breach of Contract / Specific Performance
CASE-001929,Tax & GST,GST / Tax Assessment Appeal
CASE-001930,Data Privacy,Personal Data Misuse / Privacy Petition
CASE-001931,Consumer Protection,Deficiency in Service Complaint
CASE-001932,Medical Negligence,Medical Negligence Complaint
CASE-001933,Environmental Law,Environmental Clearance Challenge
CASE-001934,Motor Accident Claims,Motor Accident Compensation Claim
CASE-001935,Education Law,Student Admission / Examination Dispute
CASE-001936,Criminal Law,Criminal Trial
CASE-001937,Tax & GST,GST / Tax Assessment Appeal
CASE-001938,Real Estate & Housing,Builder-Buyer / RERA Dispute
CASE-001939,Education Law,Student Admission / Examination Dispute
CASE-001940,Intellectual Property,Trademark Infringement
CASE-001941,Divorce & Matrimonial,Divorce Petition
CASE-001942,Insolvency & Bankruptcy,Corporate Insolvency Resolution
CASE-001943,Property & Land,Property / Partition Suit
CASE-001944,Property & Land,Property / Partition Suit
CASE-001945,Administrative Law,Administrative Order Challenge
CASE-001946,Family & Succession,Inheritance / Probate
CASE-001947,Education Law,Student Admission / Examination Dispute
CASE-001948,Corporate & Commercial,Commercial Contract Dispute
CASE-001949,Motor Accident Claims,Motor Accident Compensation Claim
CASE-001950,White Collar Crime,Money Laundering / Corruption Case
CASE-001951,Human Rights & PIL,Public Interest Litigation
CASE-001952,Data Privacy,Personal Data Misuse / Privacy Petition
CASE-001953,Intellectual Property,Trademark Infringement
CASE-001954,Arbitration,Arbitral Award Challenge
CASE-001955,Real Estate & Housing,Builder-Buyer / RERA Dispute
CASE-001956,White Collar Crime,Money Laundering / Corruption Case
CASE-001957,Employment & Labour,Wrongful Termination
CASE-001958,Divorce & Matrimonial,Divorce Petition
CASE-001959,Environmental Law,Environmental Clearance Challenge
CASE-001960,Family & Succession,Inheritance / Probate
CASE-001961,White Collar Crime,Money Laundering / Corruption Case
CASE-001962,Family & Succession,Inheritance / Probate
CASE-001963,Constitutional Law,Writ / Fundamental Rights Petition
CASE-001964,Immigration & Citizenship,Citizenship / Passport Matter
CASE-001965,Divorce & Matrimonial,Divorce Petition
CASE-001966,Divorce & Matrimonial,Divorce Petition
CASE-001967,Contract & Agreement,Breach of Contract / Specific Performance
CASE-001968,Constitutional Law,Writ / Fundamental Rights Petition
CASE-001969,Human Rights & PIL,Public Interest Litigation
CASE-001970,Constitutional Law,Writ / Fundamental Rights Petition
CASE-001971,Corporate & Commercial,Commercial Contract Dispute
CASE-001972,Human Rights & PIL,Public Interest Litigation
CASE-001973,Administrative Law,Administrative Order Challenge
CASE-001974,Real Estate & Housing,Builder-Buyer / RERA Dispute
CASE-001975,Criminal Law,Criminal Trial
CASE-001976,Real Estate & Housing,Builder-Buyer / RERA Dispute
CASE-001977,Immigration & Citizenship,Citizenship / Passport Matter
CASE-001978,Motor Accident Claims,Motor Accident Compensation Claim
CASE-001979,Motor Accident Claims,Motor Accident Compensation Claim
CASE-001980,Human Rights & PIL,Public Interest Litigation
CASE-001981,Corporate & Commercial,Commercial Contract Dispute
CASE-001982,Insolvency & Bankruptcy,Corporate Insolvency Resolution
CASE-001983,Data Privacy,Personal Data Misuse / Privacy Petition
CASE-001984,White Collar Crime,Money Laundering / Corruption Case
CASE-001985,Divorce & Matrimonial,Divorce Petition
CASE-001986,Contract & Agreement,Breach of Contract / Specific Performance
CASE-001987,Corporate & Commercial,Commercial Contract Dispute
CASE-001988,Criminal Law,Criminal Trial
CASE-001989,Property & Land,Property / Partition Suit
CASE-001990,Child Protection,POCSO / Child Protection Proceeding
CASE-001991,Divorce & Matrimonial,Divorce Petition
CASE-001992,Cybercrime & IT,Online Fraud / Cybercrime
CASE-001993,Real Estate & Housing,Builder-Buyer / RERA Dispute
CASE-001994,Constitutional Law,Writ / Fundamental Rights Petition
CASE-001995,Cybercrime & IT,Online Fraud / Cybercrime
CASE-001996,Insolvency & Bankruptcy,Corporate Insolvency Resolution
CASE-001997,Divorce & Matrimonial,Divorce Petition
CASE-001998,Child Protection,POCSO / Child Protection Proceeding
CASE-001999,White Collar Crime,Money Laundering / Corruption Case
CASE-002000,Education Law,Student Admission / Examination Dispute
CASE-002001,Consumer Protection,Deficiency in Service Complaint
CASE-002002,Family & Succession,Inheritance / Probate
CASE-002003,Arbitration,Arbitral Award Challenge
CASE-002004,Real Estate & Housing,Builder-Buyer / RERA Dispute
CASE-002005,Employment & Labour,Wrongful Termination
CASE-002006,Divorce & Matrimonial,Divorce Petition
CASE-002007,Divorce & Matrimonial,Divorce Petition
CASE-002008,Environmental Law,Environmental Clearance Challenge
CASE-002009,Arbitration,Arbitral Award Challenge
CASE-002010,Immigration & Citizenship,Citizenship / Passport Matter
CASE-002011,Tax & GST,GST / Tax Assessment Appeal
CASE-002012,Data Privacy,Personal Data Misuse / Privacy Petition
CASE-002013,Arbitration,Arbitral Award Challenge
CASE-002014,Tax & GST,GST / Tax Assessment Appeal
CASE-002015,Contract & Agreement,Breach of Contract / Specific Performance
CASE-002016,Family & Succession,Inheritance / Probate
CASE-002017,Criminal Law,Criminal Trial
CASE-002018,Data Privacy,Personal Data Misuse / Privacy Petition
CASE-002019,Tax & GST,GST / Tax Assessment Appeal
CASE-002020,Tax & GST,GST / Tax Assessment Appeal
CASE-002021,Administrative Law,Administrative Order Challenge
CASE-002022,Motor Accident Claims,Motor Accident Compensation Claim
CASE-002023,Child Protection,POCSO / Child Protection Proceeding
CASE-002024,Intellectual Property,Trademark Infringement
CASE-002025,Banking & Finance,Loan Recovery / Cheque Dishonour
CASE-002026,Data Privacy,Personal Data Misuse / Privacy Petition
CASE-002027,Property & Land,Property / Partition Suit
CASE-002028,Child Protection,POCSO / Child Protection Proceeding
CASE-002029,Child Protection,POCSO / Child Protection Proceeding
CASE-002030,Medical Negligence,Medical Negligence Complaint
CASE-002031,Property & Land,Property / Partition Suit
CASE-002032,Insolvency & Bankruptcy,Corporate Insolvency Resolution
CASE-002033,Consumer Protection,Deficiency in Service Complaint
CASE-002034,Banking & Finance,Loan Recovery / Cheque Dishonour
CASE-002035,Child Protection,POCSO / Child Protection Proceeding
CASE-002036,Family & Succession,Inheritance / Probate
CASE-002037,Media & Defamation,Defamation Suit
CASE-002038,Divorce & Matrimonial,Divorce Petition
CASE-002039,Cybercrime & IT,Online Fraud / Cybercrime
CASE-002040,Intellectual Property,Trademark Infringement
CASE-002041,Family & Succession,Inheritance / Probate
CASE-002042,Data Privacy,Personal Data Misuse / Privacy Petition
CASE-002043,Constitutional Law,Writ / Fundamental Rights Petition
CASE-002044,Employment & Labour,Wrongful Termination
CASE-002045,Media & Defamation,Defamation Suit
CASE-002046,Employment & Labour,Wrongful Termination
CASE-002047,Family & Succession,Inheritance / Probate
CASE-002048,Environmental Law,Environmental Clearance Challenge
CASE-002049,Constitutional Law,Writ / Fundamental Rights Petition
CASE-002050,Medical Negligence,Medical Negligence Complaint
CASE-002051,Child Protection,POCSO / Child Protection Proceeding
CASE-002052,Data Privacy,Personal Data Misuse / Privacy Petition
CASE-002053,Insolvency & Bankruptcy,Corporate Insolvency Resolution
CASE-002054,Tax & GST,GST / Tax Assessment Appeal
CASE-002055,Motor Accident Claims,Motor Accident Compensation Claim
CASE-002056,Intellectual Property,Trademark Infringement
CASE-002057,Criminal Law,Criminal Trial
CASE-002058,Administrative Law,Administrative Order Challenge
CASE-002059,Arbitration,Arbitral Award Challenge
CASE-002060,White Collar Crime,Money Laundering / Corruption Case
CASE-002061,Banking & Finance,Loan Recovery / Cheque Dishonour
CASE-002062,Intellectual Property,Trademark Infringement
CASE-002063,White Collar Crime,Money Laundering / Corruption Case
CASE-002064,Family & Succession,Inheritance / Probate
CASE-002065,Contract & Agreement,Breach of Contract / Specific Performance
CASE-002066,Cybercrime & IT,Online Fraud / Cybercrime
CASE-002067,Human Rights & PIL,Public Interest Litigation
CASE-002068,Media & Defamation,Defamation Suit
CASE-002069,Corporate & Commercial,Commercial Contract Dispute
CASE-002070,Corporate & Commercial,Commercial Contract Dispute
CASE-002071,Divorce & Matrimonial,Divorce Petition
CASE-002072,Constitutional Law,Writ / Fundamental Rights Petition
CASE-002073,Data Privacy,Personal Data Misuse / Privacy Petition
CASE-002074,Tax & GST,GST / Tax Assessment Appeal
CASE-002075,Cybercrime & IT,Online Fraud / Cybercrime
CASE-002076,Cybercrime & IT,Online Fraud / Cybercrime
CASE-002077,Property & Land,Property / Partition Suit
CASE-002078,Corporate & Commercial,Commercial Contract Dispute
CASE-002079,Medical Negligence,Medical Negligence Complaint
CASE-002080,Banking & Finance,Loan Recovery / Cheque Dishonour
CASE-002081,Data Privacy,Personal Data Misuse / Privacy Petition
CASE-002082,Intellectual Property,Trademark Infringement
CASE-002083,Criminal Law,Criminal Trial
CASE-002084,Criminal Law,Criminal Trial
CASE-002085,Contract & Agreement,Breach of Contract / Specific Performance
CASE-002086,Human Rights & PIL,Public Interest Litigation
CASE-002087,Cybercrime & IT,Online Fraud / Cybercrime
CASE-002088,Immigration & Citizenship,Citizenship / Passport Matter
CASE-002089,Child Protection,POCSO / Child Protection Proceeding
CASE-002090,Criminal Law,Criminal Trial
CASE-002091,Real Estate & Housing,Builder-Buyer / RERA Dispute
CASE-002092,Child Protection,POCSO / Child Protection Proceeding
CASE-002093,Environmental Law,Environmental Clearance Challenge
CASE-002094,Human Rights & PIL,Public Interest Litigation
CASE-002095,Contract & Agreement,Breach of Contract / Specific Performance
CASE-002096,Education Law,Student Admission / Examination Dispute
CASE-002097,Human Rights & PIL,Public Interest Litigation
CASE-002098,Real Estate & Housing,Builder-Buyer / RERA Dispute
CASE-002099,Administrative Law,Administrative Order Challenge
CASE-002100,Corporate & Commercial,Commercial Contract Dispute
CASE-002101,Environmental Law,Environmental Clearance Challenge
CASE-002102,Environmental Law,Environmental Clearance Challenge
CASE-002103,Constitutional Law,Writ / Fundamental Rights Petition
CASE-002104,Data Privacy,Personal Data Misuse / Privacy Petition
CASE-002105,Child Protection,POCSO / Child Protection Proceeding
CASE-002106,Child Protection,POCSO / Child Protection Proceeding
CASE-002107,Real Estate & Housing,Builder-Buyer / RERA Dispute
CASE-002108,Family & Succession,Inheritance / Probate
CASE-002109,Administrative Law,Administrative Order Challenge
CASE-002110,White Collar Crime,Money Laundering / Corruption Case
CASE-002111,Human Rights & PIL,Public Interest Litigation
CASE-002112,Banking & Finance,Loan Recovery / Cheque Dishonour
CASE-002113,Medical Negligence,Medical Negligence Complaint
CASE-002114,Media & Defamation,Defamation Suit
CASE-002115,Contract & Agreement,Breach of Contract / Specific Performance
CASE-002116,Criminal Law,Criminal Trial
CASE-002117,Insolvency & Bankruptcy,Corporate Insolvency Resolution
CASE-002118,Intellectual Property,Trademark Infringement
CASE-002119,Administrative Law,Administrative Order Challenge
CASE-002120,Data Privacy,Personal Data Misuse / Privacy Petition
CASE-002121,Administrative Law,Administrative Order Challenge
CASE-002122,Motor Accident Claims,Motor Accident Compensation Claim
CASE-002123,Cybercrime & IT,Online Fraud / Cybercrime
CASE-002124,Human Rights & PIL,Public Interest Litigation
CASE-002125,Constitutional Law,Writ / Fundamental Rights Petition
CASE-002126,Education Law,Student Admission / Examination Dispute
CASE-002127,Tax & GST,GST / Tax Assessment Appeal
CASE-002128,Data Privacy,Personal Data Misuse / Privacy Petition
CASE-002129,Human Rights & PIL,Public Interest Litigation
CASE-002130,Media & Defamation,Defamation Suit
CASE-002131,Divorce & Matrimonial,Divorce Petition
CASE-002132,Criminal Law,Criminal Trial
CASE-002133,Real Estate & Housing,Builder-Buyer / RERA Dispute
CASE-002134,Consumer Protection,Deficiency in Service Complaint
CASE-002135,Immigration & Citizenship,Citizenship / Passport Matter
CASE-002136,Contract & Agreement,Breach of Contract / Specific Performance
CASE-002137,Divorce & Matrimonial,Divorce Petition
CASE-002138,Corporate & Commercial,Commercial Contract Dispute
CASE-002139,Environmental Law,Environmental Clearance Challenge
CASE-002140,Constitutional Law,Writ / Fundamental Rights Petition
CASE-002141,Tax & GST,GST / Tax Assessment Appeal
CASE-002142,Administrative Law,Administrative Order Challenge
CASE-002143,White Collar Crime,Money Laundering / Corruption Case
CASE-002144,Constitutional Law,Writ / Fundamental Rights Petition
CASE-002145,Banking & Finance,Loan Recovery / Cheque Dishonour
CASE-002146,Medical Negligence,Medical Negligence Complaint
CASE-002147,Motor Accident Claims,Motor Accident Compensation Claim
CASE-002148,Constitutional Law,Writ / Fundamental Rights Petition
CASE-002149,Intellectual Property,Trademark Infringement
CASE-002150,Media & Defamation,Defamation Suit
CASE-002151,Motor Accident Claims,Motor Accident Compensation Claim
CASE-002152,Tax & GST,GST / Tax Assessment Appeal
CASE-002153,Education Law,Student Admission / Examination Dispute
CASE-002154,Media & Defamation,Defamation Suit
CASE-002155,Criminal Law,Criminal Trial
CASE-002156,Immigration & Citizenship,Citizenship / Passport Matter
CASE-002157,Immigration & Citizenship,Citizenship / Passport Matter
CASE-002158,Administrative Law,Administrative Order Challenge
CASE-002159,Family & Succession,Inheritance / Probate
CASE-002160,Divorce & Matrimonial,Divorce Petition
CASE-002161,Arbitration,Arbitral Award Challenge
CASE-002162,Corporate & Commercial,Commercial Contract Dispute
CASE-002163,Medical Negligence,Medical Negligence Complaint
CASE-002164,Medical Negligence,Medical Negligence Complaint
CASE-002165,Consumer Protection,Deficiency in Service Complaint
CASE-002166,Employment & Labour,Wrongful Termination
CASE-002167,Real Estate & Housing,Builder-Buyer / RERA Dispute
CASE-002168,Cybercrime & IT,Online Fraud / Cybercrime
CASE-002169,Constitutional Law,Writ / Fundamental Rights Petition
CASE-002170,Property & Land,Property / Partition Suit
CASE-002171,Environmental Law,Environmental Clearance Challenge
CASE-002172,Corporate & Commercial,Commercial Contract Dispute
CASE-002173,Arbitration,Arbitral Award Challenge
CASE-002174,Administrative Law,Administrative Order Challenge
CASE-002175,Criminal Law,Criminal Trial
CASE-002176,Contract & Agreement,Breach of Contract / Specific Performance
CASE-002177,Media & Defamation,Defamation Suit
CASE-002178,Administrative Law,Administrative Order Challenge
CASE-002179,Divorce & Matrimonial,Divorce Petition
CASE-002180,Environmental Law,Environmental Clearance Challenge
CASE-002181,Cybercrime & IT,Online Fraud / Cybercrime
CASE-002182,Child Protection,POCSO / Child Protection Proceeding
CASE-002183,Arbitration,Arbitral Award Challenge
CASE-002184,Cybercrime & IT,Online Fraud / Cybercrime
CASE-002185,Intellectual Property,Trademark Infringement
CASE-002186,Immigration & Citizenship,Citizenship / Passport Matter
CASE-002187,Education Law,Student Admission / Examination Dispute
CASE-002188,Constitutional Law,Writ / Fundamental Rights Petition
CASE-002189,Criminal Law,Criminal Trial
CASE-002190,Child Protection,POCSO / Child Protection Proceeding
CASE-002191,Tax & GST,GST / Tax Assessment Appeal
CASE-002192,Arbitration,Arbitral Award Challenge
CASE-002193,Insolvency & Bankruptcy,Corporate Insolvency Resolution
CASE-002194,White Collar Crime,Money Laundering / Corruption Case
CASE-002195,Corporate & Commercial,Commercial Contract Dispute
CASE-002196,Immigration & Citizenship,Citizenship / Passport Matter
CASE-002197,Family & Succession,Inheritance / Probate
CASE-002198,Human Rights & PIL,Public Interest Litigation
CASE-002199,Tax & GST,GST / Tax Assessment Appeal
CASE-002200,Employment & Labour,Wrongful Termination
CASE-002201,Administrative Law,Administrative Order Challenge
CASE-002202,Divorce & Matrimonial,Divorce Petition
CASE-002203,Insolvency & Bankruptcy,Corporate Insolvency Resolution
CASE-002204,Cybercrime & IT,Online Fraud / Cybercrime
CASE-002205,Banking & Finance,Loan Recovery / Cheque Dishonour
CASE-002206,Property & Land,Property / Partition Suit
CASE-002207,Tax & GST,GST / Tax Assessment Appeal
CASE-002208,Employment & Labour,Wrongful Termination
CASE-002209,Family & Succession,Inheritance / Probate
CASE-002210,Corporate & Commercial,Commercial Contract Dispute
CASE-002211,Divorce & Matrimonial,Divorce Petition
CASE-002212,Cybercrime & IT,Online Fraud / Cybercrime
CASE-002213,Corporate & Commercial,Commercial Contract Dispute
CASE-002214,Corporate & Commercial,Commercial Contract Dispute
CASE-002215,Property & Land,Property / Partition Suit
CASE-002216,Medical Negligence,Medical Negligence Complaint
CASE-002217,Human Rights & PIL,Public Interest Litigation
CASE-002218,Constitutional Law,Writ / Fundamental Rights Petition
CASE-002219,Medical Negligence,Medical Negligence Complaint
CASE-002220,Employment & Labour,Wrongful Termination
CASE-002221,White Collar Crime,Money Laundering / Corruption Case
CASE-002222,Arbitration,Arbitral Award Challenge
CASE-002223,Administrative Law,Administrative Order Challenge
CASE-002224,White Collar Crime,Money Laundering / Corruption Case
CASE-002225,Immigration & Citizenship,Citizenship / Passport Matter
CASE-002226,Consumer Protection,Deficiency in Service Complaint
CASE-002227,Insolvency & Bankruptcy,Corporate Insolvency Resolution
CASE-002228,Environmental Law,Environmental Clearance Challenge
CASE-002229,Tax & GST,GST / Tax Assessment Appeal
CASE-002230,Administrative Law,Administrative Order Challenge
CASE-002231,Intellectual Property,Trademark Infringement
CASE-002232,Consumer Protection,Deficiency in Service Complaint
CASE-002233,Education Law,Student Admission / Examination Dispute
CASE-002234,Property & Land,Property / Partition Suit
CASE-002235,Medical Negligence,Medical Negligence Complaint
CASE-002236,Corporate & Commercial,Commercial Contract Dispute
CASE-002237,Education Law,Student Admission / Examination Dispute
CASE-002238,Child Protection,POCSO / Child Protection Proceeding
CASE-002239,Administrative Law,Administrative Order Challenge
CASE-002240,Insolvency & Bankruptcy,Corporate Insolvency Resolution
CASE-002241,White Collar Crime,Money Laundering / Corruption Case
CASE-002242,Cybercrime & IT,Online Fraud / Cybercrime
CASE-002243,Intellectual Property,Trademark Infringement
CASE-002244,Constitutional Law,Writ / Fundamental Rights Petition
CASE-002245,Family & Succession,Inheritance / Probate
CASE-002246,Arbitration,Arbitral Award Challenge
CASE-002247,Environmental Law,Environmental Clearance Challenge
CASE-002248,Medical Negligence,Medical Negligence Complaint
CASE-002249,White Collar Crime,Money Laundering / Corruption Case
CASE-002250,Motor Accident Claims,Motor Accident Compensation Claim
CASE-002251,Contract & Agreement,Breach of Contract / Specific Performance
CASE-002252,Consumer Protection,Deficiency in Service Complaint
CASE-002253,Cybercrime & IT,Online Fraud / Cybercrime
CASE-002254,Administrative Law,Administrative Order Challenge
CASE-002255,Contract & Agreement,Breach of Contract / Specific Performance
CASE-002256,Environmental Law,Environmental Clearance Challenge
CASE-002257,Divorce & Matrimonial,Divorce Petition
CASE-002258,Contract & Agreement,Breach of Contract / Specific Performance
CASE-002259,Administrative Law,Administrative Order Challenge
CASE-002260,Corporate & Commercial,Commercial Contract Dispute
CASE-002261,Intellectual Property,Trademark Infringement
CASE-002262,Consumer Protection,Deficiency in Service Complaint
CASE-002263,White Collar Crime,Money Laundering / Corruption Case
CASE-002264,Criminal Law,Criminal Trial
CASE-002265,Human Rights & PIL,Public Interest Litigation
CASE-002266,Environmental Law,Environmental Clearance Challenge
CASE-002267,Consumer Protection,Deficiency in Service Complaint
CASE-002268,Cybercrime & IT,Online Fraud / Cybercrime
CASE-002269,Human Rights & PIL,Public Interest Litigation
CASE-002270,Contract & Agreement,Breach of Contract / Specific Performance
CASE-002271,Intellectual Property,Trademark Infringement
CASE-002272,Data Privacy,Personal Data Misuse / Privacy Petition
CASE-002273,Administrative Law,Administrative Order Challenge
CASE-002274,Cybercrime & IT,Online Fraud / Cybercrime
CASE-002275,Intellectual Property,Trademark Infringement
CASE-002276,Environmental Law,Environmental Clearance Challenge
CASE-002277,Human Rights & PIL,Public Interest Litigation
CASE-002278,Banking & Finance,Loan Recovery / Cheque Dishonour
CASE-002279,Cybercrime & IT,Online Fraud / Cybercrime
CASE-002280,Real Estate & Housing,Builder-Buyer / RERA Dispute
CASE-002281,Administrative Law,Administrative Order Challenge
CASE-002282,Property & Land,Property / Partition Suit
CASE-002283,Data Privacy,Personal Data Misuse / Privacy Petition
CASE-002284,Employment & Labour,Wrongful Termination
CASE-002285,Real Estate & Housing,Builder-Buyer / RERA Dispute
CASE-002286,Child Protection,POCSO / Child Protection Proceeding
CASE-002287,Banking & Finance,Loan Recovery / Cheque Dishonour
CASE-002288,Property & Land,Property / Partition Suit
CASE-002289,Consumer Protection,Deficiency in Service Complaint
CASE-002290,Environmental Law,Environmental Clearance Challenge
CASE-002291,Consumer Protection,Deficiency in Service Complaint
CASE-002292,Consumer Protection,Deficiency in Service Complaint
CASE-002293,Human Rights & PIL,Public Interest Litigation
CASE-002294,Employment & Labour,Wrongful Termination
CASE-002295,Medical Negligence,Medical Negligence Complaint
CASE-002296,Arbitration,Arbitral Award Challenge
CASE-002297,Real Estate & Housing,Builder-Buyer / RERA Dispute
CASE-002298,Data Privacy,Personal Data Misuse / Privacy Petition
CASE-002299,Criminal Law,Criminal Trial
CASE-002300,Contract & Agreement,Breach of Contract / Specific Performance
CASE-002301,Media & Defamation,Defamation Suit
CASE-002302,Media & Defamation,Defamation Suit
CASE-002303,Criminal Law,Criminal Trial
CASE-002304,Consumer Protection,Deficiency in Service Complaint
CASE-002305,Intellectual Property,Trademark Infringement
CASE-002306,Child Protection,POCSO / Child Protection Proceeding
CASE-002307,Administrative Law,Administrative Order Challenge
CASE-002308,Data Privacy,Personal Data Misuse / Privacy Petition
CASE-002309,Media & Defamation,Defamation Suit
CASE-002310,Divorce & Matrimonial,Divorce Petition
CASE-002311,Employment & Labour,Wrongful Termination
CASE-002312,Human Rights & PIL,Public Interest Litigation
CASE-002313,Contract & Agreement,Breach of Contract / Specific Performance
CASE-002314,Cybercrime & IT,Online Fraud / Cybercrime
CASE-002315,Education Law,Student Admission / Examination Dispute
CASE-002316,Motor Accident Claims,Motor Accident Compensation Claim
CASE-002317,Property & Land,Property / Partition Suit
CASE-002318,Child Protection,POCSO / Child Protection Proceeding
CASE-002319,Environmental Law,Environmental Clearance Challenge
CASE-002320,Constitutional Law,Writ / Fundamental Rights Petition
CASE-002321,Media & Defamation,Defamation Suit
CASE-002322,Environmental Law,Environmental Clearance Challenge
CASE-002323,Corporate & Commercial,Commercial Contract Dispute
CASE-002324,Media & Defamation,Defamation Suit
CASE-002325,Immigration & Citizenship,Citizenship / Passport Matter
CASE-002326,Property & Land,Property / Partition Suit
CASE-002327,Constitutional Law,Writ / Fundamental Rights Petition
CASE-002328,Data Privacy,Personal Data Misuse / Privacy Petition
CASE-002329,Human Rights & PIL,Public Interest Litigation
CASE-002330,Employment & Labour,Wrongful Termination
CASE-002331,Arbitration,Arbitral Award Challenge
CASE-002332,Corporate & Commercial,Commercial Contract Dispute
CASE-002333,Medical Negligence,Medical Negligence Complaint
CASE-002334,Constitutional Law,Writ / Fundamental Rights Petition
CASE-002335,Divorce & Matrimonial,Divorce Petition
CASE-002336,Environmental Law,Environmental Clearance Challenge
CASE-002337,Criminal Law,Criminal Trial
CASE-002338,Criminal Law,Criminal Trial
CASE-002339,Human Rights & PIL,Public Interest Litigation
CASE-002340,Insolvency & Bankruptcy,Corporate Insolvency Resolution
CASE-002341,Employment & Labour,Wrongful Termination
CASE-002342,Contract & Agreement,Breach of Contract / Specific Performance
CASE-002343,Insolvency & Bankruptcy,Corporate Insolvency Resolution
CASE-002344,Human Rights & PIL,Public Interest Litigation
CASE-002345,Criminal Law,Criminal Trial
CASE-002346,Immigration & Citizenship,Citizenship / Passport Matter
CASE-002347,Banking & Finance,Loan Recovery / Cheque Dishonour
CASE-002348,Consumer Protection,Deficiency in Service Complaint
CASE-002349,Media & Defamation,Defamation Suit
CASE-002350,Immigration & Citizenship,Citizenship / Passport Matter
CASE-002351,Motor Accident Claims,Motor Accident Compensation Claim
CASE-002352,Medical Negligence,Medical Negligence Complaint
CASE-002353,Child Protection,POCSO / Child Protection Proceeding
CASE-002354,White Collar Crime,Money Laundering / Corruption Case
CASE-002355,Tax & GST,GST / Tax Assessment Appeal
CASE-002356,White Collar Crime,Money Laundering / Corruption Case
CASE-002357,Criminal Law,Criminal Trial
CASE-002358,Arbitration,Arbitral Award Challenge
CASE-002359,Human Rights & PIL,Public Interest Litigation
CASE-002360,Corporate & Commercial,Commercial Contract Dispute
CASE-002361,Intellectual Property,Trademark Infringement
CASE-002362,Real Estate & Housing,Builder-Buyer / RERA Dispute
CASE-002363,Child Protection,POCSO / Child Protection Proceeding
CASE-002364,Media & Defamation,Defamation Suit
CASE-002365,Insolvency & Bankruptcy,Corporate Insolvency Resolution
CASE-002366,Consumer Protection,Deficiency in Service Complaint
CASE-002367,Motor Accident Claims,Motor Accident Compensation Claim
CASE-002368,Education Law,Student Admission / Examination Dispute
CASE-002369,Family & Succession,Inheritance / Probate
CASE-002370,Property & Land,Property / Partition Suit
CASE-002371,Medical Negligence,Medical Negligence Complaint
CASE-002372,Criminal Law,Criminal Trial
CASE-002373,Media & Defamation,Defamation Suit
CASE-002374,Immigration & Citizenship,Citizenship / Passport Matter
CASE-002375,Real Estate & Housing,Builder-Buyer / RERA Dispute
CASE-002376,Administrative Law,Administrative Order Challenge
CASE-002377,Consumer Protection,Deficiency in Service Complaint
CASE-002378,Banking & Finance,Loan Recovery / Cheque Dishonour
CASE-002379,Constitutional Law,Writ / Fundamental Rights Petition
CASE-002380,Corporate & Commercial,Commercial Contract Dispute
CASE-002381,Medical Negligence,Medical Negligence Complaint
CASE-002382,Immigration & Citizenship,Citizenship / Passport Matter
CASE-002383,Employment & Labour,Wrongful Termination
CASE-002384,Real Estate & Housing,Builder-Buyer / RERA Dispute
CASE-002385,Immigration & Citizenship,Citizenship / Passport Matter
CASE-002386,White Collar Crime,Money Laundering / Corruption Case
CASE-002387,Medical Negligence,Medical Negligence Complaint
CASE-002388,Arbitration,Arbitral Award Challenge
CASE-002389,Administrative Law,Administrative Order Challenge
CASE-002390,Administrative Law,Administrative Order Challenge
CASE-002391,Insolvency & Bankruptcy,Corporate Insolvency Resolution
CASE-002392,Real Estate & Housing,Builder-Buyer / RERA Dispute
CASE-002393,Motor Accident Claims,Motor Accident Compensation Claim
CASE-002394,Education Law,Student Admission / Examination Dispute
CASE-002395,Insolvency & Bankruptcy,Corporate Insolvency Resolution
CASE-002396,Education Law,Student Admission / Examination Dispute
CASE-002397,Constitutional Law,Writ / Fundamental Rights Petition
CASE-002398,Banking & Finance,Loan Recovery / Cheque Dishonour
CASE-002399,Banking & Finance,Loan Recovery / Cheque Dishonour
CASE-002400,Divorce & Matrimonial,Divorce Petition
CASE-002401,Divorce & Matrimonial,Divorce Petition
CASE-002402,Tax & GST,GST / Tax Assessment Appeal
CASE-002403,Medical Negligence,Medical Negligence Complaint
CASE-002404,Data Privacy,Personal Data Misuse / Privacy Petition
CASE-002405,Constitutional Law,Writ / Fundamental Rights Petition
CASE-002406,Banking & Finance,Loan Recovery / Cheque Dishonour
CASE-002407,Employment & Labour,Wrongful Termination
CASE-002408,Education Law,Student Admission / Examination Dispute
CASE-002409,Motor Accident Claims,Motor Accident Compensation Claim
CASE-002410,Immigration & Citizenship,Citizenship / Passport Matter
CASE-002411,Tax & GST,GST / Tax Assessment Appeal
CASE-002412,Intellectual Property,Trademark Infringement
CASE-002413,Family & Succession,Inheritance / Probate
CASE-002414,Human Rights & PIL,Public Interest Litigation
CASE-002415,Human Rights & PIL,Public Interest Litigation
CASE-002416,Consumer Protection,Deficiency in Service Complaint
CASE-002417,Data Privacy,Personal Data Misuse / Privacy Petition
CASE-002418,Environmental Law,Environmental Clearance Challenge
CASE-002419,Corporate & Commercial,Commercial Contract Dispute
CASE-002420,Data Privacy,Personal Data Misuse / Privacy Petition
CASE-002421,Corporate & Commercial,Commercial Contract Dispute
CASE-002422,Employment & Labour,Wrongful Termination
CASE-002423,Child Protection,POCSO / Child Protection Proceeding
CASE-002424,Property & Land,Property / Partition Suit
CASE-002425,Data Privacy,Personal Data Misuse / Privacy Petition
CASE-002426,Real Estate & Housing,Builder-Buyer / RERA Dispute
CASE-002427,Employment & Labour,Wrongful Termination
CASE-002428,Motor Accident Claims,Motor Accident Compensation Claim
CASE-002429,Immigration & Citizenship,Citizenship / Passport Matter
CASE-002430,Environmental Law,Environmental Clearance Challenge
CASE-002431,Family & Succession,Inheritance / Probate
CASE-002432,Education Law,Student Admission / Examination Dispute
CASE-002433,Tax & GST,GST / Tax Assessment Appeal
CASE-002434,Motor Accident Claims,Motor Accident Compensation Claim
CASE-002435,Consumer Protection,Deficiency in Service Complaint
CASE-002436,Banking & Finance,Loan Recovery / Cheque Dishonour
CASE-002437,Constitutional Law,Writ / Fundamental Rights Petition
CASE-002438,Criminal Law,Criminal Trial
CASE-002439,Arbitration,Arbitral Award Challenge
CASE-002440,Human Rights & PIL,Public Interest Litigation
CASE-002441,Property & Land,Property / Partition Suit
CASE-002442,Administrative Law,Administrative Order Challenge
CASE-002443,Administrative Law,Administrative Order Challenge
CASE-002444,Insolvency & Bankruptcy,Corporate Insolvency Resolution
CASE-002445,Immigration & Citizenship,Citizenship / Passport Matter
CASE-002446,Immigration & Citizenship,Citizenship / Passport Matter
CASE-002447,Immigration & Citizenship,Citizenship / Passport Matter
CASE-002448,Environmental Law,Environmental Clearance Challenge
CASE-002449,Tax & GST,GST / Tax Assessment Appeal
CASE-002450,Insolvency & Bankruptcy,Corporate Insolvency Resolution
CASE-002451,Data Privacy,Personal Data Misuse / Privacy Petition
CASE-002452,Education Law,Student Admission / Examination Dispute
CASE-002453,Insolvency & Bankruptcy,Corporate Insolvency Resolution
CASE-002454,Education Law,Student Admission / Examination Dispute
CASE-002455,Human Rights & PIL,Public Interest Litigation
CASE-002456,Real Estate & Housing,Builder-Buyer / RERA Dispute
CASE-002457,Administrative Law,Administrative Order Challenge
CASE-002458,Insolvency & Bankruptcy,Corporate Insolvency Resolution
CASE-002459,Employment & Labour,Wrongful Termination
CASE-002460,Immigration & Citizenship,Citizenship / Passport Matter
CASE-002461,Motor Accident Claims,Motor Accident Compensation Claim
CASE-002462,Banking & Finance,Loan Recovery / Cheque Dishonour
CASE-002463,Immigration & Citizenship,Citizenship / Passport Matter
CASE-002464,White Collar Crime,Money Laundering / Corruption Case
CASE-002465,Motor Accident Claims,Motor Accident Compensation Claim
CASE-002466,Tax & GST,GST / Tax Assessment Appeal
CASE-002467,Employment & Labour,Wrongful Termination
CASE-002468,Environmental Law,Environmental Clearance Challenge
CASE-002469,Criminal Law,Criminal Trial
CASE-002470,Administrative Law,Administrative Order Challenge
CASE-002471,Arbitration,Arbitral Award Challenge
CASE-002472,Tax & GST,GST / Tax Assessment Appeal
CASE-002473,Insolvency & Bankruptcy,Corporate Insolvency Resolution
CASE-002474,Banking & Finance,Loan Recovery / Cheque Dishonour
CASE-002475,Arbitration,Arbitral Award Challenge
CASE-002476,Consumer Protection,Deficiency in Service Complaint
CASE-002477,Insolvency & Bankruptcy,Corporate Insolvency Resolution
CASE-002478,Child Protection,POCSO / Child Protection Proceeding
CASE-002479,Immigration & Citizenship,Citizenship / Passport Matter
CASE-002480,Environmental Law,Environmental Clearance Challenge
CASE-002481,Insolvency & Bankruptcy,Corporate Insolvency Resolution
CASE-002482,Banking & Finance,Loan Recovery / Cheque Dishonour
CASE-002483,Banking & Finance,Loan Recovery / Cheque Dishonour
CASE-002484,Family & Succession,Inheritance / Probate
CASE-002485,Contract & Agreement,Breach of Contract / Specific Performance
CASE-002486,Administrative Law,Administrative Order Challenge
CASE-002487,Insolvency & Bankruptcy,Corporate Insolvency Resolution
CASE-002488,Divorce & Matrimonial,Divorce Petition
CASE-002489,Divorce & Matrimonial,Divorce Petition
CASE-002490,Banking & Finance,Loan Recovery / Cheque Dishonour
CASE-002491,Arbitration,Arbitral Award Challenge
CASE-002492,Divorce & Matrimonial,Divorce Petition
CASE-002493,Administrative Law,Administrative Order Challenge
CASE-002494,White Collar Crime,Money Laundering / Corruption Case
CASE-002495,Intellectual Property,Trademark Infringement
CASE-002496,Child Protection,POCSO / Child Protection Proceeding
CASE-002497,Tax & GST,GST / Tax Assessment Appeal
CASE-002498,Property & Land,Property / Partition Suit
CASE-002499,Child Protection,POCSO / Child Protection Proceeding
CASE-002500,Contract & Agreement,Breach of Contract / Specific Performance
CASE-002501,Banking & Finance,Loan Recovery / Cheque Dishonour
CASE-002502,Family & Succession,Inheritance / Probate
CASE-002503,Motor Accident Claims,Motor Accident Compensation Claim
CASE-002504,Cybercrime & IT,Online Fraud / Cybercrime
CASE-002505,Real Estate & Housing,Builder-Buyer / RERA Dispute
CASE-002506,Administrative Law,Administrative Order Challenge
CASE-002507,Motor Accident Claims,Motor Accident Compensation Claim
CASE-002508,Immigration & Citizenship,Citizenship / Passport Matter
CASE-002509,Media & Defamation,Defamation Suit
CASE-002510,Motor Accident Claims,Motor Accident Compensation Claim
CASE-002511,Cybercrime & IT,Online Fraud / Cybercrime
CASE-002512,Corporate & Commercial,Commercial Contract Dispute
CASE-002513,Banking & Finance,Loan Recovery / Cheque Dishonour
CASE-002514,Real Estate & Housing,Builder-Buyer / RERA Dispute
CASE-002515,Arbitration,Arbitral Award Challenge
CASE-002516,Human Rights & PIL,Public Interest Litigation
CASE-002517,Contract & Agreement,Breach of Contract / Specific Performance
CASE-002518,Data Privacy,Personal Data Misuse / Privacy Petition
CASE-002519,Intellectual Property,Trademark Infringement
CASE-002520,Data Privacy,Personal Data Misuse / Privacy Petition
CASE-002521,Employment & Labour,Wrongful Termination
CASE-002522,Tax & GST,GST / Tax Assessment Appeal
CASE-002523,Banking & Finance,Loan Recovery / Cheque Dishonour
CASE-002524,Environmental Law,Environmental Clearance Challenge
CASE-002525,Tax & GST,GST / Tax Assessment Appeal
CASE-002526,Real Estate & Housing,Builder-Buyer / RERA Dispute
CASE-002527,Media & Defamation,Defamation Suit
CASE-002528,Child Protection,POCSO / Child Protection Proceeding
CASE-002529,Insolvency & Bankruptcy,Corporate Insolvency Resolution
CASE-002530,Insolvency & Bankruptcy,Corporate Insolvency Resolution
CASE-002531,Contract & Agreement,Breach of Contract / Specific Performance
CASE-002532,Environmental Law,Environmental Clearance Challenge
CASE-002533,Child Protection,POCSO / Child Protection Proceeding
CASE-002534,Contract & Agreement,Breach of Contract / Specific Performance
CASE-002535,Data Privacy,Personal Data Misuse / Privacy Petition
CASE-002536,Banking & Finance,Loan Recovery / Cheque Dishonour
CASE-002537,Child Protection,POCSO / Child Protection Proceeding
CASE-002538,Intellectual Property,Trademark Infringement
CASE-002539,Human Rights & PIL,Public Interest Litigation
CASE-002540,Cybercrime & IT,Online Fraud / Cybercrime
CASE-002541,Property & Land,Property / Partition Suit
CASE-002542,Human Rights & PIL,Public Interest Litigation
CASE-002543,Constitutional Law,Writ / Fundamental Rights Petition
CASE-002544,Media & Defamation,Defamation Suit
CASE-002545,Intellectual Property,Trademark Infringement
CASE-002546,Employment & Labour,Wrongful Termination
CASE-002547,Constitutional Law,Writ / Fundamental Rights Petition
CASE-002548,Administrative Law,Administrative Order Challenge
CASE-002549,Immigration & Citizenship,Citizenship / Passport Matter
CASE-002550,Real Estate & Housing,Builder-Buyer / RERA Dispute
CASE-002551,Criminal Law,Criminal Trial
CASE-002552,Data Privacy,Personal Data Misuse / Privacy Petition
CASE-002553,Arbitration,Arbitral Award Challenge
CASE-002554,Media & Defamation,Defamation Suit
CASE-002555,Cybercrime & IT,Online Fraud / Cybercrime
CASE-002556,Environmental Law,Environmental Clearance Challenge
CASE-002557,Banking & Finance,Loan Recovery / Cheque Dishonour
CASE-002558,Child Protection,POCSO / Child Protection Proceeding
CASE-002559,Media & Defamation,Defamation Suit
CASE-002560,Consumer Protection,Deficiency in Service Complaint
CASE-002561,Education Law,Student Admission / Examination Dispute
CASE-002562,Divorce & Matrimonial,Divorce Petition
CASE-002563,Data Privacy,Personal Data Misuse / Privacy Petition
CASE-002564,Divorce & Matrimonial,Divorce Petition
CASE-002565,Human Rights & PIL,Public Interest Litigation
CASE-002566,Property & Land,Property / Partition Suit
CASE-002567,Banking & Finance,Loan Recovery / Cheque Dishonour
CASE-002568,Real Estate & Housing,Builder-Buyer / RERA Dispute
CASE-002569,Family & Succession,Inheritance / Probate
CASE-002570,Banking & Finance,Loan Recovery / Cheque Dishonour
CASE-002571,Motor Accident Claims,Motor Accident Compensation Claim
CASE-002572,Environmental Law,Environmental Clearance Challenge
CASE-002573,Cybercrime & IT,Online Fraud / Cybercrime
CASE-002574,Tax & GST,GST / Tax Assessment Appeal
CASE-002575,Cybercrime & IT,Online Fraud / Cybercrime
CASE-002576,Real Estate & Housing,Builder-Buyer / RERA Dispute
CASE-002577,Immigration & Citizenship,Citizenship / Passport Matter
CASE-002578,Property & Land,Property / Partition Suit
CASE-002579,Motor Accident Claims,Motor Accident Compensation Claim
CASE-002580,Contract & Agreement,Breach of Contract / Specific Performance
CASE-002581,White Collar Crime,Money Laundering / Corruption Case
CASE-002582,Property & Land,Property / Partition Suit
CASE-002583,Family & Succession,Inheritance / Probate
CASE-002584,Real Estate & Housing,Builder-Buyer / RERA Dispute
CASE-002585,Education Law,Student Admission / Examination Dispute
CASE-002586,Motor Accident Claims,Motor Accident Compensation Claim
CASE-002587,Banking & Finance,Loan Recovery / Cheque Dishonour
CASE-002588,Family & Succession,Inheritance / Probate
CASE-002589,Insolvency & Bankruptcy,Corporate Insolvency Resolution
CASE-002590,Data Privacy,Personal Data Misuse / Privacy Petition
CASE-002591,Constitutional Law,Writ / Fundamental Rights Petition
CASE-002592,Constitutional Law,Writ / Fundamental Rights Petition
CASE-002593,Consumer Protection,Deficiency in Service Complaint
CASE-002594,Motor Accident Claims,Motor Accident Compensation Claim
CASE-002595,Intellectual Property,Trademark Infringement
CASE-002596,Cybercrime & IT,Online Fraud / Cybercrime
CASE-002597,Corporate & Commercial,Commercial Contract Dispute
CASE-002598,Property & Land,Property / Partition Suit
CASE-002599,Consumer Protection,Deficiency in Service Complaint
CASE-002600,Employment & Labour,Wrongful Termination
CASE-002601,Intellectual Property,Trademark Infringement
CASE-002602,Property & Land,Property / Partition Suit
CASE-002603,Employment & Labour,Wrongful Termination
CASE-002604,Arbitration,Arbitral Award Challenge
CASE-002605,Employment & Labour,Wrongful Termination
CASE-002606,Human Rights & PIL,Public Interest Litigation
CASE-002607,Consumer Protection,Deficiency in Service Complaint
CASE-002608,Property & Land,Property / Partition Suit
CASE-002609,Banking & Finance,Loan Recovery / Cheque Dishonour
CASE-002610,Constitutional Law,Writ / Fundamental Rights Petition
CASE-002611,Environmental Law,Environmental Clearance Challenge
CASE-002612,Arbitration,Arbitral Award Challenge
CASE-002613,Family & Succession,Inheritance / Probate
CASE-002614,Child Protection,POCSO / Child Protection Proceeding
CASE-002615,Administrative Law,Administrative Order Challenge
CASE-002616,Administrative Law,Administrative Order Challenge
CASE-002617,Data Privacy,Personal Data Misuse / Privacy Petition
CASE-002618,Immigration & Citizenship,Citizenship / Passport Matter
CASE-002619,Insolvency & Bankruptcy,Corporate Insolvency Resolution
CASE-002620,Contract & Agreement,Breach of Contract / Specific Performance
CASE-002621,Medical Negligence,Medical Negligence Complaint
CASE-002622,Criminal Law,Criminal Trial
CASE-002623,Employment & Labour,Wrongful Termination
CASE-002624,Motor Accident Claims,Motor Accident Compensation Claim
CASE-002625,Media & Defamation,Defamation Suit
CASE-002626,Environmental Law,Environmental Clearance Challenge
CASE-002627,Employment & Labour,Wrongful Termination
CASE-002628,Environmental Law,Environmental Clearance Challenge
CASE-002629,Environmental Law,Environmental Clearance Challenge
CASE-002630,Real Estate & Housing,Builder-Buyer / RERA Dispute
CASE-002631,Human Rights & PIL,Public Interest Litigation
CASE-002632,White Collar Crime,Money Laundering / Corruption Case
CASE-002633,Contract & Agreement,Breach of Contract / Specific Performance
CASE-002634,Banking & Finance,Loan Recovery / Cheque Dishonour
CASE-002635,Arbitration,Arbitral Award Challenge
CASE-002636,Medical Negligence,Medical Negligence Complaint
CASE-002637,Family & Succession,Inheritance / Probate
CASE-002638,Child Protection,POCSO / Child Protection Proceeding
CASE-002639,Family & Succession,Inheritance / Probate
CASE-002640,Immigration & Citizenship,Citizenship / Passport Matter
CASE-002641,Medical Negligence,Medical Negligence Complaint
CASE-002642,Divorce & Matrimonial,Divorce Petition
CASE-002643,Banking & Finance,Loan Recovery / Cheque Dishonour
CASE-002644,Consumer Protection,Deficiency in Service Complaint
CASE-002645,Banking & Finance,Loan Recovery / Cheque Dishonour
CASE-002646,Contract & Agreement,Breach of Contract / Specific Performance
CASE-002647,Motor Accident Claims,Motor Accident Compensation Claim
CASE-002648,Cybercrime & IT,Online Fraud / Cybercrime
CASE-002649,Family & Succession,Inheritance / Probate
CASE-002650,Contract & Agreement,Breach of Contract / Specific Performance
CASE-002651,Environmental Law,Environmental Clearance Challenge
CASE-002652,Consumer Protection,Deficiency in Service Complaint
CASE-002653,Property & Land,Property / Partition Suit
CASE-002654,Employment & Labour,Wrongful Termination
CASE-002655,Arbitration,Arbitral Award Challenge
CASE-002656,Divorce & Matrimonial,Divorce Petition
CASE-002657,Cybercrime & IT,Online Fraud / Cybercrime
CASE-002658,Data Privacy,Personal Data Misuse / Privacy Petition
CASE-002659,Administrative Law,Administrative Order Challenge
CASE-002660,Family & Succession,Inheritance / Probate
CASE-002661,Motor Accident Claims,Motor Accident Compensation Claim
CASE-002662,Corporate & Commercial,Commercial Contract Dispute
CASE-002663,Child Protection,POCSO / Child Protection Proceeding
CASE-002664,Arbitration,Arbitral Award Challenge
CASE-002665,Corporate & Commercial,Commercial Contract Dispute
CASE-002666,Family & Succession,Inheritance / Probate
CASE-002667,Arbitration,Arbitral Award Challenge
CASE-002668,Property & Land,Property / Partition Suit
CASE-002669,Family & Succession,Inheritance / Probate
CASE-002670,Insolvency & Bankruptcy,Corporate Insolvency Resolution
CASE-002671,Motor Accident Claims,Motor Accident Compensation Claim
CASE-002672,Immigration & Citizenship,Citizenship / Passport Matter
CASE-002673,Intellectual Property,Trademark Infringement
CASE-002674,Child Protection,POCSO / Child Protection Proceeding
CASE-002675,Employment & Labour,Wrongful Termination
CASE-002676,Contract & Agreement,Breach of Contract / Specific Performance
CASE-002677,Divorce & Matrimonial,Divorce Petition
CASE-002678,Human Rights & PIL,Public Interest Litigation
CASE-002679,Tax & GST,GST / Tax Assessment Appeal
CASE-002680,Divorce & Matrimonial,Divorce Petition
CASE-002681,Arbitration,Arbitral Award Challenge
CASE-002682,Employment & Labour,Wrongful Termination
CASE-002683,Environmental Law,Environmental Clearance Challenge
CASE-002684,Real Estate & Housing,Builder-Buyer / RERA Dispute
CASE-002685,Contract & Agreement,Breach of Contract / Specific Performance
CASE-002686,Data Privacy,Personal Data Misuse / Privacy Petition
CASE-002687,Administrative Law,Administrative Order Challenge
CASE-002688,Motor Accident Claims,Motor Accident Compensation Claim
CASE-002689,Media & Defamation,Defamation Suit
CASE-002690,Education Law,Student Admission / Examination Dispute
CASE-002691,Consumer Protection,Deficiency in Service Complaint
CASE-002692,Family & Succession,Inheritance / Probate
CASE-002693,Family & Succession,Inheritance / Probate
CASE-002694,Media & Defamation,Defamation Suit
CASE-002695,Divorce & Matrimonial,Divorce Petition
CASE-002696,Real Estate & Housing,Builder-Buyer / RERA Dispute
CASE-002697,Immigration & Citizenship,Citizenship / Passport Matter
CASE-002698,Arbitration,Arbitral Award Challenge
CASE-002699,Cybercrime & IT,Online Fraud / Cybercrime
CASE-002700,Employment & Labour,Wrongful Termination
CASE-002701,Divorce & Matrimonial,Divorce Petition
CASE-002702,Constitutional Law,Writ / Fundamental Rights Petition
CASE-002703,Divorce & Matrimonial,Divorce Petition
CASE-002704,Media & Defamation,Defamation Suit
CASE-002705,Divorce & Matrimonial,Divorce Petition
CASE-002706,Environmental Law,Environmental Clearance Challenge
CASE-002707,Arbitration,Arbitral Award Challenge
CASE-002708,Intellectual Property,Trademark Infringement
CASE-002709,Consumer Protection,Deficiency in Service Complaint
CASE-002710,Family & Succession,Inheritance / Probate
CASE-002711,Criminal Law,Criminal Trial
CASE-002712,Constitutional Law,Writ / Fundamental Rights Petition
CASE-002713,Criminal Law,Criminal Trial
CASE-002714,Insolvency & Bankruptcy,Corporate Insolvency Resolution
CASE-002715,Tax & GST,GST / Tax Assessment Appeal
CASE-002716,Corporate & Commercial,Commercial Contract Dispute
CASE-002717,Contract & Agreement,Breach of Contract / Specific Performance
CASE-002718,Corporate & Commercial,Commercial Contract Dispute
CASE-002719,Intellectual Property,Trademark Infringement
CASE-002720,Insolvency & Bankruptcy,Corporate Insolvency Resolution
CASE-002721,Immigration & Citizenship,Citizenship / Passport Matter
CASE-002722,Cybercrime & IT,Online Fraud / Cybercrime
CASE-002723,Motor Accident Claims,Motor Accident Compensation Claim
CASE-002724,Corporate & Commercial,Commercial Contract Dispute
CASE-002725,White Collar Crime,Money Laundering / Corruption Case
CASE-002726,Criminal Law,Criminal Trial
CASE-002727,Banking & Finance,Loan Recovery / Cheque Dishonour
CASE-002728,Motor Accident Claims,Motor Accident Compensation Claim
CASE-002729,Tax & GST,GST / Tax Assessment Appeal
CASE-002730,Media & Defamation,Defamation Suit
CASE-002731,White Collar Crime,Money Laundering / Corruption Case
CASE-002732,Intellectual Property,Trademark Infringement
CASE-002733,Employment & Labour,Wrongful Termination
CASE-002734,Child Protection,POCSO / Child Protection Proceeding
CASE-002735,Family & Succession,Inheritance / Probate
CASE-002736,Employment & Labour,Wrongful Termination
CASE-002737,Media & Defamation,Defamation Suit
CASE-002738,Criminal Law,Criminal Trial
CASE-002739,Environmental Law,Environmental Clearance Challenge
CASE-002740,Cybercrime & IT,Online Fraud / Cybercrime
CASE-002741,White Collar Crime,Money Laundering / Corruption Case
CASE-002742,Arbitration,Arbitral Award Challenge
CASE-002743,Immigration & Citizenship,Citizenship / Passport Matter
CASE-002744,Divorce & Matrimonial,Divorce Petition
CASE-002745,Corporate & Commercial,Commercial Contract Dispute
CASE-002746,Arbitration,Arbitral Award Challenge
CASE-002747,Data Privacy,Personal Data Misuse / Privacy Petition
CASE-002748,Constitutional Law,Writ / Fundamental Rights Petition
CASE-002749,Data Privacy,Personal Data Misuse / Privacy Petition
CASE-002750,Divorce & Matrimonial,Divorce Petition
CASE-002751,Constitutional Law,Writ / Fundamental Rights Petition
CASE-002752,Arbitration,Arbitral Award Challenge
CASE-002753,Intellectual Property,Trademark Infringement
CASE-002754,Insolvency & Bankruptcy,Corporate Insolvency Resolution
CASE-002755,Insolvency & Bankruptcy,Corporate Insolvency Resolution
CASE-002756,Corporate & Commercial,Commercial Contract Dispute
CASE-002757,Media & Defamation,Defamation Suit
CASE-002758,Insolvency & Bankruptcy,Corporate Insolvency Resolution
CASE-002759,Human Rights & PIL,Public Interest Litigation
CASE-002760,Human Rights & PIL,Public Interest Litigation
CASE-002761,Environmental Law,Environmental Clearance Challenge
CASE-002762,Motor Accident Claims,Motor Accident Compensation Claim
CASE-002763,Motor Accident Claims,Motor Accident Compensation Claim
CASE-002764,Corporate & Commercial,Commercial Contract Dispute
CASE-002765,Divorce & Matrimonial,Divorce Petition
CASE-002766,Family & Succession,Inheritance / Probate
CASE-002767,Divorce & Matrimonial,Divorce Petition
CASE-002768,Media & Defamation,Defamation Suit
CASE-002769,Motor Accident Claims,Motor Accident Compensation Claim
CASE-002770,Medical Negligence,Medical Negligence Complaint
CASE-002771,Corporate & Commercial,Commercial Contract Dispute
CASE-002772,Arbitration,Arbitral Award Challenge
CASE-002773,Family & Succession,Inheritance / Probate
CASE-002774,Criminal Law,Criminal Trial
CASE-002775,Data Privacy,Personal Data Misuse / Privacy Petition
CASE-002776,Media & Defamation,Defamation Suit
CASE-002777,Criminal Law,Criminal Trial
CASE-002778,Family & Succession,Inheritance / Probate
CASE-002779,Consumer Protection,Deficiency in Service Complaint
CASE-002780,Property & Land,Property / Partition Suit
CASE-002781,Tax & GST,GST / Tax Assessment Appeal
CASE-002782,Property & Land,Property / Partition Suit
CASE-002783,Corporate & Commercial,Commercial Contract Dispute
CASE-002784,Intellectual Property,Trademark Infringement
CASE-002785,White Collar Crime,Money Laundering / Corruption Case
CASE-002786,Arbitration,Arbitral Award Challenge
CASE-002787,Consumer Protection,Deficiency in Service Complaint
CASE-002788,White Collar Crime,Money Laundering / Corruption Case
CASE-002789,Immigration & Citizenship,Citizenship / Passport Matter
CASE-002790,Consumer Protection,Deficiency in Service Complaint
CASE-002791,Media & Defamation,Defamation Suit
CASE-002792,Family & Succession,Inheritance / Probate
CASE-002793,Divorce & Matrimonial,Divorce Petition
CASE-002794,Contract & Agreement,Breach of Contract / Specific Performance
CASE-002795,Real Estate & Housing,Builder-Buyer / RERA Dispute
CASE-002796,Intellectual Property,Trademark Infringement
CASE-002797,Family & Succession,Inheritance / Probate
CASE-002798,Insolvency & Bankruptcy,Corporate Insolvency Resolution
CASE-002799,Data Privacy,Personal Data Misuse / Privacy Petition
CASE-002800,Consumer Protection,Deficiency in Service Complaint
CASE-002801,White Collar Crime,Money Laundering / Corruption Case
CASE-002802,Motor Accident Claims,Motor Accident Compensation Claim
CASE-002803,Criminal Law,Criminal Trial
CASE-002804,Human Rights & PIL,Public Interest Litigation
CASE-002805,Cybercrime & IT,Online Fraud / Cybercrime
CASE-002806,Immigration & Citizenship,Citizenship / Passport Matter
CASE-002807,Motor Accident Claims,Motor Accident Compensation Claim
CASE-002808,Criminal Law,Criminal Trial
CASE-002809,Consumer Protection,Deficiency in Service Complaint
CASE-002810,Employment & Labour,Wrongful Termination
CASE-002811,Insolvency & Bankruptcy,Corporate Insolvency Resolution
CASE-002812,Family & Succession,Inheritance / Probate
CASE-002813,Insolvency & Bankruptcy,Corporate Insolvency Resolution
CASE-002814,Insolvency & Bankruptcy,Corporate Insolvency Resolution
CASE-002815,Motor Accident Claims,Motor Accident Compensation Claim
CASE-002816,Insolvency & Bankruptcy,Corporate Insolvency Resolution
CASE-002817,Intellectual Property,Trademark Infringement
CASE-002818,White Collar Crime,Money Laundering / Corruption Case
CASE-002819,Criminal Law,Criminal Trial
CASE-002820,Consumer Protection,Deficiency in Service Complaint
CASE-002821,Intellectual Property,Trademark Infringement
CASE-002822,Media & Defamation,Defamation Suit
CASE-002823,Medical Negligence,Medical Negligence Complaint
CASE-002824,Family & Succession,Inheritance / Probate
CASE-002825,Media & Defamation,Defamation Suit
CASE-002826,Constitutional Law,Writ / Fundamental Rights Petition
CASE-002827,Medical Negligence,Medical Negligence Complaint
CASE-002828,Real Estate & Housing,Builder-Buyer / RERA Dispute
CASE-002829,Real Estate & Housing,Builder-Buyer / RERA Dispute
CASE-002830,Criminal Law,Criminal Trial
CASE-002831,Education Law,Student Admission / Examination Dispute
CASE-002832,Contract & Agreement,Breach of Contract / Specific Performance
CASE-002833,Immigration & Citizenship,Citizenship / Passport Matter
CASE-002834,Criminal Law,Criminal Trial
CASE-002835,Arbitration,Arbitral Award Challenge
CASE-002836,Medical Negligence,Medical Negligence Complaint
CASE-002837,Banking & Finance,Loan Recovery / Cheque Dishonour
CASE-002838,Employment & Labour,Wrongful Termination
CASE-002839,Immigration & Citizenship,Citizenship / Passport Matter
CASE-002840,Child Protection,POCSO / Child Protection Proceeding
CASE-002841,Child Protection,POCSO / Child Protection Proceeding
CASE-002842,Education Law,Student Admission / Examination Dispute
CASE-002843,Cybercrime & IT,Online Fraud / Cybercrime
CASE-002844,Consumer Protection,Deficiency in Service Complaint
CASE-002845,Environmental Law,Environmental Clearance Challenge
CASE-002846,Criminal Law,Criminal Trial
CASE-002847,Banking & Finance,Loan Recovery / Cheque Dishonour
CASE-002848,Banking & Finance,Loan Recovery / Cheque Dishonour
CASE-002849,Medical Negligence,Medical Negligence Complaint
CASE-002850,Criminal Law,Criminal Trial
CASE-002851,Corporate & Commercial,Commercial Contract Dispute
CASE-002852,Motor Accident Claims,Motor Accident Compensation Claim
CASE-002853,Arbitration,Arbitral Award Challenge
CASE-002854,Divorce & Matrimonial,Divorce Petition
CASE-002855,Consumer Protection,Deficiency in Service Complaint
CASE-002856,Child Protection,POCSO / Child Protection Proceeding
CASE-002857,Employment & Labour,Wrongful Termination
CASE-002858,Property & Land,Property / Partition Suit
CASE-002859,Administrative Law,Administrative Order Challenge
CASE-002860,Immigration & Citizenship,Citizenship / Passport Matter
CASE-002861,Human Rights & PIL,Public Interest Litigation
CASE-002862,Media & Defamation,Defamation Suit
CASE-002863,Family & Succession,Inheritance / Probate
CASE-002864,Media & Defamation,Defamation Suit
CASE-002865,Corporate & Commercial,Commercial Contract Dispute
CASE-002866,Constitutional Law,Writ / Fundamental Rights Petition
CASE-002867,Banking & Finance,Loan Recovery / Cheque Dishonour
CASE-002868,Administrative Law,Administrative Order Challenge
CASE-002869,Real Estate & Housing,Builder-Buyer / RERA Dispute
CASE-002870,Corporate & Commercial,Commercial Contract Dispute
CASE-002871,Intellectual Property,Trademark Infringement
CASE-002872,Consumer Protection,Deficiency in Service Complaint
CASE-002873,Data Privacy,Personal Data Misuse / Privacy Petition
CASE-002874,Divorce & Matrimonial,Divorce Petition
CASE-002875,Medical Negligence,Medical Negligence Complaint
CASE-002876,Education Law,Student Admission / Examination Dispute
CASE-002877,Administrative Law,Administrative Order Challenge
CASE-002878,Tax & GST,GST / Tax Assessment Appeal
CASE-002879,Criminal Law,Criminal Trial
CASE-002880,Banking & Finance,Loan Recovery / Cheque Dishonour
CASE-002881,Criminal Law,Criminal Trial
CASE-002882,Education Law,Student Admission / Examination Dispute
CASE-002883,Motor Accident Claims,Motor Accident Compensation Claim
CASE-002884,Cybercrime & IT,Online Fraud / Cybercrime
CASE-002885,Divorce & Matrimonial,Divorce Petition
CASE-002886,Consumer Protection,Deficiency in Service Complaint
CASE-002887,White Collar Crime,Money Laundering / Corruption Case
CASE-002888,Employment & Labour,Wrongful Termination
CASE-002889,Consumer Protection,Deficiency in Service Complaint
CASE-002890,Consumer Protection,Deficiency in Service Complaint
CASE-002891,Intellectual Property,Trademark Infringement
CASE-002892,Child Protection,POCSO / Child Protection Proceeding
CASE-002893,Corporate & Commercial,Commercial Contract Dispute
CASE-002894,Administrative Law,Administrative Order Challenge
CASE-002895,Corporate & Commercial,Commercial Contract Dispute
CASE-002896,Immigration & Citizenship,Citizenship / Passport Matter
CASE-002897,Human Rights & PIL,Public Interest Litigation
CASE-002898,Divorce & Matrimonial,Divorce Petition
CASE-002899,Arbitration,Arbitral Award Challenge
CASE-002900,Contract & Agreement,Breach of Contract / Specific Performance
CASE-002901,Employment & Labour,Wrongful Termination
CASE-002902,Administrative Law,Administrative Order Challenge
CASE-002903,Arbitration,Arbitral Award Challenge
CASE-002904,Corporate & Commercial,Commercial Contract Dispute
CASE-002905,Medical Negligence,Medical Negligence Complaint
CASE-002906,Motor Accident Claims,Motor Accident Compensation Claim
CASE-002907,Education Law,Student Admission / Examination Dispute
CASE-002908,Insolvency & Bankruptcy,Corporate Insolvency Resolution
CASE-002909,Medical Negligence,Medical Negligence Complaint
CASE-002910,Contract & Agreement,Breach of Contract / Specific Performance
CASE-002911,Immigration & Citizenship,Citizenship / Passport Matter
CASE-002912,Media & Defamation,Defamation Suit
CASE-002913,Immigration & Citizenship,Citizenship / Passport Matter
CASE-002914,Environmental Law,Environmental Clearance Challenge
CASE-002915,Human Rights & PIL,Public Interest Litigation
CASE-002916,Human Rights & PIL,Public Interest Litigation
CASE-002917,Consumer Protection,Deficiency in Service Complaint
CASE-002918,Education Law,Student Admission / Examination Dispute
CASE-002919,Education Law,Student Admission / Examination Dispute
CASE-002920,Intellectual Property,Trademark Infringement
CASE-002921,Real Estate & Housing,Builder-Buyer / RERA Dispute
CASE-002922,Divorce & Matrimonial,Divorce Petition
CASE-002923,White Collar Crime,Money Laundering / Corruption Case
CASE-002924,Tax & GST,GST / Tax Assessment Appeal
CASE-002925,Employment & Labour,Wrongful Termination
CASE-002926,Contract & Agreement,Breach of Contract / Specific Performance
CASE-002927,Administrative Law,Administrative Order Challenge
CASE-002928,Medical Negligence,Medical Negligence Complaint
CASE-002929,Environmental Law,Environmental Clearance Challenge
CASE-002930,Divorce & Matrimonial,Divorce Petition
CASE-002931,Tax & GST,GST / Tax Assessment Appeal
CASE-002932,Immigration & Citizenship,Citizenship / Passport Matter
CASE-002933,Divorce & Matrimonial,Divorce Petition
CASE-002934,White Collar Crime,Money Laundering / Corruption Case
CASE-002935,Property & Land,Property / Partition Suit
CASE-002936,Property & Land,Property / Partition Suit
CASE-002937,Data Privacy,Personal Data Misuse / Privacy Petition
CASE-002938,Environmental Law,Environmental Clearance Challenge
CASE-002939,Data Privacy,Personal Data Misuse / Privacy Petition
CASE-002940,Corporate & Commercial,Commercial Contract Dispute
CASE-002941,Immigration & Citizenship,Citizenship / Passport Matter
CASE-002942,White Collar Crime,Money Laundering / Corruption Case
CASE-002943,Divorce & Matrimonial,Divorce Petition
CASE-002944,Property & Land,Property / Partition Suit
CASE-002945,Corporate & Commercial,Commercial Contract Dispute
CASE-002946,Consumer Protection,Deficiency in Service Complaint
CASE-002947,Data Privacy,Personal Data Misuse / Privacy Petition
CASE-002948,Corporate & Commercial,Commercial Contract Dispute
CASE-002949,Medical Negligence,Medical Negligence Complaint
CASE-002950,Constitutional Law,Writ / Fundamental Rights Petition
CASE-002951,Motor Accident Claims,Motor Accident Compensation Claim
CASE-002952,Media & Defamation,Defamation Suit
CASE-002953,Insolvency & Bankruptcy,Corporate Insolvency Resolution
CASE-002954,Banking & Finance,Loan Recovery / Cheque Dishonour
CASE-002955,Cybercrime & IT,Online Fraud / Cybercrime
CASE-002956,Real Estate & Housing,Builder-Buyer / RERA Dispute
CASE-002957,Contract & Agreement,Breach of Contract / Specific Performance
CASE-002958,Employment & Labour,Wrongful Termination
CASE-002959,Data Privacy,Personal Data Misuse / Privacy Petition
CASE-002960,Constitutional Law,Writ / Fundamental Rights Petition
CASE-002961,Arbitration,Arbitral Award Challenge
CASE-002962,Administrative Law,Administrative Order Challenge
CASE-002963,Intellectual Property,Trademark Infringement
CASE-002964,Corporate & Commercial,Commercial Contract Dispute
CASE-002965,Motor Accident Claims,Motor Accident Compensation Claim
CASE-002966,Education Law,Student Admission / Examination Dispute
CASE-002967,Education Law,Student Admission / Examination Dispute
CASE-002968,White Collar Crime,Money Laundering / Corruption Case
CASE-002969,Intellectual Property,Trademark Infringement
CASE-002970,Property & Land,Property / Partition Suit
CASE-002971,Criminal Law,Criminal Trial
CASE-002972,Tax & GST,GST / Tax Assessment Appeal
CASE-002973,Corporate & Commercial,Commercial Contract Dispute
CASE-002974,Data Privacy,Personal Data Misuse / Privacy Petition
CASE-002975,Immigration & Citizenship,Citizenship / Passport Matter
CASE-002976,Property & Land,Property / Partition Suit
CASE-002977,Employment & Labour,Wrongful Termination
CASE-002978,Employment & Labour,Wrongful Termination
CASE-002979,Intellectual Property,Trademark Infringement
CASE-002980,Cybercrime & IT,Online Fraud / Cybercrime
CASE-002981,Media & Defamation,Defamation Suit
CASE-002982,Environmental Law,Environmental Clearance Challenge
CASE-002983,Immigration & Citizenship,Citizenship / Passport Matter
CASE-002984,Medical Negligence,Medical Negligence Complaint
CASE-002985,Immigration & Citizenship,Citizenship / Passport Matter
CASE-002986,Immigration & Citizenship,Citizenship / Passport Matter
CASE-002987,Human Rights & PIL,Public Interest Litigation
CASE-002988,Consumer Protection,Deficiency in Service Complaint
CASE-002989,Divorce & Matrimonial,Divorce Petition
CASE-002990,Data Privacy,Personal Data Misuse / Privacy Petition
CASE-002991,Constitutional Law,Writ / Fundamental Rights Petition
CASE-002992,Education Law,Student Admission / Examination Dispute
CASE-002993,Environmental Law,Environmental Clearance Challenge
CASE-002994,Tax & GST,GST / Tax Assessment Appeal
CASE-002995,Real Estate & Housing,Builder-Buyer / RERA Dispute
CASE-002996,Insolvency & Bankruptcy,Corporate Insolvency Resolution
CASE-002997,Criminal Law,Criminal Trial
CASE-002998,Cybercrime & IT,Online Fraud / Cybercrime
CASE-002999,Corporate & Commercial,Commercial Contract Dispute
CASE-003000,Constitutional Law,Writ / Fundamental Rights Petition
CASE-003001,Environmental Law,Environmental Clearance Challenge
CASE-003002,Data Privacy,Personal Data Misuse / Privacy Petition
CASE-003003,Contract & Agreement,Breach of Contract / Specific Performance
CASE-003004,Media & Defamation,Defamation Suit
CASE-003005,Real Estate & Housing,Builder-Buyer / RERA Dispute
CASE-003006,Constitutional Law,Writ / Fundamental Rights Petition
CASE-003007,Contract & Agreement,Breach of Contract / Specific Performance
CASE-003008,Banking & Finance,Loan Recovery / Cheque Dishonour
CASE-003009,Administrative Law,Administrative Order Challenge
CASE-003010,Media & Defamation,Defamation Suit
CASE-003011,Human Rights & PIL,Public Interest Litigation
CASE-003012,Real Estate & Housing,Builder-Buyer / RERA Dispute
CASE-003013,Administrative Law,Administrative Order Challenge
CASE-003014,Employment & Labour,Wrongful Termination
CASE-003015,White Collar Crime,Money Laundering / Corruption Case
CASE-003016,Immigration & Citizenship,Citizenship / Passport Matter
CASE-003017,Environmental Law,Environmental Clearance Challenge
CASE-003018,Administrative Law,Administrative Order Challenge
CASE-003019,Arbitration,Arbitral Award Challenge
CASE-003020,Corporate & Commercial,Commercial Contract Dispute
CASE-003021,Divorce & Matrimonial,Divorce Petition
CASE-003022,Motor Accident Claims,Motor Accident Compensation Claim
CASE-003023,Arbitration,Arbitral Award Challenge
CASE-003024,Criminal Law,Criminal Trial
CASE-003025,Environmental Law,Environmental Clearance Challenge
CASE-003026,Insolvency & Bankruptcy,Corporate Insolvency Resolution
CASE-003027,Data Privacy,Personal Data Misuse / Privacy Petition
CASE-003028,Criminal Law,Criminal Trial
CASE-003029,Banking & Finance,Loan Recovery / Cheque Dishonour
CASE-003030,Medical Negligence,Medical Negligence Complaint
CASE-003031,Employment & Labour,Wrongful Termination
CASE-003032,Motor Accident Claims,Motor Accident Compensation Claim
CASE-003033,Child Protection,POCSO / Child Protection Proceeding
CASE-003034,Property & Land,Property / Partition Suit
CASE-003035,Employment & Labour,Wrongful Termination
CASE-003036,Real Estate & Housing,Builder-Buyer / RERA Dispute
CASE-003037,Real Estate & Housing,Builder-Buyer / RERA Dispute
CASE-003038,Constitutional Law,Writ / Fundamental Rights Petition
CASE-003039,Property & Land,Property / Partition Suit
CASE-003040,White Collar Crime,Money Laundering / Corruption Case
CASE-003041,Media & Defamation,Defamation Suit
CASE-003042,Child Protection,POCSO / Child Protection Proceeding
CASE-003043,Data Privacy,Personal Data Misuse / Privacy Petition
CASE-003044,Media & Defamation,Defamation Suit
CASE-003045,Data Privacy,Personal Data Misuse / Privacy Petition
CASE-003046,Motor Accident Claims,Motor Accident Compensation Claim
CASE-003047,Medical Negligence,Medical Negligence Complaint
CASE-003048,White Collar Crime,Money Laundering / Corruption Case
CASE-003049,Employment & Labour,Wrongful Termination
CASE-003050,Corporate & Commercial,Commercial Contract Dispute
CASE-003051,Media & Defamation,Defamation Suit
CASE-003052,Property & Land,Property / Partition Suit
CASE-003053,Banking & Finance,Loan Recovery / Cheque Dishonour
CASE-003054,Motor Accident Claims,Motor Accident Compensation Claim
CASE-003055,Child Protection,POCSO / Child Protection Proceeding
CASE-003056,Divorce & Matrimonial,Divorce Petition
CASE-003057,Constitutional Law,Writ / Fundamental Rights Petition
CASE-003058,Banking & Finance,Loan Recovery / Cheque Dishonour
CASE-003059,Immigration & Citizenship,Citizenship / Passport Matter
CASE-003060,Real Estate & Housing,Builder-Buyer / RERA Dispute
CASE-003061,Cybercrime & IT,Online Fraud / Cybercrime
CASE-003062,Real Estate & Housing,Builder-Buyer / RERA Dispute
CASE-003063,Corporate & Commercial,Commercial Contract Dispute
CASE-003064,Child Protection,POCSO / Child Protection Proceeding
CASE-003065,Intellectual Property,Trademark Infringement
CASE-003066,Consumer Protection,Deficiency in Service Complaint
CASE-003067,Arbitration,Arbitral Award Challenge
CASE-003068,Property & Land,Property / Partition Suit
CASE-003069,White Collar Crime,Money Laundering / Corruption Case
CASE-003070,Contract & Agreement,Breach of Contract / Specific Performance
CASE-003071,Intellectual Property,Trademark Infringement
CASE-003072,Insolvency & Bankruptcy,Corporate Insolvency Resolution
CASE-003073,Employment & Labour,Wrongful Termination
CASE-003074,Real Estate & Housing,Builder-Buyer / RERA Dispute
CASE-003075,Employment & Labour,Wrongful Termination
CASE-003076,Child Protection,POCSO / Child Protection Proceeding
CASE-003077,Intellectual Property,Trademark Infringement
CASE-003078,Contract & Agreement,Breach of Contract / Specific Performance
CASE-003079,Insolvency & Bankruptcy,Corporate Insolvency Resolution
CASE-003080,Medical Negligence,Medical Negligence Complaint
CASE-003081,Immigration & Citizenship,Citizenship / Passport Matter
CASE-003082,Employment & Labour,Wrongful Termination
CASE-003083,Contract & Agreement,Breach of Contract / Specific Performance
CASE-003084,Tax & GST,GST / Tax Assessment Appeal
CASE-003085,White Collar Crime,Money Laundering / Corruption Case
CASE-003086,Motor Accident Claims,Motor Accident Compensation Claim
CASE-003087,Education Law,Student Admission / Examination Dispute
CASE-003088,White Collar Crime,Money Laundering / Corruption Case
CASE-003089,Administrative Law,Administrative Order Challenge
CASE-003090,Education Law,Student Admission / Examination Dispute
CASE-003091,Medical Negligence,Medical Negligence Complaint
CASE-003092,Tax & GST,GST / Tax Assessment Appeal
CASE-003093,Employment & Labour,Wrongful Termination
CASE-003094,Contract & Agreement,Breach of Contract / Specific Performance
CASE-003095,Intellectual Property,Trademark Infringement
CASE-003096,Criminal Law,Criminal Trial
CASE-003097,Employment & Labour,Wrongful Termination
CASE-003098,Intellectual Property,Trademark Infringement
CASE-003099,Corporate & Commercial,Commercial Contract Dispute
CASE-003100,Criminal Law,Criminal Trial
CASE-003101,Human Rights & PIL,Public Interest Litigation
CASE-003102,Property & Land,Property / Partition Suit
CASE-003103,Arbitration,Arbitral Award Challenge
CASE-003104,Data Privacy,Personal Data Misuse / Privacy Petition
CASE-003105,Insolvency & Bankruptcy,Corporate Insolvency Resolution
CASE-003106,Property & Land,Property / Partition Suit
CASE-003107,Medical Negligence,Medical Negligence Complaint
CASE-003108,Corporate & Commercial,Commercial Contract Dispute
CASE-003109,Immigration & Citizenship,Citizenship / Passport Matter
CASE-003110,Constitutional Law,Writ / Fundamental Rights Petition
CASE-003111,Medical Negligence,Medical Negligence Complaint
CASE-003112,Education Law,Student Admission / Examination Dispute
CASE-003113,Administrative Law,Administrative Order Challenge
CASE-003114,Employment & Labour,Wrongful Termination
CASE-003115,Family & Succession,Inheritance / Probate
CASE-003116,Family & Succession,Inheritance / Probate
CASE-003117,Employment & Labour,Wrongful Termination
CASE-003118,Criminal Law,Criminal Trial
CASE-003119,Arbitration,Arbitral Award Challenge
CASE-003120,White Collar Crime,Money Laundering / Corruption Case
CASE-003121,Arbitration,Arbitral Award Challenge
CASE-003122,Real Estate & Housing,Builder-Buyer / RERA Dispute
CASE-003123,Criminal Law,Criminal Trial
CASE-003124,Insolvency & Bankruptcy,Corporate Insolvency Resolution
CASE-003125,Constitutional Law,Writ / Fundamental Rights Petition
CASE-003126,Consumer Protection,Deficiency in Service Complaint
CASE-003127,Medical Negligence,Medical Negligence Complaint
CASE-003128,Constitutional Law,Writ / Fundamental Rights Petition
CASE-003129,Constitutional Law,Writ / Fundamental Rights Petition
CASE-003130,Tax & GST,GST / Tax Assessment Appeal
CASE-003131,Child Protection,POCSO / Child Protection Proceeding
CASE-003132,Child Protection,POCSO / Child Protection Proceeding
CASE-003133,Arbitration,Arbitral Award Challenge
CASE-003134,Insolvency & Bankruptcy,Corporate Insolvency Resolution
CASE-003135,Immigration & Citizenship,Citizenship / Passport Matter
CASE-003136,Employment & Labour,Wrongful Termination
CASE-003137,Insolvency & Bankruptcy,Corporate Insolvency Resolution
CASE-003138,Human Rights & PIL,Public Interest Litigation
CASE-003139,Arbitration,Arbitral Award Challenge
CASE-003140,Immigration & Citizenship,Citizenship / Passport Matter
CASE-003141,Corporate & Commercial,Commercial Contract Dispute
CASE-003142,Real Estate & Housing,Builder-Buyer / RERA Dispute
CASE-003143,Property & Land,Property / Partition Suit
CASE-003144,Education Law,Student Admission / Examination Dispute
CASE-003145,Banking & Finance,Loan Recovery / Cheque Dishonour
CASE-003146,Employment & Labour,Wrongful Termination
CASE-003147,Criminal Law,Criminal Trial
CASE-003148,Contract & Agreement,Breach of Contract / Specific Performance
CASE-003149,Arbitration,Arbitral Award Challenge
CASE-003150,Environmental Law,Environmental Clearance Challenge
CASE-003151,Contract & Agreement,Breach of Contract / Specific Performance
CASE-003152,Criminal Law,Criminal Trial
CASE-003153,Employment & Labour,Wrongful Termination
CASE-003154,Real Estate & Housing,Builder-Buyer / RERA Dispute
CASE-003155,Medical Negligence,Medical Negligence Complaint
CASE-003156,Real Estate & Housing,Builder-Buyer / RERA Dispute
CASE-003157,Intellectual Property,Trademark Infringement
CASE-003158,Human Rights & PIL,Public Interest Litigation
CASE-003159,Constitutional Law,Writ / Fundamental Rights Petition
CASE-003160,Medical Negligence,Medical Negligence Complaint
CASE-003161,Human Rights & PIL,Public Interest Litigation
CASE-003162,Human Rights & PIL,Public Interest Litigation
CASE-003163,Environmental Law,Environmental Clearance Challenge
CASE-003164,Medical Negligence,Medical Negligence Complaint
CASE-003165,Administrative Law,Administrative Order Challenge
CASE-003166,Human Rights & PIL,Public Interest Litigation
CASE-003167,Environmental Law,Environmental Clearance Challenge
CASE-003168,Media & Defamation,Defamation Suit
CASE-003169,Contract & Agreement,Breach of Contract / Specific Performance
CASE-003170,Administrative Law,Administrative Order Challenge
CASE-003171,Family & Succession,Inheritance / Probate
CASE-003172,Divorce & Matrimonial,Divorce Petition
CASE-003173,Insolvency & Bankruptcy,Corporate Insolvency Resolution
CASE-003174,Environmental Law,Environmental Clearance Challenge
CASE-003175,Education Law,Student Admission / Examination Dispute
CASE-003176,Environmental Law,Environmental Clearance Challenge
CASE-003177,Medical Negligence,Medical Negligence Complaint
CASE-003178,Environmental Law,Environmental Clearance Challenge
CASE-003179,Motor Accident Claims,Motor Accident Compensation Claim
CASE-003180,Arbitration,Arbitral Award Challenge
CASE-003181,Contract & Agreement,Breach of Contract / Specific Performance
CASE-003182,Corporate & Commercial,Commercial Contract Dispute
CASE-003183,Contract & Agreement,Breach of Contract / Specific Performance
CASE-003184,Consumer Protection,Deficiency in Service Complaint
CASE-003185,Environmental Law,Environmental Clearance Challenge
CASE-003186,Insolvency & Bankruptcy,Corporate Insolvency Resolution
CASE-003187,Medical Negligence,Medical Negligence Complaint
CASE-003188,Intellectual Property,Trademark Infringement
CASE-003189,Insolvency & Bankruptcy,Corporate Insolvency Resolution
CASE-003190,Data Privacy,Personal Data Misuse / Privacy Petition
CASE-003191,Education Law,Student Admission / Examination Dispute
CASE-003192,Medical Negligence,Medical Negligence Complaint
CASE-003193,Human Rights & PIL,Public Interest Litigation
CASE-003194,Contract & Agreement,Breach of Contract / Specific Performance
CASE-003195,Administrative Law,Administrative Order Challenge
CASE-003196,Corporate & Commercial,Commercial Contract Dispute
CASE-003197,Human Rights & PIL,Public Interest Litigation
CASE-003198,Family & Succession,Inheritance / Probate
CASE-003199,Property & Land,Property / Partition Suit
CASE-003200,Divorce & Matrimonial,Divorce Petition
CASE-003201,Corporate & Commercial,Commercial Contract Dispute
CASE-003202,Property & Land,Property / Partition Suit
CASE-003203,Arbitration,Arbitral Award Challenge
CASE-003204,Human Rights & PIL,Public Interest Litigation
CASE-003205,Education Law,Student Admission / Examination Dispute
CASE-003206,Family & Succession,Inheritance / Probate
CASE-003207,Cybercrime & IT,Online Fraud / Cybercrime
CASE-003208,Tax & GST,GST / Tax Assessment Appeal
CASE-003209,Child Protection,POCSO / Child Protection Proceeding
CASE-003210,Media & Defamation,Defamation Suit
CASE-003211,Cybercrime & IT,Online Fraud / Cybercrime
CASE-003212,Consumer Protection,Deficiency in Service Complaint
CASE-003213,Corporate & Commercial,Commercial Contract Dispute
CASE-003214,Cybercrime & IT,Online Fraud / Cybercrime
CASE-003215,Media & Defamation,Defamation Suit
CASE-003216,Medical Negligence,Medical Negligence Complaint
CASE-003217,White Collar Crime,Money Laundering / Corruption Case
CASE-003218,Employment & Labour,Wrongful Termination
CASE-003219,Divorce & Matrimonial,Divorce Petition
CASE-003220,Intellectual Property,Trademark Infringement
CASE-003221,Tax & GST,GST / Tax Assessment Appeal
CASE-003222,Property & Land,Property / Partition Suit
CASE-003223,Criminal Law,Criminal Trial
CASE-003224,Consumer Protection,Deficiency in Service Complaint
CASE-003225,Child Protection,POCSO / Child Protection Proceeding
CASE-003226,Immigration & Citizenship,Citizenship / Passport Matter
CASE-003227,Administrative Law,Administrative Order Challenge
CASE-003228,Administrative Law,Administrative Order Challenge
CASE-003229,Real Estate & Housing,Builder-Buyer / RERA Dispute
CASE-003230,Criminal Law,Criminal Trial
CASE-003231,Consumer Protection,Deficiency in Service Complaint
CASE-003232,Employment & Labour,Wrongful Termination
CASE-003233,Child Protection,POCSO / Child Protection Proceeding
CASE-003234,Consumer Protection,Deficiency in Service Complaint
CASE-003235,Consumer Protection,Deficiency in Service Complaint
CASE-003236,Intellectual Property,Trademark Infringement
CASE-003237,Intellectual Property,Trademark Infringement
CASE-003238,Cybercrime & IT,Online Fraud / Cybercrime
CASE-003239,Tax & GST,GST / Tax Assessment Appeal
CASE-003240,Intellectual Property,Trademark Infringement
CASE-003241,Immigration & Citizenship,Citizenship / Passport Matter
CASE-003242,Immigration & Citizenship,Citizenship / Passport Matter
CASE-003243,Intellectual Property,Trademark Infringement
CASE-003244,Criminal Law,Criminal Trial
CASE-003245,Divorce & Matrimonial,Divorce Petition
CASE-003246,Contract & Agreement,Breach of Contract / Specific Performance
CASE-003247,Property & Land,Property / Partition Suit
CASE-003248,Immigration & Citizenship,Citizenship / Passport Matter
CASE-003249,Consumer Protection,Deficiency in Service Complaint
CASE-003250,Child Protection,POCSO / Child Protection Proceeding
CASE-003251,Medical Negligence,Medical Negligence Complaint
CASE-003252,Child Protection,POCSO / Child Protection Proceeding
CASE-003253,Immigration & Citizenship,Citizenship / Passport Matter
CASE-003254,Tax & GST,GST / Tax Assessment Appeal
CASE-003255,Criminal Law,Criminal Trial
CASE-003256,Administrative Law,Administrative Order Challenge
CASE-003257,Tax & GST,GST / Tax Assessment Appeal
CASE-003258,Immigration & Citizenship,Citizenship / Passport Matter
CASE-003259,Insolvency & Bankruptcy,Corporate Insolvency Resolution
CASE-003260,Immigration & Citizenship,Citizenship / Passport Matter
CASE-003261,Employment & Labour,Wrongful Termination
CASE-003262,Child Protection,POCSO / Child Protection Proceeding
CASE-003263,Contract & Agreement,Breach of Contract / Specific Performance
CASE-003264,Data Privacy,Personal Data Misuse / Privacy Petition
CASE-003265,Real Estate & Housing,Builder-Buyer / RERA Dispute
CASE-003266,White Collar Crime,Money Laundering / Corruption Case
CASE-003267,Banking & Finance,Loan Recovery / Cheque Dishonour
CASE-003268,Real Estate & Housing,Builder-Buyer / RERA Dispute
CASE-003269,Media & Defamation,Defamation Suit
CASE-003270,Education Law,Student Admission / Examination Dispute
CASE-003271,Divorce & Matrimonial,Divorce Petition
CASE-003272,Corporate & Commercial,Commercial Contract Dispute
CASE-003273,Banking & Finance,Loan Recovery / Cheque Dishonour
CASE-003274,Data Privacy,Personal Data Misuse / Privacy Petition
CASE-003275,Cybercrime & IT,Online Fraud / Cybercrime
CASE-003276,Administrative Law,Administrative Order Challenge
CASE-003277,Cybercrime & IT,Online Fraud / Cybercrime
CASE-003278,Criminal Law,Criminal Trial
CASE-003279,Family & Succession,Inheritance / Probate
CASE-003280,Child Protection,POCSO / Child Protection Proceeding
CASE-003281,Environmental Law,Environmental Clearance Challenge
CASE-003282,Immigration & Citizenship,Citizenship / Passport Matter
CASE-003283,Data Privacy,Personal Data Misuse / Privacy Petition
CASE-003284,Tax & GST,GST / Tax Assessment Appeal
CASE-003285,Property & Land,Property / Partition Suit
CASE-003286,Education Law,Student Admission / Examination Dispute
CASE-003287,Corporate & Commercial,Commercial Contract Dispute
CASE-003288,Corporate & Commercial,Commercial Contract Dispute
CASE-003289,Banking & Finance,Loan Recovery / Cheque Dishonour
CASE-003290,Criminal Law,Criminal Trial
CASE-003291,Tax & GST,GST / Tax Assessment Appeal
CASE-003292,Employment & Labour,Wrongful Termination
CASE-003293,Administrative Law,Administrative Order Challenge
CASE-003294,Media & Defamation,Defamation Suit
CASE-003295,Contract & Agreement,Breach of Contract / Specific Performance
CASE-003296,Family & Succession,Inheritance / Probate
CASE-003297,Motor Accident Claims,Motor Accident Compensation Claim
CASE-003298,Media & Defamation,Defamation Suit
CASE-003299,Consumer Protection,Deficiency in Service Complaint
CASE-003300,Environmental Law,Environmental Clearance Challenge
CASE-003301,Employment & Labour,Wrongful Termination
CASE-003302,Criminal Law,Criminal Trial
CASE-003303,Real Estate & Housing,Builder-Buyer / RERA Dispute
CASE-003304,Constitutional Law,Writ / Fundamental Rights Petition
CASE-003305,Immigration & Citizenship,Citizenship / Passport Matter
CASE-003306,Family & Succession,Inheritance / Probate
CASE-003307,Banking & Finance,Loan Recovery / Cheque Dishonour
CASE-003308,Child Protection,POCSO / Child Protection Proceeding
CASE-003309,White Collar Crime,Money Laundering / Corruption Case
CASE-003310,Education Law,Student Admission / Examination Dispute
CASE-003311,Banking & Finance,Loan Recovery / Cheque Dishonour
CASE-003312,Data Privacy,Personal Data Misuse / Privacy Petition
CASE-003313,Child Protection,POCSO / Child Protection Proceeding
CASE-003314,White Collar Crime,Money Laundering / Corruption Case
CASE-003315,Intellectual Property,Trademark Infringement
CASE-003316,Corporate & Commercial,Commercial Contract Dispute
CASE-003317,Human Rights & PIL,Public Interest Litigation
CASE-003318,White Collar Crime,Money Laundering / Corruption Case
CASE-003319,Constitutional Law,Writ / Fundamental Rights Petition
CASE-003320,Medical Negligence,Medical Negligence Complaint
CASE-003321,Property & Land,Property / Partition Suit
CASE-003322,Human Rights & PIL,Public Interest Litigation
CASE-003323,Insolvency & Bankruptcy,Corporate Insolvency Resolution
CASE-003324,Motor Accident Claims,Motor Accident Compensation Claim
CASE-003325,Insolvency & Bankruptcy,Corporate Insolvency Resolution
CASE-003326,Family & Succession,Inheritance / Probate
CASE-003327,Family & Succession,Inheritance / Probate
CASE-003328,Cybercrime & IT,Online Fraud / Cybercrime
CASE-003329,Data Privacy,Personal Data Misuse / Privacy Petition
CASE-003330,Media & Defamation,Defamation Suit
CASE-003331,Real Estate & Housing,Builder-Buyer / RERA Dispute
CASE-003332,White Collar Crime,Money Laundering / Corruption Case
CASE-003333,Education Law,Student Admission / Examination Dispute
CASE-003334,Administrative Law,Administrative Order Challenge
CASE-003335,Property & Land,Property / Partition Suit
CASE-003336,Intellectual Property,Trademark Infringement
CASE-003337,Employment & Labour,Wrongful Termination
CASE-003338,Education Law,Student Admission / Examination Dispute
CASE-003339,Contract & Agreement,Breach of Contract / Specific Performance
CASE-003340,Property & Land,Property / Partition Suit
CASE-003341,Employment & Labour,Wrongful Termination
CASE-003342,Administrative Law,Administrative Order Challenge
CASE-003343,Consumer Protection,Deficiency in Service Complaint
CASE-003344,Criminal Law,Criminal Trial
CASE-003345,Constitutional Law,Writ / Fundamental Rights Petition
CASE-003346,Media & Defamation,Defamation Suit
CASE-003347,Immigration & Citizenship,Citizenship / Passport Matter
CASE-003348,Medical Negligence,Medical Negligence Complaint
CASE-003349,Corporate & Commercial,Commercial Contract Dispute
CASE-003350,Employment & Labour,Wrongful Termination
CASE-003351,Family & Succession,Inheritance / Probate
CASE-003352,Intellectual Property,Trademark Infringement
CASE-003353,Criminal Law,Criminal Trial
CASE-003354,Corporate & Commercial,Commercial Contract Dispute
CASE-003355,Consumer Protection,Deficiency in Service Complaint
CASE-003356,Contract & Agreement,Breach of Contract / Specific Performance
CASE-003357,Human Rights & PIL,Public Interest Litigation
CASE-003358,Employment & Labour,Wrongful Termination
CASE-003359,Arbitration,Arbitral Award Challenge
CASE-003360,Contract & Agreement,Breach of Contract / Specific Performance
CASE-003361,Consumer Protection,Deficiency in Service Complaint
CASE-003362,Data Privacy,Personal Data Misuse / Privacy Petition
CASE-003363,Media & Defamation,Defamation Suit
CASE-003364,Medical Negligence,Medical Negligence Complaint
CASE-003365,Motor Accident Claims,Motor Accident Compensation Claim
CASE-003366,Corporate & Commercial,Commercial Contract Dispute
CASE-003367,Criminal Law,Criminal Trial
CASE-003368,Human Rights & PIL,Public Interest Litigation
CASE-003369,Criminal Law,Criminal Trial
CASE-003370,Consumer Protection,Deficiency in Service Complaint
CASE-003371,Environmental Law,Environmental Clearance Challenge
CASE-003372,Child Protection,POCSO / Child Protection Proceeding
CASE-003373,Consumer Protection,Deficiency in Service Complaint
CASE-003374,Child Protection,POCSO / Child Protection Proceeding
CASE-003375,Contract & Agreement,Breach of Contract / Specific Performance
CASE-003376,Administrative Law,Administrative Order Challenge
CASE-003377,Consumer Protection,Deficiency in Service Complaint
CASE-003378,Real Estate & Housing,Builder-Buyer / RERA Dispute
CASE-003379,Criminal Law,Criminal Trial
CASE-003380,Immigration & Citizenship,Citizenship / Passport Matter
CASE-003381,Criminal Law,Criminal Trial
CASE-003382,Data Privacy,Personal Data Misuse / Privacy Petition
CASE-003383,Child Protection,POCSO / Child Protection Proceeding
CASE-003384,Insolvency & Bankruptcy,Corporate Insolvency Resolution
CASE-003385,Environmental Law,Environmental Clearance Challenge
CASE-003386,Criminal Law,Criminal Trial
CASE-003387,Banking & Finance,Loan Recovery / Cheque Dishonour
CASE-003388,Administrative Law,Administrative Order Challenge
CASE-003389,Contract & Agreement,Breach of Contract / Specific Performance
CASE-003390,Arbitration,Arbitral Award Challenge
CASE-003391,Divorce & Matrimonial,Divorce Petition
CASE-003392,Child Protection,POCSO / Child Protection Proceeding
CASE-003393,Property & Land,Property / Partition Suit
CASE-003394,Medical Negligence,Medical Negligence Complaint
CASE-003395,Motor Accident Claims,Motor Accident Compensation Claim
CASE-003396,Education Law,Student Admission / Examination Dispute
CASE-003397,Insolvency & Bankruptcy,Corporate Insolvency Resolution
CASE-003398,Employment & Labour,Wrongful Termination
CASE-003399,Cybercrime & IT,Online Fraud / Cybercrime
CASE-003400,White Collar Crime,Money Laundering / Corruption Case
CASE-003401,Medical Negligence,Medical Negligence Complaint
CASE-003402,Family & Succession,Inheritance / Probate
CASE-003403,Corporate & Commercial,Commercial Contract Dispute
CASE-003404,Insolvency & Bankruptcy,Corporate Insolvency Resolution
CASE-003405,Motor Accident Claims,Motor Accident Compensation Claim
CASE-003406,Tax & GST,GST / Tax Assessment Appeal
CASE-003407,Intellectual Property,Trademark Infringement
CASE-003408,Tax & GST,GST / Tax Assessment Appeal
CASE-003409,Contract & Agreement,Breach of Contract / Specific Performance
CASE-003410,Intellectual Property,Trademark Infringement
CASE-003411,Divorce & Matrimonial,Divorce Petition
CASE-003412,Contract & Agreement,Breach of Contract / Specific Performance
CASE-003413,Corporate & Commercial,Commercial Contract Dispute
CASE-003414,Tax & GST,GST / Tax Assessment Appeal
CASE-003415,Administrative Law,Administrative Order Challenge
CASE-003416,Human Rights & PIL,Public Interest Litigation
CASE-003417,Immigration & Citizenship,Citizenship / Passport Matter
CASE-003418,Divorce & Matrimonial,Divorce Petition
CASE-003419,Media & Defamation,Defamation Suit
CASE-003420,Child Protection,POCSO / Child Protection Proceeding
CASE-003421,Immigration & Citizenship,Citizenship / Passport Matter
CASE-003422,Motor Accident Claims,Motor Accident Compensation Claim
CASE-003423,Media & Defamation,Defamation Suit
CASE-003424,Media & Defamation,Defamation Suit
CASE-003425,Contract & Agreement,Breach of Contract / Specific Performance
CASE-003426,Insolvency & Bankruptcy,Corporate Insolvency Resolution
CASE-003427,Real Estate & Housing,Builder-Buyer / RERA Dispute
CASE-003428,Criminal Law,Criminal Trial
CASE-003429,Property & Land,Property / Partition Suit
CASE-003430,Human Rights & PIL,Public Interest Litigation
CASE-003431,Human Rights & PIL,Public Interest Litigation
CASE-003432,Motor Accident Claims,Motor Accident Compensation Claim
CASE-003433,Real Estate & Housing,Builder-Buyer / RERA Dispute
CASE-003434,Constitutional Law,Writ / Fundamental Rights Petition
CASE-003435,Property & Land,Property / Partition Suit
CASE-003436,Property & Land,Property / Partition Suit
CASE-003437,Immigration & Citizenship,Citizenship / Passport Matter
CASE-003438,Family & Succession,Inheritance / Probate
CASE-003439,Corporate & Commercial,Commercial Contract Dispute
CASE-003440,Medical Negligence,Medical Negligence Complaint
CASE-003441,Family & Succession,Inheritance / Probate
CASE-003442,Media & Defamation,Defamation Suit
CASE-003443,Data Privacy,Personal Data Misuse / Privacy Petition
CASE-003444,Data Privacy,Personal Data Misuse / Privacy Petition
CASE-003445,Data Privacy,Personal Data Misuse / Privacy Petition
CASE-003446,Contract & Agreement,Breach of Contract / Specific Performance
CASE-003447,Constitutional Law,Writ / Fundamental Rights Petition
CASE-003448,Insolvency & Bankruptcy,Corporate Insolvency Resolution
CASE-003449,Tax & GST,GST / Tax Assessment Appeal
CASE-003450,Family & Succession,Inheritance / Probate
CASE-003451,Immigration & Citizenship,Citizenship / Passport Matter
CASE-003452,Arbitration,Arbitral Award Challenge
CASE-003453,Family & Succession,Inheritance / Probate
CASE-003454,Consumer Protection,Deficiency in Service Complaint
CASE-003455,Medical Negligence,Medical Negligence Complaint
CASE-003456,Motor Accident Claims,Motor Accident Compensation Claim
CASE-003457,Insolvency & Bankruptcy,Corporate Insolvency Resolution
CASE-003458,Intellectual Property,Trademark Infringement
CASE-003459,Child Protection,POCSO / Child Protection Proceeding
CASE-003460,Corporate & Commercial,Commercial Contract Dispute
CASE-003461,Immigration & Citizenship,Citizenship / Passport Matter
CASE-003462,Employment & Labour,Wrongful Termination
CASE-003463,Insolvency & Bankruptcy,Corporate Insolvency Resolution
CASE-003464,Constitutional Law,Writ / Fundamental Rights Petition
CASE-003465,Environmental Law,Environmental Clearance Challenge
CASE-003466,Immigration & Citizenship,Citizenship / Passport Matter
CASE-003467,Criminal Law,Criminal Trial
CASE-003468,Human Rights & PIL,Public Interest Litigation
CASE-003469,Corporate & Commercial,Commercial Contract Dispute
CASE-003470,Family & Succession,Inheritance / Probate
CASE-003471,Child Protection,POCSO / Child Protection Proceeding
CASE-003472,Child Protection,POCSO / Child Protection Proceeding
CASE-003473,Motor Accident Claims,Motor Accident Compensation Claim
CASE-003474,Divorce & Matrimonial,Divorce Petition
CASE-003475,Tax & GST,GST / Tax Assessment Appeal
CASE-003476,Consumer Protection,Deficiency in Service Complaint
CASE-003477,Environmental Law,Environmental Clearance Challenge
CASE-003478,Divorce & Matrimonial,Divorce Petition
CASE-003479,Constitutional Law,Writ / Fundamental Rights Petition
CASE-003480,Property & Land,Property / Partition Suit
CASE-003481,Arbitration,Arbitral Award Challenge
CASE-003482,Employment & Labour,Wrongful Termination
CASE-003483,Intellectual Property,Trademark Infringement
CASE-003484,Employment & Labour,Wrongful Termination
CASE-003485,Constitutional Law,Writ / Fundamental Rights Petition
CASE-003486,Data Privacy,Personal Data Misuse / Privacy Petition
CASE-003487,Tax & GST,GST / Tax Assessment Appeal
CASE-003488,Child Protection,POCSO / Child Protection Proceeding
CASE-003489,Real Estate & Housing,Builder-Buyer / RERA Dispute
CASE-003490,Administrative Law,Administrative Order Challenge
CASE-003491,Administrative Law,Administrative Order Challenge
CASE-003492,Insolvency & Bankruptcy,Corporate Insolvency Resolution
CASE-003493,Property & Land,Property / Partition Suit
CASE-003494,White Collar Crime,Money Laundering / Corruption Case
CASE-003495,Motor Accident Claims,Motor Accident Compensation Claim
CASE-003496,Data Privacy,Personal Data Misuse / Privacy Petition
CASE-003497,Medical Negligence,Medical Negligence Complaint
CASE-003498,Criminal Law,Criminal Trial
CASE-003499,Environmental Law,Environmental Clearance Challenge
CASE-003500,Insolvency & Bankruptcy,Corporate Insolvency Resolution
CASE-003501,Corporate & Commercial,Commercial Contract Dispute
CASE-003502,Cybercrime & IT,Online Fraud / Cybercrime
CASE-003503,White Collar Crime,Money Laundering / Corruption Case
CASE-003504,Divorce & Matrimonial,Divorce Petition
CASE-003505,Banking & Finance,Loan Recovery / Cheque Dishonour
CASE-003506,Real Estate & Housing,Builder-Buyer / RERA Dispute
CASE-003507,Immigration & Citizenship,Citizenship / Passport Matter
CASE-003508,Property & Land,Property / Partition Suit
CASE-003509,Property & Land,Property / Partition Suit
CASE-003510,Intellectual Property,Trademark Infringement
CASE-003511,Criminal Law,Criminal Trial
CASE-003512,Environmental Law,Environmental Clearance Challenge
CASE-003513,Property & Land,Property / Partition Suit
CASE-003514,Human Rights & PIL,Public Interest Litigation
CASE-003515,Intellectual Property,Trademark Infringement
CASE-003516,Insolvency & Bankruptcy,Corporate Insolvency Resolution
CASE-003517,Cybercrime & IT,Online Fraud / Cybercrime
CASE-003518,Administrative Law,Administrative Order Challenge
CASE-003519,Property & Land,Property / Partition Suit
CASE-003520,Intellectual Property,Trademark Infringement
CASE-003521,Education Law,Student Admission / Examination Dispute
CASE-003522,Corporate & Commercial,Commercial Contract Dispute
CASE-003523,Administrative Law,Administrative Order Challenge
CASE-003524,Immigration & Citizenship,Citizenship / Passport Matter
CASE-003525,Divorce & Matrimonial,Divorce Petition
CASE-003526,Arbitration,Arbitral Award Challenge
CASE-003527,Family & Succession,Inheritance / Probate
CASE-003528,White Collar Crime,Money Laundering / Corruption Case
CASE-003529,Employment & Labour,Wrongful Termination
CASE-003530,Employment & Labour,Wrongful Termination
CASE-003531,Education Law,Student Admission / Examination Dispute
CASE-003532,Environmental Law,Environmental Clearance Challenge
CASE-003533,Motor Accident Claims,Motor Accident Compensation Claim
CASE-003534,Medical Negligence,Medical Negligence Complaint
CASE-003535,Family & Succession,Inheritance / Probate
CASE-003536,White Collar Crime,Money Laundering / Corruption Case
CASE-003537,Medical Negligence,Medical Negligence Complaint
CASE-003538,Media & Defamation,Defamation Suit
CASE-003539,Medical Negligence,Medical Negligence Complaint
CASE-003540,White Collar Crime,Money Laundering / Corruption Case
CASE-003541,Environmental Law,Environmental Clearance Challenge
CASE-003542,Property & Land,Property / Partition Suit
CASE-003543,Family & Succession,Inheritance / Probate
CASE-003544,Data Privacy,Personal Data Misuse / Privacy Petition
CASE-003545,Child Protection,POCSO / Child Protection Proceeding
CASE-003546,Insolvency & Bankruptcy,Corporate Insolvency Resolution
CASE-003547,Constitutional Law,Writ / Fundamental Rights Petition
CASE-003548,Intellectual Property,Trademark Infringement
CASE-003549,Consumer Protection,Deficiency in Service Complaint
CASE-003550,Tax & GST,GST / Tax Assessment Appeal
CASE-003551,Data Privacy,Personal Data Misuse / Privacy Petition
CASE-003552,Child Protection,POCSO / Child Protection Proceeding
CASE-003553,Child Protection,POCSO / Child Protection Proceeding
CASE-003554,Human Rights & PIL,Public Interest Litigation
CASE-003555,Arbitration,Arbitral Award Challenge
CASE-003556,Intellectual Property,Trademark Infringement
CASE-003557,Employment & Labour,Wrongful Termination
CASE-003558,Property & Land,Property / Partition Suit
CASE-003559,Consumer Protection,Deficiency in Service Complaint
CASE-003560,Criminal Law,Criminal Trial
CASE-003561,Banking & Finance,Loan Recovery / Cheque Dishonour
CASE-003562,Criminal Law,Criminal Trial
CASE-003563,Human Rights & PIL,Public Interest Litigation
CASE-003564,Administrative Law,Administrative Order Challenge
CASE-003565,Administrative Law,Administrative Order Challenge
CASE-003566,Administrative Law,Administrative Order Challenge
CASE-003567,Corporate & Commercial,Commercial Contract Dispute
CASE-003568,Insolvency & Bankruptcy,Corporate Insolvency Resolution
CASE-003569,Divorce & Matrimonial,Divorce Petition
CASE-003570,Divorce & Matrimonial,Divorce Petition
CASE-003571,Criminal Law,Criminal Trial
CASE-003572,Data Privacy,Personal Data Misuse / Privacy Petition
CASE-003573,Arbitration,Arbitral Award Challenge
CASE-003574,Consumer Protection,Deficiency in Service Complaint
CASE-003575,Corporate & Commercial,Commercial Contract Dispute
CASE-003576,Cybercrime & IT,Online Fraud / Cybercrime
CASE-003577,Employment & Labour,Wrongful Termination
CASE-003578,Environmental Law,Environmental Clearance Challenge
CASE-003579,Divorce & Matrimonial,Divorce Petition
CASE-003580,Education Law,Student Admission / Examination Dispute
CASE-003581,Contract & Agreement,Breach of Contract / Specific Performance
CASE-003582,Arbitration,Arbitral Award Challenge
CASE-003583,Contract & Agreement,Breach of Contract / Specific Performance
CASE-003584,Contract & Agreement,Breach of Contract / Specific Performance
CASE-003585,Constitutional Law,Writ / Fundamental Rights Petition
CASE-003586,Intellectual Property,Trademark Infringement
CASE-003587,Medical Negligence,Medical Negligence Complaint
CASE-003588,Arbitration,Arbitral Award Challenge
CASE-003589,Cybercrime & IT,Online Fraud / Cybercrime
CASE-003590,Environmental Law,Environmental Clearance Challenge
CASE-003591,Contract & Agreement,Breach of Contract / Specific Performance
CASE-003592,Contract & Agreement,Breach of Contract / Specific Performance
CASE-003593,Corporate & Commercial,Commercial Contract Dispute
CASE-003594,Human Rights & PIL,Public Interest Litigation
CASE-003595,Banking & Finance,Loan Recovery / Cheque Dishonour
CASE-003596,Arbitration,Arbitral Award Challenge
CASE-003597,Administrative Law,Administrative Order Challenge
CASE-003598,Family & Succession,Inheritance / Probate
CASE-003599,Arbitration,Arbitral Award Challenge
CASE-003600,Constitutional Law,Writ / Fundamental Rights Petition
CASE-003601,Child Protection,POCSO / Child Protection Proceeding
CASE-003602,Employment & Labour,Wrongful Termination
CASE-003603,Divorce & Matrimonial,Divorce Petition
CASE-003604,Contract & Agreement,Breach of Contract / Specific Performance
CASE-003605,Immigration & Citizenship,Citizenship / Passport Matter
CASE-003606,Medical Negligence,Medical Negligence Complaint
CASE-003607,Immigration & Citizenship,Citizenship / Passport Matter
CASE-003608,Motor Accident Claims,Motor Accident Compensation Claim
CASE-003609,Media & Defamation,Defamation Suit
CASE-003610,Insolvency & Bankruptcy,Corporate Insolvency Resolution
CASE-003611,Banking & Finance,Loan Recovery / Cheque Dishonour
CASE-003612,Contract & Agreement,Breach of Contract / Specific Performance
CASE-003613,Insolvency & Bankruptcy,Corporate Insolvency Resolution
CASE-003614,Real Estate & Housing,Builder-Buyer / RERA Dispute
CASE-003615,Data Privacy,Personal Data Misuse / Privacy Petition
CASE-003616,Immigration & Citizenship,Citizenship / Passport Matter
CASE-003617,Motor Accident Claims,Motor Accident Compensation Claim
CASE-003618,Family & Succession,Inheritance / Probate
CASE-003619,Contract & Agreement,Breach of Contract / Specific Performance
CASE-003620,Data Privacy,Personal Data Misuse / Privacy Petition
CASE-003621,Cybercrime & IT,Online Fraud / Cybercrime
CASE-003622,Real Estate & Housing,Builder-Buyer / RERA Dispute
CASE-003623,Motor Accident Claims,Motor Accident Compensation Claim
CASE-003624,Arbitration,Arbitral Award Challenge
CASE-003625,Arbitration,Arbitral Award Challenge
CASE-003626,Tax & GST,GST / Tax Assessment Appeal
CASE-003627,Property & Land,Property / Partition Suit
CASE-003628,Motor Accident Claims,Motor Accident Compensation Claim
CASE-003629,Cybercrime & IT,Online Fraud / Cybercrime
CASE-003630,Immigration & Citizenship,Citizenship / Passport Matter
CASE-003631,Medical Negligence,Medical Negligence Complaint
CASE-003632,Criminal Law,Criminal Trial
CASE-003633,Intellectual Property,Trademark Infringement
CASE-003634,Medical Negligence,Medical Negligence Complaint
CASE-003635,Tax & GST,GST / Tax Assessment Appeal
CASE-003636,Real Estate & Housing,Builder-Buyer / RERA Dispute
CASE-003637,Constitutional Law,Writ / Fundamental Rights Petition
CASE-003638,Consumer Protection,Deficiency in Service Complaint
CASE-003639,Banking & Finance,Loan Recovery / Cheque Dishonour
CASE-003640,Education Law,Student Admission / Examination Dispute
CASE-003641,Real Estate & Housing,Builder-Buyer / RERA Dispute
CASE-003642,Employment & Labour,Wrongful Termination
CASE-003643,Corporate & Commercial,Commercial Contract Dispute
CASE-003644,Corporate & Commercial,Commercial Contract Dispute
CASE-003645,Immigration & Citizenship,Citizenship / Passport Matter
CASE-003646,Medical Negligence,Medical Negligence Complaint
CASE-003647,Cybercrime & IT,Online Fraud / Cybercrime
CASE-003648,Human Rights & PIL,Public Interest Litigation
CASE-003649,Constitutional Law,Writ / Fundamental Rights Petition
CASE-003650,Motor Accident Claims,Motor Accident Compensation Claim
CASE-003651,Tax & GST,GST / Tax Assessment Appeal
CASE-003652,Cybercrime & IT,Online Fraud / Cybercrime
CASE-003653,Banking & Finance,Loan Recovery / Cheque Dishonour
CASE-003654,Insolvency & Bankruptcy,Corporate Insolvency Resolution
CASE-003655,Cybercrime & IT,Online Fraud / Cybercrime
CASE-003656,Real Estate & Housing,Builder-Buyer / RERA Dispute
CASE-003657,Employment & Labour,Wrongful Termination
CASE-003658,Family & Succession,Inheritance / Probate
CASE-003659,Employment & Labour,Wrongful Termination
CASE-003660,Arbitration,Arbitral Award Challenge
CASE-003661,Immigration & Citizenship,Citizenship / Passport Matter
CASE-003662,Consumer Protection,Deficiency in Service Complaint
CASE-003663,Divorce & Matrimonial,Divorce Petition
CASE-003664,Intellectual Property,Trademark Infringement
CASE-003665,Human Rights & PIL,Public Interest Litigation
CASE-003666,Arbitration,Arbitral Award Challenge
CASE-003667,Tax & GST,GST / Tax Assessment Appeal
CASE-003668,Tax & GST,GST / Tax Assessment Appeal
CASE-003669,Intellectual Property,Trademark Infringement
CASE-003670,Property & Land,Property / Partition Suit
CASE-003671,Education Law,Student Admission / Examination Dispute
CASE-003672,Real Estate & Housing,Builder-Buyer / RERA Dispute
CASE-003673,Cybercrime & IT,Online Fraud / Cybercrime
CASE-003674,Cybercrime & IT,Online Fraud / Cybercrime
CASE-003675,Motor Accident Claims,Motor Accident Compensation Claim
CASE-003676,Administrative Law,Administrative Order Challenge
CASE-003677,Media & Defamation,Defamation Suit
CASE-003678,Immigration & Citizenship,Citizenship / Passport Matter
CASE-003679,Criminal Law,Criminal Trial
CASE-003680,Education Law,Student Admission / Examination Dispute
CASE-003681,Consumer Protection,Deficiency in Service Complaint
CASE-003682,Administrative Law,Administrative Order Challenge
CASE-003683,Family & Succession,Inheritance / Probate
CASE-003684,Motor Accident Claims,Motor Accident Compensation Claim
CASE-003685,Consumer Protection,Deficiency in Service Complaint
CASE-003686,Insolvency & Bankruptcy,Corporate Insolvency Resolution
CASE-003687,Child Protection,POCSO / Child Protection Proceeding
CASE-003688,Property & Land,Property / Partition Suit
CASE-003689,Education Law,Student Admission / Examination Dispute
CASE-003690,Property & Land,Property / Partition Suit
CASE-003691,Tax & GST,GST / Tax Assessment Appeal
CASE-003692,Constitutional Law,Writ / Fundamental Rights Petition
CASE-003693,Family & Succession,Inheritance / Probate
CASE-003694,Medical Negligence,Medical Negligence Complaint
CASE-003695,Banking & Finance,Loan Recovery / Cheque Dishonour
CASE-003696,Corporate & Commercial,Commercial Contract Dispute
CASE-003697,Human Rights & PIL,Public Interest Litigation
CASE-003698,Medical Negligence,Medical Negligence Complaint
CASE-003699,Motor Accident Claims,Motor Accident Compensation Claim
CASE-003700,Administrative Law,Administrative Order Challenge
CASE-003701,Education Law,Student Admission / Examination Dispute
CASE-003702,Real Estate & Housing,Builder-Buyer / RERA Dispute
CASE-003703,Tax & GST,GST / Tax Assessment Appeal
CASE-003704,Corporate & Commercial,Commercial Contract Dispute
CASE-003705,Family & Succession,Inheritance / Probate
CASE-003706,Data Privacy,Personal Data Misuse / Privacy Petition
CASE-003707,Banking & Finance,Loan Recovery / Cheque Dishonour
CASE-003708,Criminal Law,Criminal Trial
CASE-003709,Education Law,Student Admission / Examination Dispute
CASE-003710,Media & Defamation,Defamation Suit
CASE-003711,Corporate & Commercial,Commercial Contract Dispute
CASE-003712,Family & Succession,Inheritance / Probate
CASE-003713,Criminal Law,Criminal Trial
CASE-003714,Administrative Law,Administrative Order Challenge
CASE-003715,Medical Negligence,Medical Negligence Complaint
CASE-003716,Child Protection,POCSO / Child Protection Proceeding
CASE-003717,Constitutional Law,Writ / Fundamental Rights Petition
CASE-003718,Intellectual Property,Trademark Infringement
CASE-003719,Corporate & Commercial,Commercial Contract Dispute
CASE-003720,Consumer Protection,Deficiency in Service Complaint
CASE-003721,Consumer Protection,Deficiency in Service Complaint
CASE-003722,Data Privacy,Personal Data Misuse / Privacy Petition
CASE-003723,Employment & Labour,Wrongful Termination
CASE-003724,Arbitration,Arbitral Award Challenge
CASE-003725,Criminal Law,Criminal Trial
CASE-003726,Real Estate & Housing,Builder-Buyer / RERA Dispute
CASE-003727,Child Protection,POCSO / Child Protection Proceeding
CASE-003728,Constitutional Law,Writ / Fundamental Rights Petition
CASE-003729,Motor Accident Claims,Motor Accident Compensation Claim
CASE-003730,White Collar Crime,Money Laundering / Corruption Case
CASE-003731,Child Protection,POCSO / Child Protection Proceeding
CASE-003732,Arbitration,Arbitral Award Challenge
CASE-003733,Medical Negligence,Medical Negligence Complaint
CASE-003734,Motor Accident Claims,Motor Accident Compensation Claim
CASE-003735,Divorce & Matrimonial,Divorce Petition
CASE-003736,Employment & Labour,Wrongful Termination
CASE-003737,Environmental Law,Environmental Clearance Challenge
CASE-003738,White Collar Crime,Money Laundering / Corruption Case
CASE-003739,Immigration & Citizenship,Citizenship / Passport Matter
CASE-003740,Real Estate & Housing,Builder-Buyer / RERA Dispute
CASE-003741,Consumer Protection,Deficiency in Service Complaint
CASE-003742,Corporate & Commercial,Commercial Contract Dispute
CASE-003743,Constitutional Law,Writ / Fundamental Rights Petition
CASE-003744,Criminal Law,Criminal Trial
CASE-003745,Family & Succession,Inheritance / Probate
CASE-003746,Cybercrime & IT,Online Fraud / Cybercrime
CASE-003747,Human Rights & PIL,Public Interest Litigation
CASE-003748,Constitutional Law,Writ / Fundamental Rights Petition
CASE-003749,Criminal Law,Criminal Trial
CASE-003750,Child Protection,POCSO / Child Protection Proceeding
CASE-003751,Contract & Agreement,Breach of Contract / Specific Performance
CASE-003752,Corporate & Commercial,Commercial Contract Dispute
CASE-003753,Family & Succession,Inheritance / Probate
CASE-003754,Motor Accident Claims,Motor Accident Compensation Claim
CASE-003755,Criminal Law,Criminal Trial
CASE-003756,Child Protection,POCSO / Child Protection Proceeding
CASE-003757,Arbitration,Arbitral Award Challenge
CASE-003758,Education Law,Student Admission / Examination Dispute
CASE-003759,White Collar Crime,Money Laundering / Corruption Case
CASE-003760,Consumer Protection,Deficiency in Service Complaint
CASE-003761,Banking & Finance,Loan Recovery / Cheque Dishonour
CASE-003762,Criminal Law,Criminal Trial
CASE-003763,Immigration & Citizenship,Citizenship / Passport Matter
CASE-003764,Corporate & Commercial,Commercial Contract Dispute
CASE-003765,Administrative Law,Administrative Order Challenge
CASE-003766,Data Privacy,Personal Data Misuse / Privacy Petition
CASE-003767,Property & Land,Property / Partition Suit
CASE-003768,Administrative Law,Administrative Order Challenge
CASE-003769,Corporate & Commercial,Commercial Contract Dispute
CASE-003770,Real Estate & Housing,Builder-Buyer / RERA Dispute
CASE-003771,Administrative Law,Administrative Order Challenge
CASE-003772,Contract & Agreement,Breach of Contract / Specific Performance
CASE-003773,Corporate & Commercial,Commercial Contract Dispute
CASE-003774,Banking & Finance,Loan Recovery / Cheque Dishonour
CASE-003775,Arbitration,Arbitral Award Challenge
CASE-003776,Child Protection,POCSO / Child Protection Proceeding
CASE-003777,Human Rights & PIL,Public Interest Litigation
CASE-003778,Constitutional Law,Writ / Fundamental Rights Petition
CASE-003779,Child Protection,POCSO / Child Protection Proceeding
CASE-003780,Employment & Labour,Wrongful Termination
CASE-003781,Criminal Law,Criminal Trial
CASE-003782,Environmental Law,Environmental Clearance Challenge
CASE-003783,Employment & Labour,Wrongful Termination
CASE-003784,Human Rights & PIL,Public Interest Litigation
CASE-003785,Consumer Protection,Deficiency in Service Complaint
CASE-003786,Arbitration,Arbitral Award Challenge
CASE-003787,Motor Accident Claims,Motor Accident Compensation Claim
CASE-003788,Data Privacy,Personal Data Misuse / Privacy Petition
CASE-003789,Family & Succession,Inheritance / Probate
CASE-003790,Medical Negligence,Medical Negligence Complaint
CASE-003791,Cybercrime & IT,Online Fraud / Cybercrime
CASE-003792,Consumer Protection,Deficiency in Service Complaint
CASE-003793,Medical Negligence,Medical Negligence Complaint
CASE-003794,Immigration & Citizenship,Citizenship / Passport Matter
CASE-003795,Insolvency & Bankruptcy,Corporate Insolvency Resolution
CASE-003796,Education Law,Student Admission / Examination Dispute
CASE-003797,Cybercrime & IT,Online Fraud / Cybercrime
CASE-003798,Divorce & Matrimonial,Divorce Petition
CASE-003799,Employment & Labour,Wrongful Termination
CASE-003800,Administrative Law,Administrative Order Challenge
CASE-003801,Administrative Law,Administrative Order Challenge
CASE-003802,White Collar Crime,Money Laundering / Corruption Case
CASE-003803,Constitutional Law,Writ / Fundamental Rights Petition
CASE-003804,Child Protection,POCSO / Child Protection Proceeding
CASE-003805,Education Law,Student Admission / Examination Dispute
CASE-003806,Real Estate & Housing,Builder-Buyer / RERA Dispute
CASE-003807,Data Privacy,Personal Data Misuse / Privacy Petition
CASE-003808,Contract & Agreement,Breach of Contract / Specific Performance
CASE-003809,Motor Accident Claims,Motor Accident Compensation Claim
CASE-003810,Child Protection,POCSO / Child Protection Proceeding
CASE-003811,Insolvency & Bankruptcy,Corporate Insolvency Resolution
CASE-003812,Family & Succession,Inheritance / Probate
CASE-003813,Constitutional Law,Writ / Fundamental Rights Petition
CASE-003814,Human Rights & PIL,Public Interest Litigation
CASE-003815,Real Estate & Housing,Builder-Buyer / RERA Dispute
CASE-003816,Contract & Agreement,Breach of Contract / Specific Performance
CASE-003817,Administrative Law,Administrative Order Challenge
CASE-003818,Contract & Agreement,Breach of Contract / Specific Performance
CASE-003819,Media & Defamation,Defamation Suit
CASE-003820,Tax & GST,GST / Tax Assessment Appeal
CASE-003821,Divorce & Matrimonial,Divorce Petition
CASE-003822,Education Law,Student Admission / Examination Dispute
CASE-003823,Arbitration,Arbitral Award Challenge
CASE-003824,Cybercrime & IT,Online Fraud / Cybercrime
CASE-003825,Environmental Law,Environmental Clearance Challenge
CASE-003826,Environmental Law,Environmental Clearance Challenge
CASE-003827,Education Law,Student Admission / Examination Dispute
CASE-003828,Criminal Law,Criminal Trial
CASE-003829,Education Law,Student Admission / Examination Dispute
CASE-003830,Divorce & Matrimonial,Divorce Petition
CASE-003831,Environmental Law,Environmental Clearance Challenge
CASE-003832,Insolvency & Bankruptcy,Corporate Insolvency Resolution
CASE-003833,Data Privacy,Personal Data Misuse / Privacy Petition
CASE-003834,White Collar Crime,Money Laundering / Corruption Case
CASE-003835,Criminal Law,Criminal Trial
CASE-003836,Contract & Agreement,Breach of Contract / Specific Performance
CASE-003837,Corporate & Commercial,Commercial Contract Dispute
CASE-003838,Criminal Law,Criminal Trial
CASE-003839,Insolvency & Bankruptcy,Corporate Insolvency Resolution
CASE-003840,Data Privacy,Personal Data Misuse / Privacy Petition
CASE-003841,Family & Succession,Inheritance / Probate
CASE-003842,Property & Land,Property / Partition Suit
CASE-003843,Media & Defamation,Defamation Suit
CASE-003844,White Collar Crime,Money Laundering / Corruption Case
CASE-003845,Contract & Agreement,Breach of Contract / Specific Performance
CASE-003846,Arbitration,Arbitral Award Challenge
CASE-003847,Data Privacy,Personal Data Misuse / Privacy Petition
CASE-003848,Medical Negligence,Medical Negligence Complaint
CASE-003849,Education Law,Student Admission / Examination Dispute
CASE-003850,Administrative Law,Administrative Order Challenge
CASE-003851,Administrative Law,Administrative Order Challenge
CASE-003852,Data Privacy,Personal Data Misuse / Privacy Petition
CASE-003853,Child Protection,POCSO / Child Protection Proceeding
CASE-003854,White Collar Crime,Money Laundering / Corruption Case
CASE-003855,Banking & Finance,Loan Recovery / Cheque Dishonour
CASE-003856,Banking & Finance,Loan Recovery / Cheque Dishonour
CASE-003857,Employment & Labour,Wrongful Termination
CASE-003858,White Collar Crime,Money Laundering / Corruption Case
CASE-003859,Arbitration,Arbitral Award Challenge
CASE-003860,Cybercrime & IT,Online Fraud / Cybercrime
CASE-003861,Employment & Labour,Wrongful Termination
CASE-003862,Data Privacy,Personal Data Misuse / Privacy Petition
CASE-003863,Property & Land,Property / Partition Suit
CASE-003864,White Collar Crime,Money Laundering / Corruption Case
CASE-003865,Medical Negligence,Medical Negligence Complaint
CASE-003866,Environmental Law,Environmental Clearance Challenge
CASE-003867,Arbitration,Arbitral Award Challenge
CASE-003868,Education Law,Student Admission / Examination Dispute
CASE-003869,Consumer Protection,Deficiency in Service Complaint
CASE-003870,Insolvency & Bankruptcy,Corporate Insolvency Resolution
CASE-003871,Human Rights & PIL,Public Interest Litigation
CASE-003872,Cybercrime & IT,Online Fraud / Cybercrime
CASE-003873,Cybercrime & IT,Online Fraud / Cybercrime
CASE-003874,Divorce & Matrimonial,Divorce Petition
CASE-003875,Employment & Labour,Wrongful Termination
CASE-003876,Divorce & Matrimonial,Divorce Petition
CASE-003877,Divorce & Matrimonial,Divorce Petition
CASE-003878,Child Protection,POCSO / Child Protection Proceeding
CASE-003879,Education Law,Student Admission / Examination Dispute
CASE-003880,Data Privacy,Personal Data Misuse / Privacy Petition
CASE-003881,Education Law,Student Admission / Examination Dispute
CASE-003882,Education Law,Student Admission / Examination Dispute
CASE-003883,Family & Succession,Inheritance / Probate
CASE-003884,White Collar Crime,Money Laundering / Corruption Case
CASE-003885,Intellectual Property,Trademark Infringement
CASE-003886,Corporate & Commercial,Commercial Contract Dispute
CASE-003887,Child Protection,POCSO / Child Protection Proceeding
CASE-003888,Child Protection,POCSO / Child Protection Proceeding
CASE-003889,Immigration & Citizenship,Citizenship / Passport Matter
CASE-003890,Cybercrime & IT,Online Fraud / Cybercrime
CASE-003891,Divorce & Matrimonial,Divorce Petition
CASE-003892,Real Estate & Housing,Builder-Buyer / RERA Dispute
CASE-003893,Divorce & Matrimonial,Divorce Petition
CASE-003894,Banking & Finance,Loan Recovery / Cheque Dishonour
CASE-003895,Environmental Law,Environmental Clearance Challenge
CASE-003896,Arbitration,Arbitral Award Challenge
CASE-003897,Motor Accident Claims,Motor Accident Compensation Claim
CASE-003898,Data Privacy,Personal Data Misuse / Privacy Petition
CASE-003899,Arbitration,Arbitral Award Challenge
CASE-003900,Immigration & Citizenship,Citizenship / Passport Matter
CASE-003901,Family & Succession,Inheritance / Probate
CASE-003902,Medical Negligence,Medical Negligence Complaint
CASE-003903,Tax & GST,GST / Tax Assessment Appeal
CASE-003904,Media & Defamation,Defamation Suit
CASE-003905,Arbitration,Arbitral Award Challenge
CASE-003906,Education Law,Student Admission / Examination Dispute
CASE-003907,Data Privacy,Personal Data Misuse / Privacy Petition
CASE-003908,Property & Land,Property / Partition Suit
CASE-003909,Environmental Law,Environmental Clearance Challenge
CASE-003910,White Collar Crime,Money Laundering / Corruption Case
CASE-003911,Motor Accident Claims,Motor Accident Compensation Claim
CASE-003912,Medical Negligence,Medical Negligence Complaint
CASE-003913,Motor Accident Claims,Motor Accident Compensation Claim
CASE-003914,Administrative Law,Administrative Order Challenge
CASE-003915,Employment & Labour,Wrongful Termination
CASE-003916,Media & Defamation,Defamation Suit
CASE-003917,Immigration & Citizenship,Citizenship / Passport Matter
CASE-003918,Property & Land,Property / Partition Suit
CASE-003919,Tax & GST,GST / Tax Assessment Appeal
CASE-003920,Motor Accident Claims,Motor Accident Compensation Claim
CASE-003921,Cybercrime & IT,Online Fraud / Cybercrime
CASE-003922,Banking & Finance,Loan Recovery / Cheque Dishonour
CASE-003923,Corporate & Commercial,Commercial Contract Dispute
CASE-003924,Data Privacy,Personal Data Misuse / Privacy Petition
CASE-003925,Divorce & Matrimonial,Divorce Petition
CASE-003926,Real Estate & Housing,Builder-Buyer / RERA Dispute
CASE-003927,Environmental Law,Environmental Clearance Challenge
CASE-003928,White Collar Crime,Money Laundering / Corruption Case
CASE-003929,Consumer Protection,Deficiency in Service Complaint
CASE-003930,Administrative Law,Administrative Order Challenge
CASE-003931,Cybercrime & IT,Online Fraud / Cybercrime
CASE-003932,Real Estate & Housing,Builder-Buyer / RERA Dispute
CASE-003933,Criminal Law,Criminal Trial
CASE-003934,Cybercrime & IT,Online Fraud / Cybercrime
CASE-003935,Consumer Protection,Deficiency in Service Complaint
CASE-003936,Corporate & Commercial,Commercial Contract Dispute
CASE-003937,Education Law,Student Admission / Examination Dispute
CASE-003938,Environmental Law,Environmental Clearance Challenge
CASE-003939,Insolvency & Bankruptcy,Corporate Insolvency Resolution
CASE-003940,Immigration & Citizenship,Citizenship / Passport Matter
CASE-003941,Cybercrime & IT,Online Fraud / Cybercrime
CASE-003942,Environmental Law,Environmental Clearance Challenge
CASE-003943,Intellectual Property,Trademark Infringement
CASE-003944,Media & Defamation,Defamation Suit
CASE-003945,Environmental Law,Environmental Clearance Challenge
CASE-003946,Real Estate & Housing,Builder-Buyer / RERA Dispute
CASE-003947,White Collar Crime,Money Laundering / Corruption Case
CASE-003948,Banking & Finance,Loan Recovery / Cheque Dishonour
CASE-003949,Corporate & Commercial,Commercial Contract Dispute
CASE-003950,Divorce & Matrimonial,Divorce Petition
CASE-003951,Divorce & Matrimonial,Divorce Petition
CASE-003952,Media & Defamation,Defamation Suit
CASE-003953,Child Protection,POCSO / Child Protection Proceeding
CASE-003954,Human Rights & PIL,Public Interest Litigation
CASE-003955,Medical Negligence,Medical Negligence Complaint
CASE-003956,Corporate & Commercial,Commercial Contract Dispute
CASE-003957,Insolvency & Bankruptcy,Corporate Insolvency Resolution
CASE-003958,Immigration & Citizenship,Citizenship / Passport Matter
CASE-003959,Media & Defamation,Defamation Suit
CASE-003960,Immigration & Citizenship,Citizenship / Passport Matter
CASE-003961,Divorce & Matrimonial,Divorce Petition
CASE-003962,Constitutional Law,Writ / Fundamental Rights Petition
CASE-003963,Immigration & Citizenship,Citizenship / Passport Matter
CASE-003964,Consumer Protection,Deficiency in Service Complaint
CASE-003965,Family & Succession,Inheritance / Probate
CASE-003966,Property & Land,Property / Partition Suit
CASE-003967,Employment & Labour,Wrongful Termination
CASE-003968,Real Estate & Housing,Builder-Buyer / RERA Dispute
CASE-003969,Data Privacy,Personal Data Misuse / Privacy Petition
CASE-003970,Real Estate & Housing,Builder-Buyer / RERA Dispute
CASE-003971,Employment & Labour,Wrongful Termination
CASE-003972,Intellectual Property,Trademark Infringement
CASE-003973,Consumer Protection,Deficiency in Service Complaint
CASE-003974,White Collar Crime,Money Laundering / Corruption Case
CASE-003975,Cybercrime & IT,Online Fraud / Cybercrime
CASE-003976,Employment & Labour,Wrongful Termination
CASE-003977,Tax & GST,GST / Tax Assessment Appeal
CASE-003978,Family & Succession,Inheritance / Probate
CASE-003979,Constitutional Law,Writ / Fundamental Rights Petition
CASE-003980,Administrative Law,Administrative Order Challenge
CASE-003981,Property & Land,Property / Partition Suit
CASE-003982,Medical Negligence,Medical Negligence Complaint
CASE-003983,Divorce & Matrimonial,Divorce Petition
CASE-003984,Family & Succession,Inheritance / Probate
CASE-003985,Child Protection,POCSO / Child Protection Proceeding
CASE-003986,Arbitration,Arbitral Award Challenge
CASE-003987,Criminal Law,Criminal Trial
CASE-003988,Data Privacy,Personal Data Misuse / Privacy Petition
CASE-003989,Data Privacy,Personal Data Misuse / Privacy Petition
CASE-003990,Cybercrime & IT,Online Fraud / Cybercrime
CASE-003991,Intellectual Property,Trademark Infringement
CASE-003992,Environmental Law,Environmental Clearance Challenge
CASE-003993,Constitutional Law,Writ / Fundamental Rights Petition
CASE-003994,Data Privacy,Personal Data Misuse / Privacy Petition
CASE-003995,Environmental Law,Environmental Clearance Challenge
CASE-003996,Environmental Law,Environmental Clearance Challenge
CASE-003997,Immigration & Citizenship,Citizenship / Passport Matter
CASE-003998,Real Estate & Housing,Builder-Buyer / RERA Dispute
CASE-003999,Media & Defamation,Defamation Suit
CASE-004000,Divorce & Matrimonial,Divorce Petition
CASE-004001,Contract & Agreement,Breach of Contract / Specific Performance
CASE-004002,Criminal Law,Criminal Trial
CASE-004003,Education Law,Student Admission / Examination Dispute
CASE-004004,Consumer Protection,Deficiency in Service Complaint
CASE-004005,Media & Defamation,Defamation Suit
CASE-004006,Divorce & Matrimonial,Divorce Petition
CASE-004007,Criminal Law,Criminal Trial
CASE-004008,Arbitration,Arbitral Award Challenge
CASE-004009,Employment & Labour,Wrongful Termination
CASE-004010,Contract & Agreement,Breach of Contract / Specific Performance
CASE-004011,Intellectual Property,Trademark Infringement
CASE-004012,Banking & Finance,Loan Recovery / Cheque Dishonour
CASE-004013,Human Rights & PIL,Public Interest Litigation
CASE-004014,White Collar Crime,Money Laundering / Corruption Case
CASE-004015,Arbitration,Arbitral Award Challenge
CASE-004016,Media & Defamation,Defamation Suit
CASE-004017,Corporate & Commercial,Commercial Contract Dispute
CASE-004018,Motor Accident Claims,Motor Accident Compensation Claim
CASE-004019,Employment & Labour,Wrongful Termination
CASE-004020,Motor Accident Claims,Motor Accident Compensation Claim
CASE-004021,Administrative Law,Administrative Order Challenge
CASE-004022,Motor Accident Claims,Motor Accident Compensation Claim
CASE-004023,Environmental Law,Environmental Clearance Challenge
CASE-004024,Constitutional Law,Writ / Fundamental Rights Petition
CASE-004025,Family & Succession,Inheritance / Probate
CASE-004026,Consumer Protection,Deficiency in Service Complaint
CASE-004027,Immigration & Citizenship,Citizenship / Passport Matter
CASE-004028,Intellectual Property,Trademark Infringement
CASE-004029,Arbitration,Arbitral Award Challenge
CASE-004030,Property & Land,Property / Partition Suit
CASE-004031,Motor Accident Claims,Motor Accident Compensation Claim
CASE-004032,Employment & Labour,Wrongful Termination
CASE-004033,Cybercrime & IT,Online Fraud / Cybercrime
CASE-004034,Insolvency & Bankruptcy,Corporate Insolvency Resolution
CASE-004035,Family & Succession,Inheritance / Probate
CASE-004036,Family & Succession,Inheritance / Probate
CASE-004037,Consumer Protection,Deficiency in Service Complaint
CASE-004038,Environmental Law,Environmental Clearance Challenge
CASE-004039,Human Rights & PIL,Public Interest Litigation
CASE-004040,Contract & Agreement,Breach of Contract / Specific Performance
CASE-004041,Constitutional Law,Writ / Fundamental Rights Petition
CASE-004042,Human Rights & PIL,Public Interest Litigation
CASE-004043,Property & Land,Property / Partition Suit
CASE-004044,Contract & Agreement,Breach of Contract / Specific Performance
CASE-004045,Intellectual Property,Trademark Infringement
CASE-004046,Criminal Law,Criminal Trial
CASE-004047,Divorce & Matrimonial,Divorce Petition
CASE-004048,Motor Accident Claims,Motor Accident Compensation Claim
CASE-004049,Environmental Law,Environmental Clearance Challenge
CASE-004050,Cybercrime & IT,Online Fraud / Cybercrime
CASE-004051,Employment & Labour,Wrongful Termination
CASE-004052,Human Rights & PIL,Public Interest Litigation
CASE-004053,Employment & Labour,Wrongful Termination
CASE-004054,Corporate & Commercial,Commercial Contract Dispute
CASE-004055,Immigration & Citizenship,Citizenship / Passport Matter
CASE-004056,Environmental Law,Environmental Clearance Challenge
CASE-004057,Family & Succession,Inheritance / Probate
CASE-004058,White Collar Crime,Money Laundering / Corruption Case
CASE-004059,Contract & Agreement,Breach of Contract / Specific Performance
CASE-004060,Property & Land,Property / Partition Suit
CASE-004061,Family & Succession,Inheritance / Probate
CASE-004062,Criminal Law,Criminal Trial
CASE-004063,Corporate & Commercial,Commercial Contract Dispute
CASE-004064,Immigration & Citizenship,Citizenship / Passport Matter
CASE-004065,Child Protection,POCSO / Child Protection Proceeding
CASE-004066,Banking & Finance,Loan Recovery / Cheque Dishonour
CASE-004067,Criminal Law,Criminal Trial
CASE-004068,Consumer Protection,Deficiency in Service Complaint
CASE-004069,Environmental Law,Environmental Clearance Challenge
CASE-004070,Arbitration,Arbitral Award Challenge
CASE-004071,Human Rights & PIL,Public Interest Litigation
CASE-004072,Property & Land,Property / Partition Suit
CASE-004073,Child Protection,POCSO / Child Protection Proceeding
CASE-004074,Property & Land,Property / Partition Suit
CASE-004075,Human Rights & PIL,Public Interest Litigation
CASE-004076,Corporate & Commercial,Commercial Contract Dispute
CASE-004077,Banking & Finance,Loan Recovery / Cheque Dishonour
CASE-004078,Insolvency & Bankruptcy,Corporate Insolvency Resolution
CASE-004079,Immigration & Citizenship,Citizenship / Passport Matter
CASE-004080,Banking & Finance,Loan Recovery / Cheque Dishonour
CASE-004081,Environmental Law,Environmental Clearance Challenge
CASE-004082,Data Privacy,Personal Data Misuse / Privacy Petition
CASE-004083,Divorce & Matrimonial,Divorce Petition
CASE-004084,Medical Negligence,Medical Negligence Complaint
CASE-004085,Environmental Law,Environmental Clearance Challenge
CASE-004086,Administrative Law,Administrative Order Challenge
CASE-004087,Education Law,Student Admission / Examination Dispute
CASE-004088,Banking & Finance,Loan Recovery / Cheque Dishonour
CASE-004089,Contract & Agreement,Breach of Contract / Specific Performance
CASE-004090,Employment & Labour,Wrongful Termination
CASE-004091,Child Protection,POCSO / Child Protection Proceeding
CASE-004092,Criminal Law,Criminal Trial
CASE-004093,Real Estate & Housing,Builder-Buyer / RERA Dispute
CASE-004094,Corporate & Commercial,Commercial Contract Dispute
CASE-004095,Media & Defamation,Defamation Suit
CASE-004096,Cybercrime & IT,Online Fraud / Cybercrime
CASE-004097,Administrative Law,Administrative Order Challenge
CASE-004098,Arbitration,Arbitral Award Challenge
CASE-004099,Tax & GST,GST / Tax Assessment Appeal
CASE-004100,Family & Succession,Inheritance / Probate
CASE-004101,Family & Succession,Inheritance / Probate
CASE-004102,Employment & Labour,Wrongful Termination
CASE-004103,Motor Accident Claims,Motor Accident Compensation Claim
CASE-004104,Data Privacy,Personal Data Misuse / Privacy Petition
CASE-004105,Child Protection,POCSO / Child Protection Proceeding
CASE-004106,Insolvency & Bankruptcy,Corporate Insolvency Resolution
CASE-004107,Consumer Protection,Deficiency in Service Complaint
CASE-004108,Family & Succession,Inheritance / Probate
CASE-004109,Intellectual Property,Trademark Infringement
CASE-004110,Employment & Labour,Wrongful Termination
CASE-004111,Environmental Law,Environmental Clearance Challenge
CASE-004112,Immigration & Citizenship,Citizenship / Passport Matter
CASE-004113,Corporate & Commercial,Commercial Contract Dispute
CASE-004114,Banking & Finance,Loan Recovery / Cheque Dishonour
CASE-004115,Media & Defamation,Defamation Suit
CASE-004116,Tax & GST,GST / Tax Assessment Appeal
CASE-004117,Child Protection,POCSO / Child Protection Proceeding
CASE-004118,Arbitration,Arbitral Award Challenge
CASE-004119,Real Estate & Housing,Builder-Buyer / RERA Dispute
CASE-004120,Employment & Labour,Wrongful Termination
CASE-004121,Environmental Law,Environmental Clearance Challenge
CASE-004122,Arbitration,Arbitral Award Challenge
CASE-004123,Consumer Protection,Deficiency in Service Complaint
CASE-004124,Cybercrime & IT,Online Fraud / Cybercrime
CASE-004125,Data Privacy,Personal Data Misuse / Privacy Petition
CASE-004126,Media & Defamation,Defamation Suit
CASE-004127,Banking & Finance,Loan Recovery / Cheque Dishonour
CASE-004128,Motor Accident Claims,Motor Accident Compensation Claim
CASE-004129,Contract & Agreement,Breach of Contract / Specific Performance
CASE-004130,Medical Negligence,Medical Negligence Complaint
CASE-004131,Corporate & Commercial,Commercial Contract Dispute
CASE-004132,Motor Accident Claims,Motor Accident Compensation Claim
CASE-004133,Divorce & Matrimonial,Divorce Petition
CASE-004134,Administrative Law,Administrative Order Challenge
CASE-004135,Motor Accident Claims,Motor Accident Compensation Claim
CASE-004136,Real Estate & Housing,Builder-Buyer / RERA Dispute
CASE-004137,Real Estate & Housing,Builder-Buyer / RERA Dispute
CASE-004138,White Collar Crime,Money Laundering / Corruption Case
CASE-004139,Media & Defamation,Defamation Suit
CASE-004140,Banking & Finance,Loan Recovery / Cheque Dishonour
CASE-004141,Immigration & Citizenship,Citizenship / Passport Matter
CASE-004142,Education Law,Student Admission / Examination Dispute
CASE-004143,Banking & Finance,Loan Recovery / Cheque Dishonour
CASE-004144,Constitutional Law,Writ / Fundamental Rights Petition
CASE-004145,Education Law,Student Admission / Examination Dispute
CASE-004146,Immigration & Citizenship,Citizenship / Passport Matter
CASE-004147,Media & Defamation,Defamation Suit
CASE-004148,Consumer Protection,Deficiency in Service Complaint
CASE-004149,Criminal Law,Criminal Trial
CASE-004150,Data Privacy,Personal Data Misuse / Privacy Petition
CASE-004151,Administrative Law,Administrative Order Challenge
CASE-004152,Administrative Law,Administrative Order Challenge
CASE-004153,Contract & Agreement,Breach of Contract / Specific Performance
CASE-004154,Contract & Agreement,Breach of Contract / Specific Performance
CASE-004155,Data Privacy,Personal Data Misuse / Privacy Petition
CASE-004156,Human Rights & PIL,Public Interest Litigation
CASE-004157,Child Protection,POCSO / Child Protection Proceeding
CASE-004158,Education Law,Student Admission / Examination Dispute
CASE-004159,Banking & Finance,Loan Recovery / Cheque Dishonour
CASE-004160,Environmental Law,Environmental Clearance Challenge
CASE-004161,Arbitration,Arbitral Award Challenge
CASE-004162,Immigration & Citizenship,Citizenship / Passport Matter
CASE-004163,Environmental Law,Environmental Clearance Challenge
CASE-004164,Arbitration,Arbitral Award Challenge
CASE-004165,Administrative Law,Administrative Order Challenge
CASE-004166,Corporate & Commercial,Commercial Contract Dispute
CASE-004167,Banking & Finance,Loan Recovery / Cheque Dishonour
CASE-004168,Insolvency & Bankruptcy,Corporate Insolvency Resolution
CASE-004169,Constitutional Law,Writ / Fundamental Rights Petition
CASE-004170,Medical Negligence,Medical Negligence Complaint
CASE-004171,White Collar Crime,Money Laundering / Corruption Case
CASE-004172,Environmental Law,Environmental Clearance Challenge
CASE-004173,Banking & Finance,Loan Recovery / Cheque Dishonour
CASE-004174,Property & Land,Property / Partition Suit
CASE-004175,White Collar Crime,Money Laundering / Corruption Case
CASE-004176,Insolvency & Bankruptcy,Corporate Insolvency Resolution
CASE-004177,Environmental Law,Environmental Clearance Challenge
CASE-004178,Banking & Finance,Loan Recovery / Cheque Dishonour
CASE-004179,Motor Accident Claims,Motor Accident Compensation Claim
CASE-004180,Data Privacy,Personal Data Misuse / Privacy Petition
CASE-004181,Media & Defamation,Defamation Suit
CASE-004182,Immigration & Citizenship,Citizenship / Passport Matter
CASE-004183,Tax & GST,GST / Tax Assessment Appeal
CASE-004184,Employment & Labour,Wrongful Termination
CASE-004185,Cybercrime & IT,Online Fraud / Cybercrime
CASE-004186,Environmental Law,Environmental Clearance Challenge
CASE-004187,Data Privacy,Personal Data Misuse / Privacy Petition
CASE-004188,Banking & Finance,Loan Recovery / Cheque Dishonour
CASE-004189,Child Protection,POCSO / Child Protection Proceeding
CASE-004190,Divorce & Matrimonial,Divorce Petition
CASE-004191,Employment & Labour,Wrongful Termination
CASE-004192,Media & Defamation,Defamation Suit
CASE-004193,Administrative Law,Administrative Order Challenge
CASE-004194,Tax & GST,GST / Tax Assessment Appeal
CASE-004195,Data Privacy,Personal Data Misuse / Privacy Petition
CASE-004196,Employment & Labour,Wrongful Termination
CASE-004197,Tax & GST,GST / Tax Assessment Appeal
CASE-004198,Property & Land,Property / Partition Suit
CASE-004199,Medical Negligence,Medical Negligence Complaint
CASE-004200,Intellectual Property,Trademark Infringement
CASE-004201,Media & Defamation,Defamation Suit
CASE-004202,Family & Succession,Inheritance / Probate
CASE-004203,Arbitration,Arbitral Award Challenge
CASE-004204,Administrative Law,Administrative Order Challenge
CASE-004205,Contract & Agreement,Breach of Contract / Specific Performance
CASE-004206,Child Protection,POCSO / Child Protection Proceeding
CASE-004207,Intellectual Property,Trademark Infringement
CASE-004208,Divorce & Matrimonial,Divorce Petition
CASE-004209,Environmental Law,Environmental Clearance Challenge
CASE-004210,Motor Accident Claims,Motor Accident Compensation Claim
CASE-004211,White Collar Crime,Money Laundering / Corruption Case
CASE-004212,Medical Negligence,Medical Negligence Complaint
CASE-004213,Consumer Protection,Deficiency in Service Complaint
CASE-004214,Data Privacy,Personal Data Misuse / Privacy Petition
CASE-004215,Insolvency & Bankruptcy,Corporate Insolvency Resolution
CASE-004216,Consumer Protection,Deficiency in Service Complaint
CASE-004217,White Collar Crime,Money Laundering / Corruption Case
CASE-004218,Tax & GST,GST / Tax Assessment Appeal
CASE-004219,Immigration & Citizenship,Citizenship / Passport Matter
CASE-004220,Contract & Agreement,Breach of Contract / Specific Performance
CASE-004221,Tax & GST,GST / Tax Assessment Appeal
CASE-004222,Human Rights & PIL,Public Interest Litigation
CASE-004223,Constitutional Law,Writ / Fundamental Rights Petition
CASE-004224,Real Estate & Housing,Builder-Buyer / RERA Dispute
CASE-004225,Child Protection,POCSO / Child Protection Proceeding
CASE-004226,Employment & Labour,Wrongful Termination
CASE-004227,Contract & Agreement,Breach of Contract / Specific Performance
CASE-004228,Medical Negligence,Medical Negligence Complaint
CASE-004229,Tax & GST,GST / Tax Assessment Appeal
CASE-004230,Divorce & Matrimonial,Divorce Petition
CASE-004231,Immigration & Citizenship,Citizenship / Passport Matter
CASE-004232,Employment & Labour,Wrongful Termination
CASE-004233,Employment & Labour,Wrongful Termination
CASE-004234,Immigration & Citizenship,Citizenship / Passport Matter
CASE-004235,Immigration & Citizenship,Citizenship / Passport Matter
CASE-004236,Human Rights & PIL,Public Interest Litigation
CASE-004237,Immigration & Citizenship,Citizenship / Passport Matter
CASE-004238,White Collar Crime,Money Laundering / Corruption Case
CASE-004239,Intellectual Property,Trademark Infringement
CASE-004240,Tax & GST,GST / Tax Assessment Appeal
CASE-004241,Intellectual Property,Trademark Infringement
CASE-004242,Constitutional Law,Writ / Fundamental Rights Petition
CASE-004243,Constitutional Law,Writ / Fundamental Rights Petition
CASE-004244,Administrative Law,Administrative Order Challenge
CASE-004245,Property & Land,Property / Partition Suit
CASE-004246,Tax & GST,GST / Tax Assessment Appeal
CASE-004247,Data Privacy,Personal Data Misuse / Privacy Petition
CASE-004248,Insolvency & Bankruptcy,Corporate Insolvency Resolution
CASE-004249,Medical Negligence,Medical Negligence Complaint
CASE-004250,Family & Succession,Inheritance / Probate
CASE-004251,Immigration & Citizenship,Citizenship / Passport Matter
CASE-004252,Criminal Law,Criminal Trial
CASE-004253,Medical Negligence,Medical Negligence Complaint
CASE-004254,Family & Succession,Inheritance / Probate
CASE-004255,Child Protection,POCSO / Child Protection Proceeding
CASE-004256,Family & Succession,Inheritance / Probate
CASE-004257,Property & Land,Property / Partition Suit
CASE-004258,Education Law,Student Admission / Examination Dispute
CASE-004259,Divorce & Matrimonial,Divorce Petition
CASE-004260,Data Privacy,Personal Data Misuse / Privacy Petition
CASE-004261,Family & Succession,Inheritance / Probate
CASE-004262,Child Protection,POCSO / Child Protection Proceeding
CASE-004263,Contract & Agreement,Breach of Contract / Specific Performance
CASE-004264,Media & Defamation,Defamation Suit
CASE-004265,Criminal Law,Criminal Trial
CASE-004266,Family & Succession,Inheritance / Probate
CASE-004267,Property & Land,Property / Partition Suit
CASE-004268,Family & Succession,Inheritance / Probate
CASE-004269,Real Estate & Housing,Builder-Buyer / RERA Dispute
CASE-004270,Family & Succession,Inheritance / Probate
CASE-004271,Family & Succession,Inheritance / Probate
CASE-004272,White Collar Crime,Money Laundering / Corruption Case
CASE-004273,Property & Land,Property / Partition Suit
CASE-004274,Banking & Finance,Loan Recovery / Cheque Dishonour
CASE-004275,Motor Accident Claims,Motor Accident Compensation Claim
CASE-004276,Administrative Law,Administrative Order Challenge
CASE-004277,Tax & GST,GST / Tax Assessment Appeal
CASE-004278,Tax & GST,GST / Tax Assessment Appeal
CASE-004279,Education Law,Student Admission / Examination Dispute
CASE-004280,Contract & Agreement,Breach of Contract / Specific Performance
CASE-004281,Data Privacy,Personal Data Misuse / Privacy Petition
CASE-004282,Divorce & Matrimonial,Divorce Petition
CASE-004283,Arbitration,Arbitral Award Challenge
CASE-004284,Tax & GST,GST / Tax Assessment Appeal
CASE-004285,Environmental Law,Environmental Clearance Challenge
CASE-004286,Property & Land,Property / Partition Suit
CASE-004287,Divorce & Matrimonial,Divorce Petition
CASE-004288,Property & Land,Property / Partition Suit
CASE-004289,Medical Negligence,Medical Negligence Complaint
CASE-004290,Family & Succession,Inheritance / Probate
CASE-004291,Immigration & Citizenship,Citizenship / Passport Matter
CASE-004292,Divorce & Matrimonial,Divorce Petition
CASE-004293,Intellectual Property,Trademark Infringement
CASE-004294,Medical Negligence,Medical Negligence Complaint
CASE-004295,Property & Land,Property / Partition Suit
CASE-004296,Divorce & Matrimonial,Divorce Petition
CASE-004297,Property & Land,Property / Partition Suit
CASE-004298,Administrative Law,Administrative Order Challenge
CASE-004299,Cybercrime & IT,Online Fraud / Cybercrime
CASE-004300,Cybercrime & IT,Online Fraud / Cybercrime
CASE-004301,Motor Accident Claims,Motor Accident Compensation Claim
CASE-004302,Tax & GST,GST / Tax Assessment Appeal
CASE-004303,Media & Defamation,Defamation Suit
CASE-004304,Immigration & Citizenship,Citizenship / Passport Matter
CASE-004305,Arbitration,Arbitral Award Challenge
CASE-004306,Tax & GST,GST / Tax Assessment Appeal
CASE-004307,Family & Succession,Inheritance / Probate
CASE-004308,Property & Land,Property / Partition Suit
CASE-004309,Cybercrime & IT,Online Fraud / Cybercrime
CASE-004310,Child Protection,POCSO / Child Protection Proceeding
CASE-004311,Immigration & Citizenship,Citizenship / Passport Matter
CASE-004312,Human Rights & PIL,Public Interest Litigation
CASE-004313,Education Law,Student Admission / Examination Dispute
CASE-004314,Child Protection,POCSO / Child Protection Proceeding
CASE-004315,Real Estate & Housing,Builder-Buyer / RERA Dispute
CASE-004316,Insolvency & Bankruptcy,Corporate Insolvency Resolution
CASE-004317,Child Protection,POCSO / Child Protection Proceeding
CASE-004318,Property & Land,Property / Partition Suit
CASE-004319,Criminal Law,Criminal Trial
CASE-004320,Insolvency & Bankruptcy,Corporate Insolvency Resolution
CASE-004321,Media & Defamation,Defamation Suit
CASE-004322,Administrative Law,Administrative Order Challenge
CASE-004323,Cybercrime & IT,Online Fraud / Cybercrime
CASE-004324,Tax & GST,GST / Tax Assessment Appeal
CASE-004325,Environmental Law,Environmental Clearance Challenge
CASE-004326,Divorce & Matrimonial,Divorce Petition
CASE-004327,Data Privacy,Personal Data Misuse / Privacy Petition
CASE-004328,Employment & Labour,Wrongful Termination
CASE-004329,Employment & Labour,Wrongful Termination
CASE-004330,Employment & Labour,Wrongful Termination
CASE-004331,Child Protection,POCSO / Child Protection Proceeding
CASE-004332,Employment & Labour,Wrongful Termination
CASE-004333,Tax & GST,GST / Tax Assessment Appeal
CASE-004334,Cybercrime & IT,Online Fraud / Cybercrime
CASE-004335,Arbitration,Arbitral Award Challenge
CASE-004336,Data Privacy,Personal Data Misuse / Privacy Petition
CASE-004337,Arbitration,Arbitral Award Challenge
CASE-004338,Constitutional Law,Writ / Fundamental Rights Petition
CASE-004339,Corporate & Commercial,Commercial Contract Dispute
CASE-004340,Insolvency & Bankruptcy,Corporate Insolvency Resolution
CASE-004341,Data Privacy,Personal Data Misuse / Privacy Petition
CASE-004342,Constitutional Law,Writ / Fundamental Rights Petition
CASE-004343,Immigration & Citizenship,Citizenship / Passport Matter
CASE-004344,Immigration & Citizenship,Citizenship / Passport Matter
CASE-004345,Human Rights & PIL,Public Interest Litigation
CASE-004346,Cybercrime & IT,Online Fraud / Cybercrime
CASE-004347,Employment & Labour,Wrongful Termination
CASE-004348,Human Rights & PIL,Public Interest Litigation
CASE-004349,Arbitration,Arbitral Award Challenge
CASE-004350,Cybercrime & IT,Online Fraud / Cybercrime
CASE-004351,Property & Land,Property / Partition Suit
CASE-004352,Cybercrime & IT,Online Fraud / Cybercrime
CASE-004353,White Collar Crime,Money Laundering / Corruption Case
CASE-004354,Education Law,Student Admission / Examination Dispute
CASE-004355,Media & Defamation,Defamation Suit
CASE-004356,Motor Accident Claims,Motor Accident Compensation Claim
CASE-004357,Constitutional Law,Writ / Fundamental Rights Petition
CASE-004358,Family & Succession,Inheritance / Probate
CASE-004359,Human Rights & PIL,Public Interest Litigation
CASE-004360,Constitutional Law,Writ / Fundamental Rights Petition
CASE-004361,Environmental Law,Environmental Clearance Challenge
CASE-004362,Divorce & Matrimonial,Divorce Petition
CASE-004363,Human Rights & PIL,Public Interest Litigation
CASE-004364,Employment & Labour,Wrongful Termination
CASE-004365,Family & Succession,Inheritance / Probate
CASE-004366,Banking & Finance,Loan Recovery / Cheque Dishonour
CASE-004367,Intellectual Property,Trademark Infringement
CASE-004368,Cybercrime & IT,Online Fraud / Cybercrime
CASE-004369,Property & Land,Property / Partition Suit
CASE-004370,Environmental Law,Environmental Clearance Challenge
CASE-004371,Family & Succession,Inheritance / Probate
CASE-004372,Human Rights & PIL,Public Interest Litigation
CASE-004373,Real Estate & Housing,Builder-Buyer / RERA Dispute
CASE-004374,Constitutional Law,Writ / Fundamental Rights Petition
CASE-004375,Motor Accident Claims,Motor Accident Compensation Claim
CASE-004376,Cybercrime & IT,Online Fraud / Cybercrime
CASE-004377,Constitutional Law,Writ / Fundamental Rights Petition
CASE-004378,Intellectual Property,Trademark Infringement
CASE-004379,Employment & Labour,Wrongful Termination
CASE-004380,Tax & GST,GST / Tax Assessment Appeal
CASE-004381,Media & Defamation,Defamation Suit
CASE-004382,Tax & GST,GST / Tax Assessment Appeal
CASE-004383,Property & Land,Property / Partition Suit
CASE-004384,Consumer Protection,Deficiency in Service Complaint
CASE-004385,Arbitration,Arbitral Award Challenge
CASE-004386,Media & Defamation,Defamation Suit
CASE-004387,Medical Negligence,Medical Negligence Complaint
CASE-004388,Insolvency & Bankruptcy,Corporate Insolvency Resolution
CASE-004389,Cybercrime & IT,Online Fraud / Cybercrime
CASE-004390,Tax & GST,GST / Tax Assessment Appeal
CASE-004391,Immigration & Citizenship,Citizenship / Passport Matter
CASE-004392,Insolvency & Bankruptcy,Corporate Insolvency Resolution
CASE-004393,Data Privacy,Personal Data Misuse / Privacy Petition
CASE-004394,Education Law,Student Admission / Examination Dispute
CASE-004395,Child Protection,POCSO / Child Protection Proceeding
CASE-004396,Insolvency & Bankruptcy,Corporate Insolvency Resolution
CASE-004397,Constitutional Law,Writ / Fundamental Rights Petition
CASE-004398,Intellectual Property,Trademark Infringement
CASE-004399,Administrative Law,Administrative Order Challenge
CASE-004400,Child Protection,POCSO / Child Protection Proceeding
CASE-004401,Family & Succession,Inheritance / Probate
CASE-004402,Arbitration,Arbitral Award Challenge
CASE-004403,Education Law,Student Admission / Examination Dispute
CASE-004404,Family & Succession,Inheritance / Probate
CASE-004405,Corporate & Commercial,Commercial Contract Dispute
CASE-004406,Motor Accident Claims,Motor Accident Compensation Claim
CASE-004407,Immigration & Citizenship,Citizenship / Passport Matter
CASE-004408,Contract & Agreement,Breach of Contract / Specific Performance
CASE-004409,Divorce & Matrimonial,Divorce Petition
CASE-004410,Family & Succession,Inheritance / Probate
CASE-004411,Data Privacy,Personal Data Misuse / Privacy Petition
CASE-004412,Motor Accident Claims,Motor Accident Compensation Claim
CASE-004413,Administrative Law,Administrative Order Challenge
CASE-004414,White Collar Crime,Money Laundering / Corruption Case
CASE-004415,Divorce & Matrimonial,Divorce Petition
CASE-004416,Intellectual Property,Trademark Infringement
CASE-004417,Property & Land,Property / Partition Suit
CASE-004418,Medical Negligence,Medical Negligence Complaint
CASE-004419,Education Law,Student Admission / Examination Dispute
CASE-004420,Media & Defamation,Defamation Suit
CASE-004421,Human Rights & PIL,Public Interest Litigation
CASE-004422,Education Law,Student Admission / Examination Dispute
CASE-004423,Environmental Law,Environmental Clearance Challenge
CASE-004424,Employment & Labour,Wrongful Termination
CASE-004425,Administrative Law,Administrative Order Challenge
CASE-004426,Human Rights & PIL,Public Interest Litigation
CASE-004427,Data Privacy,Personal Data Misuse / Privacy Petition
CASE-004428,Data Privacy,Personal Data Misuse / Privacy Petition
CASE-004429,Banking & Finance,Loan Recovery / Cheque Dishonour
CASE-004430,Employment & Labour,Wrongful Termination
CASE-004431,Tax & GST,GST / Tax Assessment Appeal
CASE-004432,Banking & Finance,Loan Recovery / Cheque Dishonour
CASE-004433,Child Protection,POCSO / Child Protection Proceeding
CASE-004434,Cybercrime & IT,Online Fraud / Cybercrime
CASE-004435,Media & Defamation,Defamation Suit
CASE-004436,Property & Land,Property / Partition Suit
CASE-004437,Family & Succession,Inheritance / Probate
CASE-004438,Medical Negligence,Medical Negligence Complaint
CASE-004439,Banking & Finance,Loan Recovery / Cheque Dishonour
CASE-004440,Constitutional Law,Writ / Fundamental Rights Petition
CASE-004441,Property & Land,Property / Partition Suit
CASE-004442,White Collar Crime,Money Laundering / Corruption Case
CASE-004443,Real Estate & Housing,Builder-Buyer / RERA Dispute
CASE-004444,Cybercrime & IT,Online Fraud / Cybercrime
CASE-004445,White Collar Crime,Money Laundering / Corruption Case
CASE-004446,Motor Accident Claims,Motor Accident Compensation Claim
CASE-004447,Education Law,Student Admission / Examination Dispute
CASE-004448,Divorce & Matrimonial,Divorce Petition
CASE-004449,Contract & Agreement,Breach of Contract / Specific Performance
CASE-004450,Arbitration,Arbitral Award Challenge
CASE-004451,Criminal Law,Criminal Trial
CASE-004452,Human Rights & PIL,Public Interest Litigation
CASE-004453,Divorce & Matrimonial,Divorce Petition
CASE-004454,Property & Land,Property / Partition Suit
CASE-004455,Tax & GST,GST / Tax Assessment Appeal
CASE-004456,Constitutional Law,Writ / Fundamental Rights Petition
CASE-004457,Administrative Law,Administrative Order Challenge
CASE-004458,Arbitration,Arbitral Award Challenge
CASE-004459,Administrative Law,Administrative Order Challenge
CASE-004460,White Collar Crime,Money Laundering / Corruption Case
CASE-004461,Media & Defamation,Defamation Suit
CASE-004462,Consumer Protection,Deficiency in Service Complaint
CASE-004463,Human Rights & PIL,Public Interest Litigation
CASE-004464,Child Protection,POCSO / Child Protection Proceeding
CASE-004465,Intellectual Property,Trademark Infringement
CASE-004466,Environmental Law,Environmental Clearance Challenge
CASE-004467,Child Protection,POCSO / Child Protection Proceeding
CASE-004468,White Collar Crime,Money Laundering / Corruption Case
CASE-004469,Tax & GST,GST / Tax Assessment Appeal
CASE-004470,Human Rights & PIL,Public Interest Litigation
CASE-004471,Child Protection,POCSO / Child Protection Proceeding
CASE-004472,Banking & Finance,Loan Recovery / Cheque Dishonour
CASE-004473,Constitutional Law,Writ / Fundamental Rights Petition
CASE-004474,Medical Negligence,Medical Negligence Complaint
CASE-004475,Data Privacy,Personal Data Misuse / Privacy Petition
CASE-004476,Child Protection,POCSO / Child Protection Proceeding
CASE-004477,Consumer Protection,Deficiency in Service Complaint
CASE-004478,Employment & Labour,Wrongful Termination
CASE-004479,Employment & Labour,Wrongful Termination
CASE-004480,Employment & Labour,Wrongful Termination
CASE-004481,Constitutional Law,Writ / Fundamental Rights Petition
CASE-004482,Criminal Law,Criminal Trial
CASE-004483,Medical Negligence,Medical Negligence Complaint
CASE-004484,Immigration & Citizenship,Citizenship / Passport Matter
CASE-004485,Intellectual Property,Trademark Infringement
CASE-004486,Data Privacy,Personal Data Misuse / Privacy Petition
CASE-004487,Environmental Law,Environmental Clearance Challenge
CASE-004488,White Collar Crime,Money Laundering / Corruption Case
CASE-004489,Tax & GST,GST / Tax Assessment Appeal
CASE-004490,Employment & Labour,Wrongful Termination
CASE-004491,Real Estate & Housing,Builder-Buyer / RERA Dispute
CASE-004492,Banking & Finance,Loan Recovery / Cheque Dishonour
CASE-004493,Media & Defamation,Defamation Suit
CASE-004494,Media & Defamation,Defamation Suit
CASE-004495,Child Protection,POCSO / Child Protection Proceeding
CASE-004496,Constitutional Law,Writ / Fundamental Rights Petition
CASE-004497,Intellectual Property,Trademark Infringement
CASE-004498,Divorce & Matrimonial,Divorce Petition
CASE-004499,Criminal Law,Criminal Trial
CASE-004500,Motor Accident Claims,Motor Accident Compensation Claim
CASE-004501,Property & Land,Property / Partition Suit
CASE-004502,Family & Succession,Inheritance / Probate
CASE-004503,Insolvency & Bankruptcy,Corporate Insolvency Resolution
CASE-004504,Criminal Law,Criminal Trial
CASE-004505,Data Privacy,Personal Data Misuse / Privacy Petition
CASE-004506,Insolvency & Bankruptcy,Corporate Insolvency Resolution
CASE-004507,Medical Negligence,Medical Negligence Complaint
CASE-004508,Administrative Law,Administrative Order Challenge
CASE-004509,Divorce & Matrimonial,Divorce Petition
CASE-004510,Education Law,Student Admission / Examination Dispute
CASE-004511,Family & Succession,Inheritance / Probate
CASE-004512,Intellectual Property,Trademark Infringement
CASE-004513,Corporate & Commercial,Commercial Contract Dispute
CASE-004514,Corporate & Commercial,Commercial Contract Dispute
CASE-004515,Insolvency & Bankruptcy,Corporate Insolvency Resolution
CASE-004516,Corporate & Commercial,Commercial Contract Dispute
CASE-004517,Environmental Law,Environmental Clearance Challenge
CASE-004518,Cybercrime & IT,Online Fraud / Cybercrime
CASE-004519,Data Privacy,Personal Data Misuse / Privacy Petition
CASE-004520,Child Protection,POCSO / Child Protection Proceeding
CASE-004521,Corporate & Commercial,Commercial Contract Dispute
CASE-004522,Consumer Protection,Deficiency in Service Complaint
CASE-004523,Family & Succession,Inheritance / Probate
CASE-004524,Immigration & Citizenship,Citizenship / Passport Matter
CASE-004525,Motor Accident Claims,Motor Accident Compensation Claim
CASE-004526,Human Rights & PIL,Public Interest Litigation
CASE-004527,Immigration & Citizenship,Citizenship / Passport Matter
CASE-004528,Tax & GST,GST / Tax Assessment Appeal
CASE-004529,Child Protection,POCSO / Child Protection Proceeding
CASE-004530,Property & Land,Property / Partition Suit
CASE-004531,Motor Accident Claims,Motor Accident Compensation Claim
CASE-004532,Tax & GST,GST / Tax Assessment Appeal
CASE-004533,Motor Accident Claims,Motor Accident Compensation Claim
CASE-004534,Real Estate & Housing,Builder-Buyer / RERA Dispute
CASE-004535,Tax & GST,GST / Tax Assessment Appeal
CASE-004536,Media & Defamation,Defamation Suit
CASE-004537,Data Privacy,Personal Data Misuse / Privacy Petition
CASE-004538,Real Estate & Housing,Builder-Buyer / RERA Dispute
CASE-004539,Environmental Law,Environmental Clearance Challenge
CASE-004540,Media & Defamation,Defamation Suit
CASE-004541,Human Rights & PIL,Public Interest Litigation
CASE-004542,Medical Negligence,Medical Negligence Complaint
CASE-004543,Criminal Law,Criminal Trial
CASE-004544,Contract & Agreement,Breach of Contract / Specific Performance
CASE-004545,Cybercrime & IT,Online Fraud / Cybercrime
CASE-004546,Human Rights & PIL,Public Interest Litigation
CASE-004547,Banking & Finance,Loan Recovery / Cheque Dishonour
CASE-004548,Administrative Law,Administrative Order Challenge
CASE-004549,Insolvency & Bankruptcy,Corporate Insolvency Resolution
CASE-004550,Education Law,Student Admission / Examination Dispute
CASE-004551,Environmental Law,Environmental Clearance Challenge
CASE-004552,Media & Defamation,Defamation Suit
CASE-004553,Immigration & Citizenship,Citizenship / Passport Matter
CASE-004554,White Collar Crime,Money Laundering / Corruption Case
CASE-004555,Media & Defamation,Defamation Suit
CASE-004556,Real Estate & Housing,Builder-Buyer / RERA Dispute
CASE-004557,Child Protection,POCSO / Child Protection Proceeding
CASE-004558,Constitutional Law,Writ / Fundamental Rights Petition
CASE-004559,Medical Negligence,Medical Negligence Complaint
CASE-004560,Divorce & Matrimonial,Divorce Petition
CASE-004561,Data Privacy,Personal Data Misuse / Privacy Petition
CASE-004562,Administrative Law,Administrative Order Challenge
CASE-004563,White Collar Crime,Money Laundering / Corruption Case
CASE-004564,Data Privacy,Personal Data Misuse / Privacy Petition
CASE-004565,Education Law,Student Admission / Examination Dispute
CASE-004566,Employment & Labour,Wrongful Termination
CASE-004567,Motor Accident Claims,Motor Accident Compensation Claim
CASE-004568,Property & Land,Property / Partition Suit
CASE-004569,Banking & Finance,Loan Recovery / Cheque Dishonour
CASE-004570,Education Law,Student Admission / Examination Dispute
CASE-004571,Motor Accident Claims,Motor Accident Compensation Claim
CASE-004572,Family & Succession,Inheritance / Probate
CASE-004573,Medical Negligence,Medical Negligence Complaint
CASE-004574,Property & Land,Property / Partition Suit
CASE-004575,Arbitration,Arbitral Award Challenge
CASE-004576,Insolvency & Bankruptcy,Corporate Insolvency Resolution
CASE-004577,Child Protection,POCSO / Child Protection Proceeding
CASE-004578,Consumer Protection,Deficiency in Service Complaint
CASE-004579,Divorce & Matrimonial,Divorce Petition
CASE-004580,Arbitration,Arbitral Award Challenge
CASE-004581,Property & Land,Property / Partition Suit
CASE-004582,White Collar Crime,Money Laundering / Corruption Case
CASE-004583,Education Law,Student Admission / Examination Dispute
CASE-004584,Motor Accident Claims,Motor Accident Compensation Claim
CASE-004585,Real Estate & Housing,Builder-Buyer / RERA Dispute
CASE-004586,Constitutional Law,Writ / Fundamental Rights Petition
CASE-004587,Family & Succession,Inheritance / Probate
CASE-004588,Real Estate & Housing,Builder-Buyer / RERA Dispute
CASE-004589,Environmental Law,Environmental Clearance Challenge
CASE-004590,Motor Accident Claims,Motor Accident Compensation Claim
CASE-004591,Immigration & Citizenship,Citizenship / Passport Matter
CASE-004592,Medical Negligence,Medical Negligence Complaint
CASE-004593,Administrative Law,Administrative Order Challenge
CASE-004594,Child Protection,POCSO / Child Protection Proceeding
CASE-004595,Contract & Agreement,Breach of Contract / Specific Performance
CASE-004596,Administrative Law,Administrative Order Challenge
CASE-004597,Education Law,Student Admission / Examination Dispute
CASE-004598,Constitutional Law,Writ / Fundamental Rights Petition
CASE-004599,Human Rights & PIL,Public Interest Litigation
CASE-004600,Arbitration,Arbitral Award Challenge
CASE-004601,Consumer Protection,Deficiency in Service Complaint
CASE-004602,Cybercrime & IT,Online Fraud / Cybercrime
CASE-004603,Administrative Law,Administrative Order Challenge
CASE-004604,Criminal Law,Criminal Trial
CASE-004605,Child Protection,POCSO / Child Protection Proceeding
CASE-004606,Corporate & Commercial,Commercial Contract Dispute
CASE-004607,Tax & GST,GST / Tax Assessment Appeal
CASE-004608,Arbitration,Arbitral Award Challenge
CASE-004609,Medical Negligence,Medical Negligence Complaint
CASE-004610,Contract & Agreement,Breach of Contract / Specific Performance
CASE-004611,Environmental Law,Environmental Clearance Challenge
CASE-004612,Data Privacy,Personal Data Misuse / Privacy Petition
CASE-004613,Insolvency & Bankruptcy,Corporate Insolvency Resolution
CASE-004614,Media & Defamation,Defamation Suit
CASE-004615,Intellectual Property,Trademark Infringement
CASE-004616,Constitutional Law,Writ / Fundamental Rights Petition
CASE-004617,Motor Accident Claims,Motor Accident Compensation Claim
CASE-004618,Environmental Law,Environmental Clearance Challenge
CASE-004619,White Collar Crime,Money Laundering / Corruption Case
CASE-004620,Child Protection,POCSO / Child Protection Proceeding
CASE-004621,Tax & GST,GST / Tax Assessment Appeal
CASE-004622,Real Estate & Housing,Builder-Buyer / RERA Dispute
CASE-004623,Motor Accident Claims,Motor Accident Compensation Claim
CASE-004624,Property & Land,Property / Partition Suit
CASE-004625,Child Protection,POCSO / Child Protection Proceeding
CASE-004626,Contract & Agreement,Breach of Contract / Specific Performance
CASE-004627,Corporate & Commercial,Commercial Contract Dispute
CASE-004628,Administrative Law,Administrative Order Challenge
CASE-004629,Consumer Protection,Deficiency in Service Complaint
CASE-004630,Motor Accident Claims,Motor Accident Compensation Claim
CASE-004631,Property & Land,Property / Partition Suit
CASE-004632,Education Law,Student Admission / Examination Dispute
CASE-004633,Constitutional Law,Writ / Fundamental Rights Petition
CASE-004634,Insolvency & Bankruptcy,Corporate Insolvency Resolution
CASE-004635,Contract & Agreement,Breach of Contract / Specific Performance
CASE-004636,Criminal Law,Criminal Trial
CASE-004637,Human Rights & PIL,Public Interest Litigation
CASE-004638,Contract & Agreement,Breach of Contract / Specific Performance
CASE-004639,Corporate & Commercial,Commercial Contract Dispute
CASE-004640,Family & Succession,Inheritance / Probate
CASE-004641,Environmental Law,Environmental Clearance Challenge
CASE-004642,White Collar Crime,Money Laundering / Corruption Case
CASE-004643,Divorce & Matrimonial,Divorce Petition
CASE-004644,Insolvency & Bankruptcy,Corporate Insolvency Resolution
CASE-004645,Employment & Labour,Wrongful Termination
CASE-004646,Environmental Law,Environmental Clearance Challenge
CASE-004647,Intellectual Property,Trademark Infringement
CASE-004648,Contract & Agreement,Breach of Contract / Specific Performance
CASE-004649,Administrative Law,Administrative Order Challenge
CASE-004650,Real Estate & Housing,Builder-Buyer / RERA Dispute
CASE-004651,Constitutional Law,Writ / Fundamental Rights Petition
CASE-004652,Arbitration,Arbitral Award Challenge
CASE-004653,Medical Negligence,Medical Negligence Complaint
CASE-004654,Environmental Law,Environmental Clearance Challenge
CASE-004655,Criminal Law,Criminal Trial
CASE-004656,Child Protection,POCSO / Child Protection Proceeding
CASE-004657,Medical Negligence,Medical Negligence Complaint
CASE-004658,Motor Accident Claims,Motor Accident Compensation Claim
CASE-004659,Immigration & Citizenship,Citizenship / Passport Matter
CASE-004660,Property & Land,Property / Partition Suit
CASE-004661,Real Estate & Housing,Builder-Buyer / RERA Dispute
CASE-004662,Employment & Labour,Wrongful Termination
CASE-004663,Criminal Law,Criminal Trial
CASE-004664,Cybercrime & IT,Online Fraud / Cybercrime
CASE-004665,Family & Succession,Inheritance / Probate
CASE-004666,Education Law,Student Admission / Examination Dispute
CASE-004667,Insolvency & Bankruptcy,Corporate Insolvency Resolution
CASE-004668,Intellectual Property,Trademark Infringement
CASE-004669,Contract & Agreement,Breach of Contract / Specific Performance
CASE-004670,Environmental Law,Environmental Clearance Challenge
CASE-004671,Banking & Finance,Loan Recovery / Cheque Dishonour
CASE-004672,Real Estate & Housing,Builder-Buyer / RERA Dispute
CASE-004673,Human Rights & PIL,Public Interest Litigation
CASE-004674,Divorce & Matrimonial,Divorce Petition
CASE-004675,Corporate & Commercial,Commercial Contract Dispute
CASE-004676,Intellectual Property,Trademark Infringement
CASE-004677,Immigration & Citizenship,Citizenship / Passport Matter
CASE-004678,Data Privacy,Personal Data Misuse / Privacy Petition
CASE-004679,Arbitration,Arbitral Award Challenge
CASE-004680,Intellectual Property,Trademark Infringement
CASE-004681,Intellectual Property,Trademark Infringement
CASE-004682,Family & Succession,Inheritance / Probate
CASE-004683,Cybercrime & IT,Online Fraud / Cybercrime
CASE-004684,Arbitration,Arbitral Award Challenge
CASE-004685,Family & Succession,Inheritance / Probate
CASE-004686,Data Privacy,Personal Data Misuse / Privacy Petition
CASE-004687,Corporate & Commercial,Commercial Contract Dispute
CASE-004688,Family & Succession,Inheritance / Probate
CASE-004689,Contract & Agreement,Breach of Contract / Specific Performance
CASE-004690,Environmental Law,Environmental Clearance Challenge
CASE-004691,Human Rights & PIL,Public Interest Litigation
CASE-004692,Medical Negligence,Medical Negligence Complaint
CASE-004693,Banking & Finance,Loan Recovery / Cheque Dishonour
CASE-004694,Banking & Finance,Loan Recovery / Cheque Dishonour
CASE-004695,Banking & Finance,Loan Recovery / Cheque Dishonour
CASE-004696,Motor Accident Claims,Motor Accident Compensation Claim
CASE-004697,White Collar Crime,Money Laundering / Corruption Case
CASE-004698,White Collar Crime,Money Laundering / Corruption Case
CASE-004699,Property & Land,Property / Partition Suit
CASE-004700,Arbitration,Arbitral Award Challenge
CASE-004701,Education Law,Student Admission / Examination Dispute
CASE-004702,White Collar Crime,Money Laundering / Corruption Case
CASE-004703,Environmental Law,Environmental Clearance Challenge
CASE-004704,Family & Succession,Inheritance / Probate
CASE-004705,Immigration & Citizenship,Citizenship / Passport Matter
CASE-004706,Banking & Finance,Loan Recovery / Cheque Dishonour
CASE-004707,Arbitration,Arbitral Award Challenge
CASE-004708,Insolvency & Bankruptcy,Corporate Insolvency Resolution
CASE-004709,Real Estate & Housing,Builder-Buyer / RERA Dispute
CASE-004710,Arbitration,Arbitral Award Challenge
CASE-004711,White Collar Crime,Money Laundering / Corruption Case
CASE-004712,Constitutional Law,Writ / Fundamental Rights Petition
CASE-004713,Tax & GST,GST / Tax Assessment Appeal
CASE-004714,Constitutional Law,Writ / Fundamental Rights Petition
CASE-004715,Divorce & Matrimonial,Divorce Petition
CASE-004716,Property & Land,Property / Partition Suit
CASE-004717,Contract & Agreement,Breach of Contract / Specific Performance
CASE-004718,Human Rights & PIL,Public Interest Litigation
CASE-004719,Consumer Protection,Deficiency in Service Complaint
CASE-004720,Property & Land,Property / Partition Suit
CASE-004721,Insolvency & Bankruptcy,Corporate Insolvency Resolution
CASE-004722,Medical Negligence,Medical Negligence Complaint
CASE-004723,Intellectual Property,Trademark Infringement
CASE-004724,Arbitration,Arbitral Award Challenge
CASE-004725,Education Law,Student Admission / Examination Dispute
CASE-004726,Human Rights & PIL,Public Interest Litigation
CASE-004727,Insolvency & Bankruptcy,Corporate Insolvency Resolution
CASE-004728,Real Estate & Housing,Builder-Buyer / RERA Dispute
CASE-004729,Intellectual Property,Trademark Infringement
CASE-004730,Contract & Agreement,Breach of Contract / Specific Performance
CASE-004731,Consumer Protection,Deficiency in Service Complaint
CASE-004732,Immigration & Citizenship,Citizenship / Passport Matter
CASE-004733,Insolvency & Bankruptcy,Corporate Insolvency Resolution
CASE-004734,Data Privacy,Personal Data Misuse / Privacy Petition
CASE-004735,Family & Succession,Inheritance / Probate
CASE-004736,Data Privacy,Personal Data Misuse / Privacy Petition
CASE-004737,Media & Defamation,Defamation Suit
CASE-004738,Motor Accident Claims,Motor Accident Compensation Claim
CASE-004739,Environmental Law,Environmental Clearance Challenge
CASE-004740,Real Estate & Housing,Builder-Buyer / RERA Dispute
CASE-004741,Administrative Law,Administrative Order Challenge
CASE-004742,Employment & Labour,Wrongful Termination
CASE-004743,Immigration & Citizenship,Citizenship / Passport Matter
CASE-004744,Property & Land,Property / Partition Suit
CASE-004745,Insolvency & Bankruptcy,Corporate Insolvency Resolution
CASE-004746,Banking & Finance,Loan Recovery / Cheque Dishonour
CASE-004747,Child Protection,POCSO / Child Protection Proceeding
CASE-004748,Tax & GST,GST / Tax Assessment Appeal
CASE-004749,Criminal Law,Criminal Trial
CASE-004750,Arbitration,Arbitral Award Challenge
CASE-004751,White Collar Crime,Money Laundering / Corruption Case
CASE-004752,Motor Accident Claims,Motor Accident Compensation Claim
CASE-004753,Property & Land,Property / Partition Suit
CASE-004754,Immigration & Citizenship,Citizenship / Passport Matter
CASE-004755,Human Rights & PIL,Public Interest Litigation
CASE-004756,Motor Accident Claims,Motor Accident Compensation Claim
CASE-004757,Divorce & Matrimonial,Divorce Petition
CASE-004758,Education Law,Student Admission / Examination Dispute
CASE-004759,White Collar Crime,Money Laundering / Corruption Case
CASE-004760,Banking & Finance,Loan Recovery / Cheque Dishonour
CASE-004761,Education Law,Student Admission / Examination Dispute
CASE-004762,Family & Succession,Inheritance / Probate
CASE-004763,Environmental Law,Environmental Clearance Challenge
CASE-004764,Administrative Law,Administrative Order Challenge
CASE-004765,Immigration & Citizenship,Citizenship / Passport Matter
CASE-004766,Tax & GST,GST / Tax Assessment Appeal
CASE-004767,Education Law,Student Admission / Examination Dispute
CASE-004768,Data Privacy,Personal Data Misuse / Privacy Petition
CASE-004769,Divorce & Matrimonial,Divorce Petition
CASE-004770,Employment & Labour,Wrongful Termination
CASE-004771,Criminal Law,Criminal Trial
CASE-004772,Family & Succession,Inheritance / Probate
CASE-004773,Immigration & Citizenship,Citizenship / Passport Matter
CASE-004774,Consumer Protection,Deficiency in Service Complaint
CASE-004775,Employment & Labour,Wrongful Termination
CASE-004776,Education Law,Student Admission / Examination Dispute
CASE-004777,Constitutional Law,Writ / Fundamental Rights Petition
CASE-004778,Cybercrime & IT,Online Fraud / Cybercrime
CASE-004779,Corporate & Commercial,Commercial Contract Dispute
CASE-004780,Property & Land,Property / Partition Suit
CASE-004781,Intellectual Property,Trademark Infringement
CASE-004782,Data Privacy,Personal Data Misuse / Privacy Petition
CASE-004783,Constitutional Law,Writ / Fundamental Rights Petition
CASE-004784,Motor Accident Claims,Motor Accident Compensation Claim
CASE-004785,Medical Negligence,Medical Negligence Complaint
CASE-004786,Real Estate & Housing,Builder-Buyer / RERA Dispute
CASE-004787,Constitutional Law,Writ / Fundamental Rights Petition
CASE-004788,Media & Defamation,Defamation Suit
CASE-004789,Banking & Finance,Loan Recovery / Cheque Dishonour
CASE-004790,Administrative Law,Administrative Order Challenge
CASE-004791,Human Rights & PIL,Public Interest Litigation
CASE-004792,Motor Accident Claims,Motor Accident Compensation Claim
CASE-004793,Employment & Labour,Wrongful Termination
CASE-004794,Employment & Labour,Wrongful Termination
CASE-004795,White Collar Crime,Money Laundering / Corruption Case
CASE-004796,Employment & Labour,Wrongful Termination
CASE-004797,Education Law,Student Admission / Examination Dispute
CASE-004798,Motor Accident Claims,Motor Accident Compensation Claim
CASE-004799,Human Rights & PIL,Public Interest Litigation
CASE-004800,Intellectual Property,Trademark Infringement
CASE-004801,Real Estate & Housing,Builder-Buyer / RERA Dispute
CASE-004802,Administrative Law,Administrative Order Challenge
CASE-004803,Real Estate & Housing,Builder-Buyer / RERA Dispute
CASE-004804,Contract & Agreement,Breach of Contract / Specific Performance
CASE-004805,Arbitration,Arbitral Award Challenge
CASE-004806,Human Rights & PIL,Public Interest Litigation
CASE-004807,Environmental Law,Environmental Clearance Challenge
CASE-004808,Human Rights & PIL,Public Interest Litigation
CASE-004809,Data Privacy,Personal Data Misuse / Privacy Petition
CASE-004810,Family & Succession,Inheritance / Probate
CASE-004811,Banking & Finance,Loan Recovery / Cheque Dishonour
CASE-004812,Arbitration,Arbitral Award Challenge
CASE-004813,Education Law,Student Admission / Examination Dispute
CASE-004814,Family & Succession,Inheritance / Probate
CASE-004815,Banking & Finance,Loan Recovery / Cheque Dishonour
CASE-004816,Constitutional Law,Writ / Fundamental Rights Petition
CASE-004817,Medical Negligence,Medical Negligence Complaint
CASE-004818,Administrative Law,Administrative Order Challenge
CASE-004819,Banking & Finance,Loan Recovery / Cheque Dishonour
CASE-004820,Human Rights & PIL,Public Interest Litigation
CASE-004821,Property & Land,Property / Partition Suit
CASE-004822,Medical Negligence,Medical Negligence Complaint
CASE-004823,Tax & GST,GST / Tax Assessment Appeal
CASE-004824,White Collar Crime,Money Laundering / Corruption Case
CASE-004825,Immigration & Citizenship,Citizenship / Passport Matter
CASE-004826,Divorce & Matrimonial,Divorce Petition
CASE-004827,Real Estate & Housing,Builder-Buyer / RERA Dispute
CASE-004828,Child Protection,POCSO / Child Protection Proceeding
CASE-004829,Cybercrime & IT,Online Fraud / Cybercrime
CASE-004830,Contract & Agreement,Breach of Contract / Specific Performance
CASE-004831,Corporate & Commercial,Commercial Contract Dispute
CASE-004832,Medical Negligence,Medical Negligence Complaint
CASE-004833,Contract & Agreement,Breach of Contract / Specific Performance
CASE-004834,Education Law,Student Admission / Examination Dispute
CASE-004835,Property & Land,Property / Partition Suit
CASE-004836,Data Privacy,Personal Data Misuse / Privacy Petition
CASE-004837,Media & Defamation,Defamation Suit
CASE-004838,Consumer Protection,Deficiency in Service Complaint
CASE-004839,Constitutional Law,Writ / Fundamental Rights Petition
CASE-004840,Property & Land,Property / Partition Suit
CASE-004841,Divorce & Matrimonial,Divorce Petition
CASE-004842,Arbitration,Arbitral Award Challenge
CASE-004843,Divorce & Matrimonial,Divorce Petition
CASE-004844,Contract & Agreement,Breach of Contract / Specific Performance
CASE-004845,Contract & Agreement,Breach of Contract / Specific Performance
CASE-004846,Media & Defamation,Defamation Suit
CASE-004847,White Collar Crime,Money Laundering / Corruption Case
CASE-004848,Medical Negligence,Medical Negligence Complaint
CASE-004849,Corporate & Commercial,Commercial Contract Dispute
CASE-004850,Data Privacy,Personal Data Misuse / Privacy Petition
CASE-004851,Real Estate & Housing,Builder-Buyer / RERA Dispute
CASE-004852,Corporate & Commercial,Commercial Contract Dispute
CASE-004853,Cybercrime & IT,Online Fraud / Cybercrime
CASE-004854,Real Estate & Housing,Builder-Buyer / RERA Dispute
CASE-004855,Arbitration,Arbitral Award Challenge
CASE-004856,Immigration & Citizenship,Citizenship / Passport Matter
CASE-004857,Contract & Agreement,Breach of Contract / Specific Performance
CASE-004858,Administrative Law,Administrative Order Challenge
CASE-004859,Constitutional Law,Writ / Fundamental Rights Petition
CASE-004860,Tax & GST,GST / Tax Assessment Appeal
CASE-004861,Arbitration,Arbitral Award Challenge
CASE-004862,Tax & GST,GST / Tax Assessment Appeal
CASE-004863,Corporate & Commercial,Commercial Contract Dispute
CASE-004864,Education Law,Student Admission / Examination Dispute
CASE-004865,Administrative Law,Administrative Order Challenge
CASE-004866,Human Rights & PIL,Public Interest Litigation
CASE-004867,Consumer Protection,Deficiency in Service Complaint
CASE-004868,Divorce & Matrimonial,Divorce Petition
CASE-004869,Real Estate & Housing,Builder-Buyer / RERA Dispute
CASE-004870,Employment & Labour,Wrongful Termination
CASE-004871,Intellectual Property,Trademark Infringement
CASE-004872,Human Rights & PIL,Public Interest Litigation
CASE-004873,Medical Negligence,Medical Negligence Complaint
CASE-004874,Intellectual Property,Trademark Infringement
CASE-004875,Data Privacy,Personal Data Misuse / Privacy Petition
CASE-004876,Education Law,Student Admission / Examination Dispute
CASE-004877,Data Privacy,Personal Data Misuse / Privacy Petition
CASE-004878,Immigration & Citizenship,Citizenship / Passport Matter
CASE-004879,Motor Accident Claims,Motor Accident Compensation Claim
CASE-004880,Child Protection,POCSO / Child Protection Proceeding
CASE-004881,Tax & GST,GST / Tax Assessment Appeal
CASE-004882,Administrative Law,Administrative Order Challenge
CASE-004883,Education Law,Student Admission / Examination Dispute
CASE-004884,Consumer Protection,Deficiency in Service Complaint
CASE-004885,Insolvency & Bankruptcy,Corporate Insolvency Resolution
CASE-004886,Corporate & Commercial,Commercial Contract Dispute
CASE-004887,Property & Land,Property / Partition Suit
CASE-004888,Media & Defamation,Defamation Suit
CASE-004889,Cybercrime & IT,Online Fraud / Cybercrime
CASE-004890,White Collar Crime,Money Laundering / Corruption Case
CASE-004891,Environmental Law,Environmental Clearance Challenge
CASE-004892,Cybercrime & IT,Online Fraud / Cybercrime
CASE-004893,Family & Succession,Inheritance / Probate
CASE-004894,Cybercrime & IT,Online Fraud / Cybercrime
CASE-004895,Intellectual Property,Trademark Infringement
CASE-004896,Administrative Law,Administrative Order Challenge
CASE-004897,Tax & GST,GST / Tax Assessment Appeal
CASE-004898,Administrative Law,Administrative Order Challenge
CASE-004899,Family & Succession,Inheritance / Probate
CASE-004900,White Collar Crime,Money Laundering / Corruption Case
CASE-004901,Data Privacy,Personal Data Misuse / Privacy Petition
CASE-004902,Environmental Law,Environmental Clearance Challenge
CASE-004903,Employment & Labour,Wrongful Termination
CASE-004904,Banking & Finance,Loan Recovery / Cheque Dishonour
CASE-004905,Contract & Agreement,Breach of Contract / Specific Performance
CASE-004906,Corporate & Commercial,Commercial Contract Dispute
CASE-004907,Administrative Law,Administrative Order Challenge
CASE-004908,Cybercrime & IT,Online Fraud / Cybercrime
CASE-004909,Family & Succession,Inheritance / Probate
CASE-004910,Employment & Labour,Wrongful Termination
CASE-004911,Criminal Law,Criminal Trial
CASE-004912,Tax & GST,GST / Tax Assessment Appeal
CASE-004913,White Collar Crime,Money Laundering / Corruption Case
CASE-004914,Criminal Law,Criminal Trial
CASE-004915,Divorce & Matrimonial,Divorce Petition
CASE-004916,Constitutional Law,Writ / Fundamental Rights Petition
CASE-004917,Contract & Agreement,Breach of Contract / Specific Performance
CASE-004918,Media & Defamation,Defamation Suit
CASE-004919,Constitutional Law,Writ / Fundamental Rights Petition
CASE-004920,Data Privacy,Personal Data Misuse / Privacy Petition
CASE-004921,Child Protection,POCSO / Child Protection Proceeding
CASE-004922,Immigration & Citizenship,Citizenship / Passport Matter
CASE-004923,Media & Defamation,Defamation Suit
CASE-004924,Corporate & Commercial,Commercial Contract Dispute
CASE-004925,Arbitration,Arbitral Award Challenge
CASE-004926,Employment & Labour,Wrongful Termination
CASE-004927,Immigration & Citizenship,Citizenship / Passport Matter
CASE-004928,Education Law,Student Admission / Examination Dispute
CASE-004929,Human Rights & PIL,Public Interest Litigation
CASE-004930,Property & Land,Property / Partition Suit
CASE-004931,Corporate & Commercial,Commercial Contract Dispute
CASE-004932,Education Law,Student Admission / Examination Dispute
CASE-004933,Banking & Finance,Loan Recovery / Cheque Dishonour
CASE-004934,Banking & Finance,Loan Recovery / Cheque Dishonour
CASE-004935,Media & Defamation,Defamation Suit
CASE-004936,Education Law,Student Admission / Examination Dispute
CASE-004937,Tax & GST,GST / Tax Assessment Appeal
CASE-004938,Real Estate & Housing,Builder-Buyer / RERA Dispute
CASE-004939,Environmental Law,Environmental Clearance Challenge
CASE-004940,Medical Negligence,Medical Negligence Complaint
CASE-004941,White Collar Crime,Money Laundering / Corruption Case
CASE-004942,Consumer Protection,Deficiency in Service Complaint
CASE-004943,Divorce & Matrimonial,Divorce Petition
CASE-004944,Banking & Finance,Loan Recovery / Cheque Dishonour
CASE-004945,Family & Succession,Inheritance / Probate
CASE-004946,Insolvency & Bankruptcy,Corporate Insolvency Resolution
CASE-004947,Arbitration,Arbitral Award Challenge
CASE-004948,Data Privacy,Personal Data Misuse / Privacy Petition
CASE-004949,Divorce & Matrimonial,Divorce Petition
CASE-004950,Intellectual Property,Trademark Infringement
CASE-004951,Medical Negligence,Medical Negligence Complaint
CASE-004952,Cybercrime & IT,Online Fraud / Cybercrime
CASE-004953,Real Estate & Housing,Builder-Buyer / RERA Dispute
CASE-004954,Corporate & Commercial,Commercial Contract Dispute
CASE-004955,Education Law,Student Admission / Examination Dispute
CASE-004956,Real Estate & Housing,Builder-Buyer / RERA Dispute
CASE-004957,Environmental Law,Environmental Clearance Challenge
CASE-004958,Intellectual Property,Trademark Infringement
CASE-004959,White Collar Crime,Money Laundering / Corruption Case
CASE-004960,Medical Negligence,Medical Negligence Complaint
CASE-004961,Motor Accident Claims,Motor Accident Compensation Claim
CASE-004962,Education Law,Student Admission / Examination Dispute
CASE-004963,Environmental Law,Environmental Clearance Challenge
CASE-004964,Media & Defamation,Defamation Suit
CASE-004965,Contract & Agreement,Breach of Contract / Specific Performance
CASE-004966,Employment & Labour,Wrongful Termination
CASE-004967,Employment & Labour,Wrongful Termination
CASE-004968,Constitutional Law,Writ / Fundamental Rights Petition
CASE-004969,Contract & Agreement,Breach of Contract / Specific Performance
CASE-004970,Media & Defamation,Defamation Suit
CASE-004971,Tax & GST,GST / Tax Assessment Appeal
CASE-004972,Contract & Agreement,Breach of Contract / Specific Performance
CASE-004973,Medical Negligence,Medical Negligence Complaint
CASE-004974,Family & Succession,Inheritance / Probate
CASE-004975,Data Privacy,Personal Data Misuse / Privacy Petition
CASE-004976,Cybercrime & IT,Online Fraud / Cybercrime
CASE-004977,Data Privacy,Personal Data Misuse / Privacy Petition
CASE-004978,Data Privacy,Personal Data Misuse / Privacy Petition
CASE-004979,Property & Land,Property / Partition Suit
CASE-004980,Environmental Law,Environmental Clearance Challenge
CASE-004981,Criminal Law,Criminal Trial
CASE-004982,Motor Accident Claims,Motor Accident Compensation Claim
CASE-004983,Family & Succession,Inheritance / Probate
CASE-004984,Corporate & Commercial,Commercial Contract Dispute
CASE-004985,Contract & Agreement,Breach of Contract / Specific Performance
CASE-004986,Contract & Agreement,Breach of Contract / Specific Performance
CASE-004987,Family & Succession,Inheritance / Probate
CASE-004988,Cybercrime & IT,Online Fraud / Cybercrime
CASE-004989,Data Privacy,Personal Data Misuse / Privacy Petition
CASE-004990,Contract & Agreement,Breach of Contract / Specific Performance
CASE-004991,White Collar Crime,Money Laundering / Corruption Case
CASE-004992,Administrative Law,Administrative Order Challenge
CASE-004993,Human Rights & PIL,Public Interest Litigation
CASE-004994,Education Law,Student Admission / Examination Dispute
CASE-004995,Data Privacy,Personal Data Misuse / Privacy Petition
CASE-004996,Medical Negligence,Medical Negligence Complaint
CASE-004997,Media & Defamation,Defamation Suit
CASE-004998,Corporate & Commercial,Commercial Contract Dispute
CASE-004999,Administrative Law,Administrative Order Challenge
CASE-005000,Cybercrime & IT,Online Fraud / Cybercrime
CASE-005001,Immigration & Citizenship,Citizenship / Passport Matter
CASE-005002,Medical Negligence,Medical Negligence Complaint
CASE-005003,Child Protection,POCSO / Child Protection Proceeding
CASE-005004,Corporate & Commercial,Commercial Contract Dispute
CASE-005005,Contract & Agreement,Breach of Contract / Specific Performance
CASE-005006,Banking & Finance,Loan Recovery / Cheque Dishonour
CASE-005007,Environmental Law,Environmental Clearance Challenge
CASE-005008,Tax & GST,GST / Tax Assessment Appeal
CASE-005009,Medical Negligence,Medical Negligence Complaint
CASE-005010,Arbitration,Arbitral Award Challenge
CASE-005011,Data Privacy,Personal Data Misuse / Privacy Petition
CASE-005012,Real Estate & Housing,Builder-Buyer / RERA Dispute
CASE-005013,Immigration & Citizenship,Citizenship / Passport Matter
CASE-005014,Immigration & Citizenship,Citizenship / Passport Matter
CASE-005015,Arbitration,Arbitral Award Challenge
CASE-005016,Intellectual Property,Trademark Infringement
CASE-005017,Education Law,Student Admission / Examination Dispute
CASE-005018,Criminal Law,Criminal Trial
CASE-005019,Divorce & Matrimonial,Divorce Petition
CASE-005020,Human Rights & PIL,Public Interest Litigation
CASE-005021,Immigration & Citizenship,Citizenship / Passport Matter
CASE-005022,Administrative Law,Administrative Order Challenge
CASE-005023,Insolvency & Bankruptcy,Corporate Insolvency Resolution
CASE-005024,Banking & Finance,Loan Recovery / Cheque Dishonour
CASE-005025,Environmental Law,Environmental Clearance Challenge
CASE-005026,Family & Succession,Inheritance / Probate
CASE-005027,Intellectual Property,Trademark Infringement
CASE-005028,Contract & Agreement,Breach of Contract / Specific Performance
CASE-005029,Cybercrime & IT,Online Fraud / Cybercrime
CASE-005030,Tax & GST,GST / Tax Assessment Appeal
CASE-005031,Consumer Protection,Deficiency in Service Complaint
CASE-005032,Corporate & Commercial,Commercial Contract Dispute
CASE-005033,White Collar Crime,Money Laundering / Corruption Case
CASE-005034,Constitutional Law,Writ / Fundamental Rights Petition
CASE-005035,Banking & Finance,Loan Recovery / Cheque Dishonour
CASE-005036,Insolvency & Bankruptcy,Corporate Insolvency Resolution
CASE-005037,Arbitration,Arbitral Award Challenge
CASE-005038,Contract & Agreement,Breach of Contract / Specific Performance
CASE-005039,Real Estate & Housing,Builder-Buyer / RERA Dispute
CASE-005040,Corporate & Commercial,Commercial Contract Dispute
CASE-005041,Insolvency & Bankruptcy,Corporate Insolvency Resolution
CASE-005042,Tax & GST,GST / Tax Assessment Appeal
CASE-005043,Constitutional Law,Writ / Fundamental Rights Petition
CASE-005044,Data Privacy,Personal Data Misuse / Privacy Petition
CASE-005045,Motor Accident Claims,Motor Accident Compensation Claim
CASE-005046,Medical Negligence,Medical Negligence Complaint
CASE-005047,Data Privacy,Personal Data Misuse / Privacy Petition
CASE-005048,Criminal Law,Criminal Trial
CASE-005049,Tax & GST,GST / Tax Assessment Appeal
CASE-005050,White Collar Crime,Money Laundering / Corruption Case
CASE-005051,Consumer Protection,Deficiency in Service Complaint
CASE-005052,Property & Land,Property / Partition Suit
CASE-005053,Constitutional Law,Writ / Fundamental Rights Petition
CASE-005054,Arbitration,Arbitral Award Challenge
CASE-005055,Education Law,Student Admission / Examination Dispute
CASE-005056,Real Estate & Housing,Builder-Buyer / RERA Dispute
CASE-005057,Criminal Law,Criminal Trial
CASE-005058,Immigration & Citizenship,Citizenship / Passport Matter
CASE-005059,Employment & Labour,Wrongful Termination
CASE-005060,Medical Negligence,Medical Negligence Complaint
CASE-005061,Constitutional Law,Writ / Fundamental Rights Petition
CASE-005062,Environmental Law,Environmental Clearance Challenge
CASE-005063,Corporate & Commercial,Commercial Contract Dispute
CASE-005064,Consumer Protection,Deficiency in Service Complaint
CASE-005065,Contract & Agreement,Breach of Contract / Specific Performance
CASE-005066,Family & Succession,Inheritance / Probate
CASE-005067,Insolvency & Bankruptcy,Corporate Insolvency Resolution
CASE-005068,Media & Defamation,Defamation Suit
CASE-005069,White Collar Crime,Money Laundering / Corruption Case
CASE-005070,Employment & Labour,Wrongful Termination
CASE-005071,Data Privacy,Personal Data Misuse / Privacy Petition
CASE-005072,Constitutional Law,Writ / Fundamental Rights Petition
CASE-005073,Child Protection,POCSO / Child Protection Proceeding
CASE-005074,Real Estate & Housing,Builder-Buyer / RERA Dispute
CASE-005075,Criminal Law,Criminal Trial
CASE-005076,Medical Negligence,Medical Negligence Complaint
CASE-005077,Child Protection,POCSO / Child Protection Proceeding
CASE-005078,Banking & Finance,Loan Recovery / Cheque Dishonour
CASE-005079,Constitutional Law,Writ / Fundamental Rights Petition
CASE-005080,Contract & Agreement,Breach of Contract / Specific Performance
CASE-005081,White Collar Crime,Money Laundering / Corruption Case
CASE-005082,Human Rights & PIL,Public Interest Litigation
CASE-005083,Divorce & Matrimonial,Divorce Petition
CASE-005084,Insolvency & Bankruptcy,Corporate Insolvency Resolution
CASE-005085,Human Rights & PIL,Public Interest Litigation
CASE-005086,Environmental Law,Environmental Clearance Challenge
CASE-005087,Corporate & Commercial,Commercial Contract Dispute
CASE-005088,Property & Land,Property / Partition Suit
CASE-005089,Consumer Protection,Deficiency in Service Complaint
CASE-005090,Environmental Law,Environmental Clearance Challenge
CASE-005091,Cybercrime & IT,Online Fraud / Cybercrime
CASE-005092,Human Rights & PIL,Public Interest Litigation
CASE-005093,Data Privacy,Personal Data Misuse / Privacy Petition
CASE-005094,Administrative Law,Administrative Order Challenge
CASE-005095,Administrative Law,Administrative Order Challenge
CASE-005096,Environmental Law,Environmental Clearance Challenge
CASE-005097,Tax & GST,GST / Tax Assessment Appeal
CASE-005098,Media & Defamation,Defamation Suit
CASE-005099,Administrative Law,Administrative Order Challenge
CASE-005100,Data Privacy,Personal Data Misuse / Privacy Petition
CASE-005101,Administrative Law,Administrative Order Challenge
CASE-005102,Consumer Protection,Deficiency in Service Complaint
CASE-005103,Tax & GST,GST / Tax Assessment Appeal
CASE-005104,Corporate & Commercial,Commercial Contract Dispute
CASE-005105,Administrative Law,Administrative Order Challenge
CASE-005106,Tax & GST,GST / Tax Assessment Appeal
CASE-005107,Intellectual Property,Trademark Infringement
CASE-005108,Environmental Law,Environmental Clearance Challenge
CASE-005109,Tax & GST,GST / Tax Assessment Appeal
CASE-005110,Contract & Agreement,Breach of Contract / Specific Performance
CASE-005111,Human Rights & PIL,Public Interest Litigation
CASE-005112,Contract & Agreement,Breach of Contract / Specific Performance
CASE-005113,Immigration & Citizenship,Citizenship / Passport Matter
CASE-005114,Human Rights & PIL,Public Interest Litigation
CASE-005115,Media & Defamation,Defamation Suit
CASE-005116,Banking & Finance,Loan Recovery / Cheque Dishonour
CASE-005117,Consumer Protection,Deficiency in Service Complaint
CASE-005118,Corporate & Commercial,Commercial Contract Dispute
CASE-005119,Medical Negligence,Medical Negligence Complaint
CASE-005120,Environmental Law,Environmental Clearance Challenge
CASE-005121,Consumer Protection,Deficiency in Service Complaint
CASE-005122,Family & Succession,Inheritance / Probate
CASE-005123,Child Protection,POCSO / Child Protection Proceeding
CASE-005124,Media & Defamation,Defamation Suit
CASE-005125,Consumer Protection,Deficiency in Service Complaint
CASE-005126,Consumer Protection,Deficiency in Service Complaint
CASE-005127,Motor Accident Claims,Motor Accident Compensation Claim
CASE-005128,Tax & GST,GST / Tax Assessment Appeal
CASE-005129,Environmental Law,Environmental Clearance Challenge
CASE-005130,White Collar Crime,Money Laundering / Corruption Case
CASE-005131,Criminal Law,Criminal Trial
CASE-005132,Education Law,Student Admission / Examination Dispute
CASE-005133,Cybercrime & IT,Online Fraud / Cybercrime
CASE-005134,Criminal Law,Criminal Trial
CASE-005135,Insolvency & Bankruptcy,Corporate Insolvency Resolution
CASE-005136,Media & Defamation,Defamation Suit
CASE-005137,White Collar Crime,Money Laundering / Corruption Case
CASE-005138,Administrative Law,Administrative Order Challenge
CASE-005139,White Collar Crime,Money Laundering / Corruption Case
CASE-005140,Immigration & Citizenship,Citizenship / Passport Matter
CASE-005141,Banking & Finance,Loan Recovery / Cheque Dishonour
CASE-005142,Education Law,Student Admission / Examination Dispute
CASE-005143,Tax & GST,GST / Tax Assessment Appeal
CASE-005144,Employment & Labour,Wrongful Termination
CASE-005145,Education Law,Student Admission / Examination Dispute
CASE-005146,Media & Defamation,Defamation Suit
CASE-005147,Intellectual Property,Trademark Infringement
CASE-005148,Data Privacy,Personal Data Misuse / Privacy Petition
CASE-005149,Banking & Finance,Loan Recovery / Cheque Dishonour
CASE-005150,Insolvency & Bankruptcy,Corporate Insolvency Resolution
CASE-005151,Tax & GST,GST / Tax Assessment Appeal
CASE-005152,Human Rights & PIL,Public Interest Litigation
CASE-005153,Education Law,Student Admission / Examination Dispute
CASE-005154,Employment & Labour,Wrongful Termination
CASE-005155,Environmental Law,Environmental Clearance Challenge
CASE-005156,Insolvency & Bankruptcy,Corporate Insolvency Resolution
CASE-005157,Corporate & Commercial,Commercial Contract Dispute
CASE-005158,Consumer Protection,Deficiency in Service Complaint
CASE-005159,Corporate & Commercial,Commercial Contract Dispute
CASE-005160,Immigration & Citizenship,Citizenship / Passport Matter
CASE-005161,Cybercrime & IT,Online Fraud / Cybercrime
CASE-005162,Contract & Agreement,Breach of Contract / Specific Performance
CASE-005163,Intellectual Property,Trademark Infringement
CASE-005164,Consumer Protection,Deficiency in Service Complaint
CASE-005165,Employment & Labour,Wrongful Termination
CASE-005166,Administrative Law,Administrative Order Challenge
CASE-005167,Medical Negligence,Medical Negligence Complaint
CASE-005168,Contract & Agreement,Breach of Contract / Specific Performance
CASE-005169,Insolvency & Bankruptcy,Corporate Insolvency Resolution
CASE-005170,Insolvency & Bankruptcy,Corporate Insolvency Resolution
CASE-005171,Arbitration,Arbitral Award Challenge
CASE-005172,Insolvency & Bankruptcy,Corporate Insolvency Resolution
CASE-005173,Environmental Law,Environmental Clearance Challenge
CASE-005174,Medical Negligence,Medical Negligence Complaint
CASE-005175,White Collar Crime,Money Laundering / Corruption Case
CASE-005176,Human Rights & PIL,Public Interest Litigation
CASE-005177,Data Privacy,Personal Data Misuse / Privacy Petition
CASE-005178,White Collar Crime,Money Laundering / Corruption Case
CASE-005179,Administrative Law,Administrative Order Challenge
CASE-005180,Family & Succession,Inheritance / Probate
CASE-005181,Data Privacy,Personal Data Misuse / Privacy Petition
CASE-005182,Medical Negligence,Medical Negligence Complaint
CASE-005183,Constitutional Law,Writ / Fundamental Rights Petition
CASE-005184,Family & Succession,Inheritance / Probate
CASE-005185,Divorce & Matrimonial,Divorce Petition
CASE-005186,Tax & GST,GST / Tax Assessment Appeal
CASE-005187,Human Rights & PIL,Public Interest Litigation
CASE-005188,Environmental Law,Environmental Clearance Challenge
CASE-005189,Arbitration,Arbitral Award Challenge
CASE-005190,Motor Accident Claims,Motor Accident Compensation Claim
CASE-005191,Divorce & Matrimonial,Divorce Petition
CASE-005192,Divorce & Matrimonial,Divorce Petition
CASE-005193,Intellectual Property,Trademark Infringement
CASE-005194,Family & Succession,Inheritance / Probate
CASE-005195,Intellectual Property,Trademark Infringement
CASE-005196,Corporate & Commercial,Commercial Contract Dispute
CASE-005197,Consumer Protection,Deficiency in Service Complaint
CASE-005198,Immigration & Citizenship,Citizenship / Passport Matter
CASE-005199,Divorce & Matrimonial,Divorce Petition
CASE-005200,Motor Accident Claims,Motor Accident Compensation Claim
CASE-005201,Tax & GST,GST / Tax Assessment Appeal
CASE-005202,Criminal Law,Criminal Trial
CASE-005203,Child Protection,POCSO / Child Protection Proceeding
CASE-005204,Arbitration,Arbitral Award Challenge
CASE-005205,Insolvency & Bankruptcy,Corporate Insolvency Resolution
CASE-005206,Corporate & Commercial,Commercial Contract Dispute
CASE-005207,White Collar Crime,Money Laundering / Corruption Case
CASE-005208,Administrative Law,Administrative Order Challenge
CASE-005209,Banking & Finance,Loan Recovery / Cheque Dishonour
CASE-005210,Real Estate & Housing,Builder-Buyer / RERA Dispute
CASE-005211,Cybercrime & IT,Online Fraud / Cybercrime
CASE-005212,Tax & GST,GST / Tax Assessment Appeal
CASE-005213,Constitutional Law,Writ / Fundamental Rights Petition
CASE-005214,Environmental Law,Environmental Clearance Challenge
CASE-005215,Banking & Finance,Loan Recovery / Cheque Dishonour
CASE-005216,Child Protection,POCSO / Child Protection Proceeding
CASE-005217,Banking & Finance,Loan Recovery / Cheque Dishonour
CASE-005218,Child Protection,POCSO / Child Protection Proceeding
CASE-005219,Education Law,Student Admission / Examination Dispute
CASE-005220,Education Law,Student Admission / Examination Dispute
CASE-005221,Immigration & Citizenship,Citizenship / Passport Matter
CASE-005222,Arbitration,Arbitral Award Challenge
CASE-005223,Tax & GST,GST / Tax Assessment Appeal
CASE-005224,Contract & Agreement,Breach of Contract / Specific Performance
CASE-005225,Insolvency & Bankruptcy,Corporate Insolvency Resolution
CASE-005226,Data Privacy,Personal Data Misuse / Privacy Petition
CASE-005227,Cybercrime & IT,Online Fraud / Cybercrime
CASE-005228,Divorce & Matrimonial,Divorce Petition
CASE-005229,Divorce & Matrimonial,Divorce Petition
CASE-005230,Media & Defamation,Defamation Suit
CASE-005231,Property & Land,Property / Partition Suit
CASE-005232,Child Protection,POCSO / Child Protection Proceeding
CASE-005233,Contract & Agreement,Breach of Contract / Specific Performance
CASE-005234,Arbitration,Arbitral Award Challenge
CASE-005235,Tax & GST,GST / Tax Assessment Appeal
CASE-005236,Data Privacy,Personal Data Misuse / Privacy Petition
CASE-005237,Employment & Labour,Wrongful Termination
CASE-005238,Divorce & Matrimonial,Divorce Petition
CASE-005239,Tax & GST,GST / Tax Assessment Appeal
CASE-005240,Media & Defamation,Defamation Suit
CASE-005241,Media & Defamation,Defamation Suit
CASE-005242,Divorce & Matrimonial,Divorce Petition
CASE-005243,Child Protection,POCSO / Child Protection Proceeding
CASE-005244,Motor Accident Claims,Motor Accident Compensation Claim
CASE-005245,Banking & Finance,Loan Recovery / Cheque Dishonour
CASE-005246,Contract & Agreement,Breach of Contract / Specific Performance
CASE-005247,Media & Defamation,Defamation Suit
CASE-005248,Child Protection,POCSO / Child Protection Proceeding
CASE-005249,Medical Negligence,Medical Negligence Complaint
CASE-005250,Data Privacy,Personal Data Misuse / Privacy Petition
CASE-005251,Environmental Law,Environmental Clearance Challenge
CASE-005252,Environmental Law,Environmental Clearance Challenge
CASE-005253,Cybercrime & IT,Online Fraud / Cybercrime
CASE-005254,Tax & GST,GST / Tax Assessment Appeal
CASE-005255,Data Privacy,Personal Data Misuse / Privacy Petition
CASE-005256,Property & Land,Property / Partition Suit
CASE-005257,Media & Defamation,Defamation Suit
CASE-005258,Data Privacy,Personal Data Misuse / Privacy Petition
CASE-005259,Contract & Agreement,Breach of Contract / Specific Performance
CASE-005260,Education Law,Student Admission / Examination Dispute
CASE-005261,Employment & Labour,Wrongful Termination
CASE-005262,Family & Succession,Inheritance / Probate
CASE-005263,Consumer Protection,Deficiency in Service Complaint
CASE-005264,Employment & Labour,Wrongful Termination
CASE-005265,Administrative Law,Administrative Order Challenge
CASE-005266,Property & Land,Property / Partition Suit
CASE-005267,Data Privacy,Personal Data Misuse / Privacy Petition
CASE-005268,Family & Succession,Inheritance / Probate
CASE-005269,Family & Succession,Inheritance / Probate
CASE-005270,Data Privacy,Personal Data Misuse / Privacy Petition
CASE-005271,Corporate & Commercial,Commercial Contract Dispute
CASE-005272,Medical Negligence,Medical Negligence Complaint
CASE-005273,Employment & Labour,Wrongful Termination
CASE-005274,Immigration & Citizenship,Citizenship / Passport Matter
CASE-005275,White Collar Crime,Money Laundering / Corruption Case
CASE-005276,Family & Succession,Inheritance / Probate
CASE-005277,Cybercrime & IT,Online Fraud / Cybercrime
CASE-005278,Intellectual Property,Trademark Infringement
CASE-005279,Medical Negligence,Medical Negligence Complaint
CASE-005280,White Collar Crime,Money Laundering / Corruption Case
CASE-005281,White Collar Crime,Money Laundering / Corruption Case
CASE-005282,Medical Negligence,Medical Negligence Complaint
CASE-005283,Constitutional Law,Writ / Fundamental Rights Petition
CASE-005284,Insolvency & Bankruptcy,Corporate Insolvency Resolution
CASE-005285,Banking & Finance,Loan Recovery / Cheque Dishonour
CASE-005286,Administrative Law,Administrative Order Challenge
CASE-005287,Administrative Law,Administrative Order Challenge
CASE-005288,Child Protection,POCSO / Child Protection Proceeding
CASE-005289,Contract & Agreement,Breach of Contract / Specific Performance
CASE-005290,Divorce & Matrimonial,Divorce Petition
CASE-005291,Family & Succession,Inheritance / Probate
CASE-005292,Contract & Agreement,Breach of Contract / Specific Performance
CASE-005293,Consumer Protection,Deficiency in Service Complaint
CASE-005294,Criminal Law,Criminal Trial
CASE-005295,Data Privacy,Personal Data Misuse / Privacy Petition
CASE-005296,Real Estate & Housing,Builder-Buyer / RERA Dispute
CASE-005297,White Collar Crime,Money Laundering / Corruption Case
CASE-005298,Employment & Labour,Wrongful Termination
CASE-005299,Corporate & Commercial,Commercial Contract Dispute
CASE-005300,Education Law,Student Admission / Examination Dispute
CASE-005301,Criminal Law,Criminal Trial
CASE-005302,Family & Succession,Inheritance / Probate
CASE-005303,Insolvency & Bankruptcy,Corporate Insolvency Resolution
CASE-005304,Property & Land,Property / Partition Suit
CASE-005305,Constitutional Law,Writ / Fundamental Rights Petition
CASE-005306,Education Law,Student Admission / Examination Dispute
CASE-005307,Constitutional Law,Writ / Fundamental Rights Petition
CASE-005308,Contract & Agreement,Breach of Contract / Specific Performance
CASE-005309,Divorce & Matrimonial,Divorce Petition
CASE-005310,Administrative Law,Administrative Order Challenge
CASE-005311,Intellectual Property,Trademark Infringement
CASE-005312,Media & Defamation,Defamation Suit
CASE-005313,Intellectual Property,Trademark Infringement
CASE-005314,Corporate & Commercial,Commercial Contract Dispute
CASE-005315,Family & Succession,Inheritance / Probate
CASE-005316,Criminal Law,Criminal Trial
CASE-005317,Criminal Law,Criminal Trial
CASE-005318,Corporate & Commercial,Commercial Contract Dispute
CASE-005319,Family & Succession,Inheritance / Probate
CASE-005320,Education Law,Student Admission / Examination Dispute
CASE-005321,Divorce & Matrimonial,Divorce Petition
CASE-005322,White Collar Crime,Money Laundering / Corruption Case
CASE-005323,Media & Defamation,Defamation Suit
CASE-005324,Banking & Finance,Loan Recovery / Cheque Dishonour
CASE-005325,Corporate & Commercial,Commercial Contract Dispute
CASE-005326,Consumer Protection,Deficiency in Service Complaint
CASE-005327,Criminal Law,Criminal Trial
CASE-005328,Media & Defamation,Defamation Suit
CASE-005329,Media & Defamation,Defamation Suit
CASE-005330,Media & Defamation,Defamation Suit
CASE-005331,Divorce & Matrimonial,Divorce Petition
CASE-005332,Intellectual Property,Trademark Infringement
CASE-005333,Motor Accident Claims,Motor Accident Compensation Claim
CASE-005334,Human Rights & PIL,Public Interest Litigation
CASE-005335,White Collar Crime,Money Laundering / Corruption Case
CASE-005336,Family & Succession,Inheritance / Probate
CASE-005337,Banking & Finance,Loan Recovery / Cheque Dishonour
CASE-005338,Media & Defamation,Defamation Suit
CASE-005339,Media & Defamation,Defamation Suit
CASE-005340,Medical Negligence,Medical Negligence Complaint
CASE-005341,Tax & GST,GST / Tax Assessment Appeal
CASE-005342,Administrative Law,Administrative Order Challenge
CASE-005343,Banking & Finance,Loan Recovery / Cheque Dishonour
CASE-005344,Contract & Agreement,Breach of Contract / Specific Performance
CASE-005345,Property & Land,Property / Partition Suit
CASE-005346,Motor Accident Claims,Motor Accident Compensation Claim
CASE-005347,Constitutional Law,Writ / Fundamental Rights Petition
CASE-005348,Child Protection,POCSO / Child Protection Proceeding
CASE-005349,Media & Defamation,Defamation Suit
CASE-005350,Motor Accident Claims,Motor Accident Compensation Claim
CASE-005351,Constitutional Law,Writ / Fundamental Rights Petition
CASE-005352,Family & Succession,Inheritance / Probate
CASE-005353,Constitutional Law,Writ / Fundamental Rights Petition
CASE-005354,Medical Negligence,Medical Negligence Complaint
CASE-005355,Contract & Agreement,Breach of Contract / Specific Performance
CASE-005356,Education Law,Student Admission / Examination Dispute
CASE-005357,Banking & Finance,Loan Recovery / Cheque Dishonour
CASE-005358,Media & Defamation,Defamation Suit
CASE-005359,Medical Negligence,Medical Negligence Complaint
CASE-005360,Constitutional Law,Writ / Fundamental Rights Petition
CASE-005361,Divorce & Matrimonial,Divorce Petition
CASE-005362,Child Protection,POCSO / Child Protection Proceeding
CASE-005363,Family & Succession,Inheritance / Probate
CASE-005364,Medical Negligence,Medical Negligence Complaint
CASE-005365,Environmental Law,Environmental Clearance Challenge
CASE-005366,Environmental Law,Environmental Clearance Challenge
CASE-005367,Administrative Law,Administrative Order Challenge
CASE-005368,Data Privacy,Personal Data Misuse / Privacy Petition
CASE-005369,Banking & Finance,Loan Recovery / Cheque Dishonour
CASE-005370,White Collar Crime,Money Laundering / Corruption Case
CASE-005371,Immigration & Citizenship,Citizenship / Passport Matter
CASE-005372,White Collar Crime,Money Laundering / Corruption Case
CASE-005373,Administrative Law,Administrative Order Challenge
CASE-005374,Data Privacy,Personal Data Misuse / Privacy Petition
CASE-005375,Administrative Law,Administrative Order Challenge
CASE-005376,Immigration & Citizenship,Citizenship / Passport Matter
CASE-005377,Property & Land,Property / Partition Suit
CASE-005378,Media & Defamation,Defamation Suit
CASE-005379,Employment & Labour,Wrongful Termination
CASE-005380,Corporate & Commercial,Commercial Contract Dispute
CASE-005381,Contract & Agreement,Breach of Contract / Specific Performance
CASE-005382,White Collar Crime,Money Laundering / Corruption Case
CASE-005383,Insolvency & Bankruptcy,Corporate Insolvency Resolution
CASE-005384,Cybercrime & IT,Online Fraud / Cybercrime
CASE-005385,Cybercrime & IT,Online Fraud / Cybercrime
CASE-005386,Intellectual Property,Trademark Infringement
CASE-005387,Medical Negligence,Medical Negligence Complaint
CASE-005388,Environmental Law,Environmental Clearance Challenge
CASE-005389,Environmental Law,Environmental Clearance Challenge
CASE-005390,Criminal Law,Criminal Trial
CASE-005391,Contract & Agreement,Breach of Contract / Specific Performance
CASE-005392,Tax & GST,GST / Tax Assessment Appeal
CASE-005393,Insolvency & Bankruptcy,Corporate Insolvency Resolution
CASE-005394,Contract & Agreement,Breach of Contract / Specific Performance
CASE-005395,Immigration & Citizenship,Citizenship / Passport Matter
CASE-005396,Administrative Law,Administrative Order Challenge
CASE-005397,Arbitration,Arbitral Award Challenge
CASE-005398,Corporate & Commercial,Commercial Contract Dispute
CASE-005399,Constitutional Law,Writ / Fundamental Rights Petition
CASE-005400,Cybercrime & IT,Online Fraud / Cybercrime
CASE-005401,Insolvency & Bankruptcy,Corporate Insolvency Resolution
CASE-005402,Arbitration,Arbitral Award Challenge
CASE-005403,Data Privacy,Personal Data Misuse / Privacy Petition
CASE-005404,Human Rights & PIL,Public Interest Litigation
CASE-005405,Divorce & Matrimonial,Divorce Petition
CASE-005406,Media & Defamation,Defamation Suit
CASE-005407,Arbitration,Arbitral Award Challenge
CASE-005408,Tax & GST,GST / Tax Assessment Appeal
CASE-005409,Constitutional Law,Writ / Fundamental Rights Petition
CASE-005410,Constitutional Law,Writ / Fundamental Rights Petition
CASE-005411,Motor Accident Claims,Motor Accident Compensation Claim
CASE-005412,Criminal Law,Criminal Trial
CASE-005413,Employment & Labour,Wrongful Termination
CASE-005414,Human Rights & PIL,Public Interest Litigation
CASE-005415,Corporate & Commercial,Commercial Contract Dispute
CASE-005416,Family & Succession,Inheritance / Probate
CASE-005417,Administrative Law,Administrative Order Challenge
CASE-005418,Criminal Law,Criminal Trial
CASE-005419,Media & Defamation,Defamation Suit
CASE-005420,Human Rights & PIL,Public Interest Litigation
CASE-005421,Property & Land,Property / Partition Suit
CASE-005422,Intellectual Property,Trademark Infringement
CASE-005423,Education Law,Student Admission / Examination Dispute
CASE-005424,Administrative Law,Administrative Order Challenge
CASE-005425,Banking & Finance,Loan Recovery / Cheque Dishonour
CASE-005426,Education Law,Student Admission / Examination Dispute
CASE-005427,Consumer Protection,Deficiency in Service Complaint
CASE-005428,Criminal Law,Criminal Trial
CASE-005429,Immigration & Citizenship,Citizenship / Passport Matter
CASE-005430,Medical Negligence,Medical Negligence Complaint
CASE-005431,Administrative Law,Administrative Order Challenge
CASE-005432,Education Law,Student Admission / Examination Dispute
CASE-005433,Divorce & Matrimonial,Divorce Petition
CASE-005434,Property & Land,Property / Partition Suit
CASE-005435,Data Privacy,Personal Data Misuse / Privacy Petition
CASE-005436,Corporate & Commercial,Commercial Contract Dispute
CASE-005437,Education Law,Student Admission / Examination Dispute
CASE-005438,Medical Negligence,Medical Negligence Complaint
CASE-005439,Tax & GST,GST / Tax Assessment Appeal
CASE-005440,Divorce & Matrimonial,Divorce Petition
CASE-005441,Property & Land,Property / Partition Suit
CASE-005442,Administrative Law,Administrative Order Challenge
CASE-005443,Family & Succession,Inheritance / Probate
CASE-005444,Medical Negligence,Medical Negligence Complaint
CASE-005445,Tax & GST,GST / Tax Assessment Appeal
CASE-005446,Insolvency & Bankruptcy,Corporate Insolvency Resolution
CASE-005447,Tax & GST,GST / Tax Assessment Appeal
CASE-005448,Banking & Finance,Loan Recovery / Cheque Dishonour
CASE-005449,Divorce & Matrimonial,Divorce Petition
CASE-005450,Tax & GST,GST / Tax Assessment Appeal
CASE-005451,Medical Negligence,Medical Negligence Complaint
CASE-005452,Medical Negligence,Medical Negligence Complaint
CASE-005453,Intellectual Property,Trademark Infringement
CASE-005454,Property & Land,Property / Partition Suit
CASE-005455,Tax & GST,GST / Tax Assessment Appeal
CASE-005456,Environmental Law,Environmental Clearance Challenge
CASE-005457,Banking & Finance,Loan Recovery / Cheque Dishonour
CASE-005458,Immigration & Citizenship,Citizenship / Passport Matter
CASE-005459,Real Estate & Housing,Builder-Buyer / RERA Dispute
CASE-005460,Divorce & Matrimonial,Divorce Petition
CASE-005461,Criminal Law,Criminal Trial
CASE-005462,Environmental Law,Environmental Clearance Challenge
CASE-005463,Family & Succession,Inheritance / Probate
CASE-005464,Cybercrime & IT,Online Fraud / Cybercrime
CASE-005465,Human Rights & PIL,Public Interest Litigation
CASE-005466,Property & Land,Property / Partition Suit
CASE-005467,Contract & Agreement,Breach of Contract / Specific Performance
CASE-005468,Environmental Law,Environmental Clearance Challenge
CASE-005469,Human Rights & PIL,Public Interest Litigation
CASE-005470,Administrative Law,Administrative Order Challenge
CASE-005471,Divorce & Matrimonial,Divorce Petition
CASE-005472,Tax & GST,GST / Tax Assessment Appeal
CASE-005473,Real Estate & Housing,Builder-Buyer / RERA Dispute
CASE-005474,Motor Accident Claims,Motor Accident Compensation Claim
CASE-005475,Intellectual Property,Trademark Infringement
CASE-005476,Contract & Agreement,Breach of Contract / Specific Performance
CASE-005477,Divorce & Matrimonial,Divorce Petition
CASE-005478,Data Privacy,Personal Data Misuse / Privacy Petition
CASE-005479,Insolvency & Bankruptcy,Corporate Insolvency Resolution
CASE-005480,Contract & Agreement,Breach of Contract / Specific Performance
CASE-005481,Insolvency & Bankruptcy,Corporate Insolvency Resolution
CASE-005482,Medical Negligence,Medical Negligence Complaint
CASE-005483,Insolvency & Bankruptcy,Corporate Insolvency Resolution
CASE-005484,Media & Defamation,Defamation Suit
CASE-005485,Arbitration,Arbitral Award Challenge
CASE-005486,Banking & Finance,Loan Recovery / Cheque Dishonour
CASE-005487,Property & Land,Property / Partition Suit
CASE-005488,Human Rights & PIL,Public Interest Litigation
CASE-005489,Media & Defamation,Defamation Suit
CASE-005490,Criminal Law,Criminal Trial
CASE-005491,Immigration & Citizenship,Citizenship / Passport Matter
CASE-005492,Tax & GST,GST / Tax Assessment Appeal
CASE-005493,Consumer Protection,Deficiency in Service Complaint
CASE-005494,Intellectual Property,Trademark Infringement
CASE-005495,Real Estate & Housing,Builder-Buyer / RERA Dispute
CASE-005496,Consumer Protection,Deficiency in Service Complaint
CASE-005497,Human Rights & PIL,Public Interest Litigation
CASE-005498,Constitutional Law,Writ / Fundamental Rights Petition
CASE-005499,Insolvency & Bankruptcy,Corporate Insolvency Resolution
CASE-005500,Education Law,Student Admission / Examination Dispute
CASE-005501,Education Law,Student Admission / Examination Dispute
CASE-005502,Criminal Law,Criminal Trial
CASE-005503,Child Protection,POCSO / Child Protection Proceeding
CASE-005504,Data Privacy,Personal Data Misuse / Privacy Petition
CASE-005505,Constitutional Law,Writ / Fundamental Rights Petition
CASE-005506,Criminal Law,Criminal Trial
CASE-005507,Child Protection,POCSO / Child Protection Proceeding
CASE-005508,Contract & Agreement,Breach of Contract / Specific Performance
CASE-005509,Criminal Law,Criminal Trial
CASE-005510,Environmental Law,Environmental Clearance Challenge
CASE-005511,Tax & GST,GST / Tax Assessment Appeal
CASE-005512,Media & Defamation,Defamation Suit
CASE-005513,Insolvency & Bankruptcy,Corporate Insolvency Resolution
CASE-005514,Human Rights & PIL,Public Interest Litigation
CASE-005515,Medical Negligence,Medical Negligence Complaint
CASE-005516,Employment & Labour,Wrongful Termination
CASE-005517,Consumer Protection,Deficiency in Service Complaint
CASE-005518,White Collar Crime,Money Laundering / Corruption Case
CASE-005519,Divorce & Matrimonial,Divorce Petition
CASE-005520,Banking & Finance,Loan Recovery / Cheque Dishonour
CASE-005521,Cybercrime & IT,Online Fraud / Cybercrime
CASE-005522,Education Law,Student Admission / Examination Dispute
CASE-005523,Media & Defamation,Defamation Suit
CASE-005524,Human Rights & PIL,Public Interest Litigation
CASE-005525,Education Law,Student Admission / Examination Dispute
CASE-005526,Data Privacy,Personal Data Misuse / Privacy Petition
CASE-005527,Tax & GST,GST / Tax Assessment Appeal
CASE-005528,Contract & Agreement,Breach of Contract / Specific Performance
CASE-005529,Property & Land,Property / Partition Suit
CASE-005530,Tax & GST,GST / Tax Assessment Appeal
CASE-005531,White Collar Crime,Money Laundering / Corruption Case
CASE-005532,Medical Negligence,Medical Negligence Complaint
CASE-005533,Child Protection,POCSO / Child Protection Proceeding
CASE-005534,Data Privacy,Personal Data Misuse / Privacy Petition
CASE-005535,Data Privacy,Personal Data Misuse / Privacy Petition
CASE-005536,Human Rights & PIL,Public Interest Litigation
CASE-005537,Corporate & Commercial,Commercial Contract Dispute
CASE-005538,Administrative Law,Administrative Order Challenge
CASE-005539,Tax & GST,GST / Tax Assessment Appeal
CASE-005540,Media & Defamation,Defamation Suit
CASE-005541,Corporate & Commercial,Commercial Contract Dispute
CASE-005542,Human Rights & PIL,Public Interest Litigation
CASE-005543,Criminal Law,Criminal Trial
CASE-005544,Consumer Protection,Deficiency in Service Complaint
CASE-005545,Insolvency & Bankruptcy,Corporate Insolvency Resolution
CASE-005546,Arbitration,Arbitral Award Challenge
CASE-005547,Constitutional Law,Writ / Fundamental Rights Petition
CASE-005548,Motor Accident Claims,Motor Accident Compensation Claim
CASE-005549,Insolvency & Bankruptcy,Corporate Insolvency Resolution
CASE-005550,Constitutional Law,Writ / Fundamental Rights Petition
CASE-005551,Intellectual Property,Trademark Infringement
CASE-005552,Consumer Protection,Deficiency in Service Complaint
CASE-005553,Family & Succession,Inheritance / Probate
CASE-005554,Motor Accident Claims,Motor Accident Compensation Claim
CASE-005555,Constitutional Law,Writ / Fundamental Rights Petition
CASE-005556,Insolvency & Bankruptcy,Corporate Insolvency Resolution
CASE-005557,Insolvency & Bankruptcy,Corporate Insolvency Resolution
CASE-005558,Intellectual Property,Trademark Infringement
CASE-005559,Property & Land,Property / Partition Suit
CASE-005560,Divorce & Matrimonial,Divorce Petition
CASE-005561,Data Privacy,Personal Data Misuse / Privacy Petition
CASE-005562,Media & Defamation,Defamation Suit
CASE-005563,Consumer Protection,Deficiency in Service Complaint
CASE-005564,Medical Negligence,Medical Negligence Complaint
CASE-005565,Motor Accident Claims,Motor Accident Compensation Claim
CASE-005566,Consumer Protection,Deficiency in Service Complaint
CASE-005567,Motor Accident Claims,Motor Accident Compensation Claim
CASE-005568,Arbitration,Arbitral Award Challenge
CASE-005569,Criminal Law,Criminal Trial
CASE-005570,White Collar Crime,Money Laundering / Corruption Case
CASE-005571,Human Rights & PIL,Public Interest Litigation
CASE-005572,Education Law,Student Admission / Examination Dispute
CASE-005573,Divorce & Matrimonial,Divorce Petition
CASE-005574,Media & Defamation,Defamation Suit
CASE-005575,Banking & Finance,Loan Recovery / Cheque Dishonour
CASE-005576,Real Estate & Housing,Builder-Buyer / RERA Dispute
CASE-005577,Arbitration,Arbitral Award Challenge
CASE-005578,Family & Succession,Inheritance / Probate
CASE-005579,Contract & Agreement,Breach of Contract / Specific Performance
CASE-005580,Child Protection,POCSO / Child Protection Proceeding
CASE-005581,Education Law,Student Admission / Examination Dispute
CASE-005582,White Collar Crime,Money Laundering / Corruption Case
CASE-005583,Tax & GST,GST / Tax Assessment Appeal
CASE-005584,Intellectual Property,Trademark Infringement
CASE-005585,Education Law,Student Admission / Examination Dispute
CASE-005586,Consumer Protection,Deficiency in Service Complaint
CASE-005587,Corporate & Commercial,Commercial Contract Dispute
CASE-005588,Media & Defamation,Defamation Suit
CASE-005589,Criminal Law,Criminal Trial
CASE-005590,Arbitration,Arbitral Award Challenge
CASE-005591,Immigration & Citizenship,Citizenship / Passport Matter
CASE-005592,White Collar Crime,Money Laundering / Corruption Case
CASE-005593,Contract & Agreement,Breach of Contract / Specific Performance
CASE-005594,Human Rights & PIL,Public Interest Litigation
CASE-005595,Consumer Protection,Deficiency in Service Complaint
CASE-005596,Intellectual Property,Trademark Infringement
CASE-005597,Tax & GST,GST / Tax Assessment Appeal
CASE-005598,Constitutional Law,Writ / Fundamental Rights Petition
CASE-005599,Divorce & Matrimonial,Divorce Petition
CASE-005600,Tax & GST,GST / Tax Assessment Appeal
CASE-005601,Contract & Agreement,Breach of Contract / Specific Performance
CASE-005602,Motor Accident Claims,Motor Accident Compensation Claim
CASE-005603,Data Privacy,Personal Data Misuse / Privacy Petition
CASE-005604,Real Estate & Housing,Builder-Buyer / RERA Dispute
CASE-005605,Child Protection,POCSO / Child Protection Proceeding
CASE-005606,Criminal Law,Criminal Trial
CASE-005607,Contract & Agreement,Breach of Contract / Specific Performance
CASE-005608,Insolvency & Bankruptcy,Corporate Insolvency Resolution
CASE-005609,Property & Land,Property / Partition Suit
CASE-005610,Motor Accident Claims,Motor Accident Compensation Claim
CASE-005611,Education Law,Student Admission / Examination Dispute
CASE-005612,Immigration & Citizenship,Citizenship / Passport Matter
CASE-005613,Intellectual Property,Trademark Infringement
CASE-005614,Property & Land,Property / Partition Suit
CASE-005615,Criminal Law,Criminal Trial
CASE-005616,Immigration & Citizenship,Citizenship / Passport Matter
CASE-005617,Banking & Finance,Loan Recovery / Cheque Dishonour
CASE-005618,Tax & GST,GST / Tax Assessment Appeal
CASE-005619,Corporate & Commercial,Commercial Contract Dispute
CASE-005620,Data Privacy,Personal Data Misuse / Privacy Petition
CASE-005621,Banking & Finance,Loan Recovery / Cheque Dishonour
CASE-005622,Medical Negligence,Medical Negligence Complaint
CASE-005623,Corporate & Commercial,Commercial Contract Dispute
CASE-005624,Insolvency & Bankruptcy,Corporate Insolvency Resolution
CASE-005625,Motor Accident Claims,Motor Accident Compensation Claim
CASE-005626,Administrative Law,Administrative Order Challenge
CASE-005627,Corporate & Commercial,Commercial Contract Dispute
CASE-005628,Data Privacy,Personal Data Misuse / Privacy Petition
CASE-005629,Consumer Protection,Deficiency in Service Complaint
CASE-005630,Insolvency & Bankruptcy,Corporate Insolvency Resolution
CASE-005631,Arbitration,Arbitral Award Challenge
CASE-005632,Human Rights & PIL,Public Interest Litigation
CASE-005633,Immigration & Citizenship,Citizenship / Passport Matter
CASE-005634,Family & Succession,Inheritance / Probate
CASE-005635,Insolvency & Bankruptcy,Corporate Insolvency Resolution
CASE-005636,Education Law,Student Admission / Examination Dispute
CASE-005637,Human Rights & PIL,Public Interest Litigation
CASE-005638,Motor Accident Claims,Motor Accident Compensation Claim
CASE-005639,Divorce & Matrimonial,Divorce Petition
CASE-005640,Cybercrime & IT,Online Fraud / Cybercrime
CASE-005641,Corporate & Commercial,Commercial Contract Dispute
CASE-005642,Property & Land,Property / Partition Suit
CASE-005643,Environmental Law,Environmental Clearance Challenge
CASE-005644,Administrative Law,Administrative Order Challenge
CASE-005645,Administrative Law,Administrative Order Challenge
CASE-005646,Motor Accident Claims,Motor Accident Compensation Claim
CASE-005647,Arbitration,Arbitral Award Challenge
CASE-005648,White Collar Crime,Money Laundering / Corruption Case
CASE-005649,Cybercrime & IT,Online Fraud / Cybercrime
CASE-005650,White Collar Crime,Money Laundering / Corruption Case
CASE-005651,Media & Defamation,Defamation Suit
CASE-005652,Employment & Labour,Wrongful Termination
CASE-005653,Human Rights & PIL,Public Interest Litigation
CASE-005654,Consumer Protection,Deficiency in Service Complaint
CASE-005655,Administrative Law,Administrative Order Challenge
CASE-005656,Banking & Finance,Loan Recovery / Cheque Dishonour
CASE-005657,Environmental Law,Environmental Clearance Challenge
CASE-005658,Consumer Protection,Deficiency in Service Complaint
CASE-005659,Employment & Labour,Wrongful Termination
CASE-005660,Property & Land,Property / Partition Suit
CASE-005661,Media & Defamation,Defamation Suit
CASE-005662,Education Law,Student Admission / Examination Dispute
CASE-005663,Motor Accident Claims,Motor Accident Compensation Claim
CASE-005664,Human Rights & PIL,Public Interest Litigation
CASE-005665,Constitutional Law,Writ / Fundamental Rights Petition
CASE-005666,Intellectual Property,Trademark Infringement
CASE-005667,Consumer Protection,Deficiency in Service Complaint
CASE-005668,Property & Land,Property / Partition Suit
CASE-005669,Divorce & Matrimonial,Divorce Petition
CASE-005670,Property & Land,Property / Partition Suit
CASE-005671,White Collar Crime,Money Laundering / Corruption Case
CASE-005672,Media & Defamation,Defamation Suit
CASE-005673,Cybercrime & IT,Online Fraud / Cybercrime
CASE-005674,Medical Negligence,Medical Negligence Complaint
CASE-005675,Education Law,Student Admission / Examination Dispute
CASE-005676,Contract & Agreement,Breach of Contract / Specific Performance
CASE-005677,Constitutional Law,Writ / Fundamental Rights Petition
CASE-005678,Education Law,Student Admission / Examination Dispute
CASE-005679,Medical Negligence,Medical Negligence Complaint
CASE-005680,Criminal Law,Criminal Trial
CASE-005681,Education Law,Student Admission / Examination Dispute
CASE-005682,Consumer Protection,Deficiency in Service Complaint
CASE-005683,Family & Succession,Inheritance / Probate
CASE-005684,Banking & Finance,Loan Recovery / Cheque Dishonour
CASE-005685,Insolvency & Bankruptcy,Corporate Insolvency Resolution
CASE-005686,Consumer Protection,Deficiency in Service Complaint
CASE-005687,Family & Succession,Inheritance / Probate
CASE-005688,Motor Accident Claims,Motor Accident Compensation Claim
CASE-005689,Consumer Protection,Deficiency in Service Complaint
CASE-005690,Tax & GST,GST / Tax Assessment Appeal
CASE-005691,Consumer Protection,Deficiency in Service Complaint
CASE-005692,Cybercrime & IT,Online Fraud / Cybercrime
CASE-005693,Intellectual Property,Trademark Infringement
CASE-005694,Cybercrime & IT,Online Fraud / Cybercrime
CASE-005695,Immigration & Citizenship,Citizenship / Passport Matter
CASE-005696,White Collar Crime,Money Laundering / Corruption Case
CASE-005697,Insolvency & Bankruptcy,Corporate Insolvency Resolution
CASE-005698,Environmental Law,Environmental Clearance Challenge
CASE-005699,Family & Succession,Inheritance / Probate
CASE-005700,Motor Accident Claims,Motor Accident Compensation Claim
CASE-005701,Family & Succession,Inheritance / Probate
CASE-005702,Corporate & Commercial,Commercial Contract Dispute
CASE-005703,White Collar Crime,Money Laundering / Corruption Case
CASE-005704,Motor Accident Claims,Motor Accident Compensation Claim
CASE-005705,Contract & Agreement,Breach of Contract / Specific Performance
CASE-005706,Media & Defamation,Defamation Suit
CASE-005707,Administrative Law,Administrative Order Challenge
CASE-005708,Contract & Agreement,Breach of Contract / Specific Performance
CASE-005709,Property & Land,Property / Partition Suit
CASE-005710,Environmental Law,Environmental Clearance Challenge
CASE-005711,Divorce & Matrimonial,Divorce Petition
CASE-005712,Human Rights & PIL,Public Interest Litigation
CASE-005713,Divorce & Matrimonial,Divorce Petition
CASE-005714,Criminal Law,Criminal Trial
CASE-005715,Medical Negligence,Medical Negligence Complaint
CASE-005716,Divorce & Matrimonial,Divorce Petition
CASE-005717,Corporate & Commercial,Commercial Contract Dispute
CASE-005718,Administrative Law,Administrative Order Challenge
CASE-005719,Media & Defamation,Defamation Suit
CASE-005720,Cybercrime & IT,Online Fraud / Cybercrime
CASE-005721,Child Protection,POCSO / Child Protection Proceeding
CASE-005722,Immigration & Citizenship,Citizenship / Passport Matter
CASE-005723,Contract & Agreement,Breach of Contract / Specific Performance
CASE-005724,White Collar Crime,Money Laundering / Corruption Case
CASE-005725,Immigration & Citizenship,Citizenship / Passport Matter
CASE-005726,Human Rights & PIL,Public Interest Litigation
CASE-005727,Medical Negligence,Medical Negligence Complaint
CASE-005728,Tax & GST,GST / Tax Assessment Appeal
CASE-005729,Cybercrime & IT,Online Fraud / Cybercrime
CASE-005730,Arbitration,Arbitral Award Challenge
CASE-005731,Arbitration,Arbitral Award Challenge
CASE-005732,Criminal Law,Criminal Trial
CASE-005733,Criminal Law,Criminal Trial
CASE-005734,Family & Succession,Inheritance / Probate
CASE-005735,Media & Defamation,Defamation Suit
CASE-005736,Data Privacy,Personal Data Misuse / Privacy Petition
CASE-005737,Intellectual Property,Trademark Infringement
CASE-005738,Education Law,Student Admission / Examination Dispute
CASE-005739,Intellectual Property,Trademark Infringement
CASE-005740,Intellectual Property,Trademark Infringement
CASE-005741,Property & Land,Property / Partition Suit
CASE-005742,Medical Negligence,Medical Negligence Complaint
CASE-005743,Insolvency & Bankruptcy,Corporate Insolvency Resolution
CASE-005744,Intellectual Property,Trademark Infringement
CASE-005745,Administrative Law,Administrative Order Challenge
CASE-005746,Immigration & Citizenship,Citizenship / Passport Matter
CASE-005747,Human Rights & PIL,Public Interest Litigation
CASE-005748,Divorce & Matrimonial,Divorce Petition
CASE-005749,Divorce & Matrimonial,Divorce Petition
CASE-005750,Medical Negligence,Medical Negligence Complaint
CASE-005751,Real Estate & Housing,Builder-Buyer / RERA Dispute
CASE-005752,Arbitration,Arbitral Award Challenge
CASE-005753,Criminal Law,Criminal Trial
CASE-005754,Cybercrime & IT,Online Fraud / Cybercrime
CASE-005755,Media & Defamation,Defamation Suit
CASE-005756,Banking & Finance,Loan Recovery / Cheque Dishonour
CASE-005757,Corporate & Commercial,Commercial Contract Dispute
CASE-005758,Insolvency & Bankruptcy,Corporate Insolvency Resolution
CASE-005759,White Collar Crime,Money Laundering / Corruption Case
CASE-005760,Motor Accident Claims,Motor Accident Compensation Claim
CASE-005761,Motor Accident Claims,Motor Accident Compensation Claim
CASE-005762,Banking & Finance,Loan Recovery / Cheque Dishonour
CASE-005763,Human Rights & PIL,Public Interest Litigation
CASE-005764,Contract & Agreement,Breach of Contract / Specific Performance
CASE-005765,Employment & Labour,Wrongful Termination
CASE-005766,Environmental Law,Environmental Clearance Challenge
CASE-005767,Banking & Finance,Loan Recovery / Cheque Dishonour
CASE-005768,Contract & Agreement,Breach of Contract / Specific Performance
CASE-005769,Intellectual Property,Trademark Infringement
CASE-005770,Corporate & Commercial,Commercial Contract Dispute
CASE-005771,Immigration & Citizenship,Citizenship / Passport Matter
CASE-005772,Intellectual Property,Trademark Infringement
CASE-005773,Media & Defamation,Defamation Suit
CASE-005774,White Collar Crime,Money Laundering / Corruption Case
CASE-005775,Consumer Protection,Deficiency in Service Complaint
CASE-005776,Human Rights & PIL,Public Interest Litigation
CASE-005777,Motor Accident Claims,Motor Accident Compensation Claim
CASE-005778,Cybercrime & IT,Online Fraud / Cybercrime
CASE-005779,Arbitration,Arbitral Award Challenge
CASE-005780,Tax & GST,GST / Tax Assessment Appeal
CASE-005781,Intellectual Property,Trademark Infringement
CASE-005782,Consumer Protection,Deficiency in Service Complaint
CASE-005783,White Collar Crime,Money Laundering / Corruption Case
CASE-005784,Environmental Law,Environmental Clearance Challenge
CASE-005785,Banking & Finance,Loan Recovery / Cheque Dishonour
CASE-005786,Divorce & Matrimonial,Divorce Petition
CASE-005787,Real Estate & Housing,Builder-Buyer / RERA Dispute
CASE-005788,Banking & Finance,Loan Recovery / Cheque Dishonour
CASE-005789,Consumer Protection,Deficiency in Service Complaint
CASE-005790,Consumer Protection,Deficiency in Service Complaint
CASE-005791,Property & Land,Property / Partition Suit
CASE-005792,Administrative Law,Administrative Order Challenge
CASE-005793,Child Protection,POCSO / Child Protection Proceeding
CASE-005794,Intellectual Property,Trademark Infringement
CASE-005795,Administrative Law,Administrative Order Challenge
CASE-005796,Education Law,Student Admission / Examination Dispute
CASE-005797,Administrative Law,Administrative Order Challenge
CASE-005798,Media & Defamation,Defamation Suit
CASE-005799,Intellectual Property,Trademark Infringement
CASE-005800,Banking & Finance,Loan Recovery / Cheque Dishonour
CASE-005801,Consumer Protection,Deficiency in Service Complaint
CASE-005802,Environmental Law,Environmental Clearance Challenge
CASE-005803,Consumer Protection,Deficiency in Service Complaint
CASE-005804,Arbitration,Arbitral Award Challenge
CASE-005805,White Collar Crime,Money Laundering / Corruption Case
CASE-005806,Tax & GST,GST / Tax Assessment Appeal
CASE-005807,Divorce & Matrimonial,Divorce Petition
CASE-005808,Tax & GST,GST / Tax Assessment Appeal
CASE-005809,Insolvency & Bankruptcy,Corporate Insolvency Resolution
CASE-005810,Corporate & Commercial,Commercial Contract Dispute
CASE-005811,Cybercrime & IT,Online Fraud / Cybercrime
CASE-005812,Education Law,Student Admission / Examination Dispute
CASE-005813,Intellectual Property,Trademark Infringement
CASE-005814,Tax & GST,GST / Tax Assessment Appeal
CASE-005815,Tax & GST,GST / Tax Assessment Appeal
CASE-005816,Education Law,Student Admission / Examination Dispute
CASE-005817,Human Rights & PIL,Public Interest Litigation
CASE-005818,Intellectual Property,Trademark Infringement
CASE-005819,White Collar Crime,Money Laundering / Corruption Case
CASE-005820,Media & Defamation,Defamation Suit
CASE-005821,Education Law,Student Admission / Examination Dispute
CASE-005822,Property & Land,Property / Partition Suit
CASE-005823,Corporate & Commercial,Commercial Contract Dispute
CASE-005824,Child Protection,POCSO / Child Protection Proceeding
CASE-005825,Family & Succession,Inheritance / Probate
CASE-005826,Employment & Labour,Wrongful Termination
CASE-005827,Family & Succession,Inheritance / Probate
CASE-005828,Cybercrime & IT,Online Fraud / Cybercrime
CASE-005829,Motor Accident Claims,Motor Accident Compensation Claim
CASE-005830,Contract & Agreement,Breach of Contract / Specific Performance
CASE-005831,Insolvency & Bankruptcy,Corporate Insolvency Resolution
CASE-005832,Corporate & Commercial,Commercial Contract Dispute
CASE-005833,Human Rights & PIL,Public Interest Litigation
CASE-005834,Consumer Protection,Deficiency in Service Complaint
CASE-005835,Data Privacy,Personal Data Misuse / Privacy Petition
CASE-005836,Motor Accident Claims,Motor Accident Compensation Claim
CASE-005837,Immigration & Citizenship,Citizenship / Passport Matter
CASE-005838,Arbitration,Arbitral Award Challenge
CASE-005839,Real Estate & Housing,Builder-Buyer / RERA Dispute
CASE-005840,Data Privacy,Personal Data Misuse / Privacy Petition
CASE-005841,Banking & Finance,Loan Recovery / Cheque Dishonour
CASE-005842,Banking & Finance,Loan Recovery / Cheque Dishonour
CASE-005843,Insolvency & Bankruptcy,Corporate Insolvency Resolution
CASE-005844,Medical Negligence,Medical Negligence Complaint
CASE-005845,Immigration & Citizenship,Citizenship / Passport Matter
CASE-005846,Medical Negligence,Medical Negligence Complaint
CASE-005847,Real Estate & Housing,Builder-Buyer / RERA Dispute
CASE-005848,Criminal Law,Criminal Trial
CASE-005849,Medical Negligence,Medical Negligence Complaint
CASE-005850,Employment & Labour,Wrongful Termination
CASE-005851,Motor Accident Claims,Motor Accident Compensation Claim
CASE-005852,Medical Negligence,Medical Negligence Complaint
CASE-005853,Education Law,Student Admission / Examination Dispute
CASE-005854,Family & Succession,Inheritance / Probate
CASE-005855,Data Privacy,Personal Data Misuse / Privacy Petition
CASE-005856,Media & Defamation,Defamation Suit
CASE-005857,Divorce & Matrimonial,Divorce Petition
CASE-005858,Divorce & Matrimonial,Divorce Petition
CASE-005859,Immigration & Citizenship,Citizenship / Passport Matter
CASE-005860,Environmental Law,Environmental Clearance Challenge
CASE-005861,Criminal Law,Criminal Trial
CASE-005862,White Collar Crime,Money Laundering / Corruption Case
CASE-005863,Family & Succession,Inheritance / Probate
CASE-005864,Intellectual Property,Trademark Infringement
CASE-005865,Constitutional Law,Writ / Fundamental Rights Petition
CASE-005866,Tax & GST,GST / Tax Assessment Appeal
CASE-005867,Data Privacy,Personal Data Misuse / Privacy Petition
CASE-005868,Banking & Finance,Loan Recovery / Cheque Dishonour
CASE-005869,Child Protection,POCSO / Child Protection Proceeding
CASE-005870,Family & Succession,Inheritance / Probate
CASE-005871,Banking & Finance,Loan Recovery / Cheque Dishonour
CASE-005872,Intellectual Property,Trademark Infringement
CASE-005873,Arbitration,Arbitral Award Challenge
CASE-005874,Consumer Protection,Deficiency in Service Complaint
CASE-005875,Insolvency & Bankruptcy,Corporate Insolvency Resolution
CASE-005876,Cybercrime & IT,Online Fraud / Cybercrime
CASE-005877,Real Estate & Housing,Builder-Buyer / RERA Dispute
CASE-005878,Family & Succession,Inheritance / Probate
CASE-005879,Criminal Law,Criminal Trial
CASE-005880,Banking & Finance,Loan Recovery / Cheque Dishonour
CASE-005881,Human Rights & PIL,Public Interest Litigation
CASE-005882,Administrative Law,Administrative Order Challenge
CASE-005883,Medical Negligence,Medical Negligence Complaint
CASE-005884,Divorce & Matrimonial,Divorce Petition
CASE-005885,Insolvency & Bankruptcy,Corporate Insolvency Resolution
CASE-005886,Administrative Law,Administrative Order Challenge
CASE-005887,Media & Defamation,Defamation Suit
CASE-005888,Child Protection,POCSO / Child Protection Proceeding
CASE-005889,Insolvency & Bankruptcy,Corporate Insolvency Resolution
CASE-005890,Environmental Law,Environmental Clearance Challenge
CASE-005891,Contract & Agreement,Breach of Contract / Specific Performance
CASE-005892,Environmental Law,Environmental Clearance Challenge
CASE-005893,Environmental Law,Environmental Clearance Challenge
CASE-005894,White Collar Crime,Money Laundering / Corruption Case
CASE-005895,Consumer Protection,Deficiency in Service Complaint
CASE-005896,Medical Negligence,Medical Negligence Complaint
CASE-005897,Media & Defamation,Defamation Suit
CASE-005898,Administrative Law,Administrative Order Challenge
CASE-005899,Immigration & Citizenship,Citizenship / Passport Matter
CASE-005900,Media & Defamation,Defamation Suit
CASE-005901,Media & Defamation,Defamation Suit
CASE-005902,Intellectual Property,Trademark Infringement
CASE-005903,Education Law,Student Admission / Examination Dispute
CASE-005904,Banking & Finance,Loan Recovery / Cheque Dishonour
CASE-005905,Child Protection,POCSO / Child Protection Proceeding
CASE-005906,Real Estate & Housing,Builder-Buyer / RERA Dispute
CASE-005907,Tax & GST,GST / Tax Assessment Appeal
CASE-005908,Environmental Law,Environmental Clearance Challenge
CASE-005909,Employment & Labour,Wrongful Termination
CASE-005910,Consumer Protection,Deficiency in Service Complaint
CASE-005911,Contract & Agreement,Breach of Contract / Specific Performance
CASE-005912,White Collar Crime,Money Laundering / Corruption Case
CASE-005913,Education Law,Student Admission / Examination Dispute
CASE-005914,Employment & Labour,Wrongful Termination
CASE-005915,Medical Negligence,Medical Negligence Complaint
CASE-005916,Banking & Finance,Loan Recovery / Cheque Dishonour
CASE-005917,Motor Accident Claims,Motor Accident Compensation Claim
CASE-005918,Arbitration,Arbitral Award Challenge
CASE-005919,Administrative Law,Administrative Order Challenge
CASE-005920,Medical Negligence,Medical Negligence Complaint
CASE-005921,Consumer Protection,Deficiency in Service Complaint
CASE-005922,Cybercrime & IT,Online Fraud / Cybercrime
CASE-005923,Human Rights & PIL,Public Interest Litigation
CASE-005924,Consumer Protection,Deficiency in Service Complaint
CASE-005925,Family & Succession,Inheritance / Probate
CASE-005926,Environmental Law,Environmental Clearance Challenge
CASE-005927,Media & Defamation,Defamation Suit
CASE-005928,Intellectual Property,Trademark Infringement
CASE-005929,Consumer Protection,Deficiency in Service Complaint
CASE-005930,Arbitration,Arbitral Award Challenge
CASE-005931,Media & Defamation,Defamation Suit
CASE-005932,Arbitration,Arbitral Award Challenge
CASE-005933,Contract & Agreement,Breach of Contract / Specific Performance
CASE-005934,Cybercrime & IT,Online Fraud / Cybercrime
CASE-005935,Administrative Law,Administrative Order Challenge
CASE-005936,Insolvency & Bankruptcy,Corporate Insolvency Resolution
CASE-005937,Insolvency & Bankruptcy,Corporate Insolvency Resolution
CASE-005938,Child Protection,POCSO / Child Protection Proceeding
CASE-005939,Consumer Protection,Deficiency in Service Complaint
CASE-005940,Motor Accident Claims,Motor Accident Compensation Claim
CASE-005941,Criminal Law,Criminal Trial
CASE-005942,Insolvency & Bankruptcy,Corporate Insolvency Resolution
CASE-005943,Education Law,Student Admission / Examination Dispute
CASE-005944,Constitutional Law,Writ / Fundamental Rights Petition
CASE-005945,Criminal Law,Criminal Trial
CASE-005946,Property & Land,Property / Partition Suit
CASE-005947,Family & Succession,Inheritance / Probate
CASE-005948,Arbitration,Arbitral Award Challenge
CASE-005949,Property & Land,Property / Partition Suit
CASE-005950,Data Privacy,Personal Data Misuse / Privacy Petition
CASE-005951,Employment & Labour,Wrongful Termination
CASE-005952,Education Law,Student Admission / Examination Dispute
CASE-005953,Motor Accident Claims,Motor Accident Compensation Claim
CASE-005954,Data Privacy,Personal Data Misuse / Privacy Petition
CASE-005955,Criminal Law,Criminal Trial
CASE-005956,Intellectual Property,Trademark Infringement
CASE-005957,Constitutional Law,Writ / Fundamental Rights Petition
CASE-005958,Data Privacy,Personal Data Misuse / Privacy Petition
CASE-005959,Media & Defamation,Defamation Suit
CASE-005960,Tax & GST,GST / Tax Assessment Appeal
CASE-005961,Medical Negligence,Medical Negligence Complaint
CASE-005962,Property & Land,Property / Partition Suit
CASE-005963,Immigration & Citizenship,Citizenship / Passport Matter
CASE-005964,Cybercrime & IT,Online Fraud / Cybercrime
CASE-005965,Banking & Finance,Loan Recovery / Cheque Dishonour
CASE-005966,Immigration & Citizenship,Citizenship / Passport Matter
CASE-005967,Divorce & Matrimonial,Divorce Petition
CASE-005968,Consumer Protection,Deficiency in Service Complaint
CASE-005969,Employment & Labour,Wrongful Termination
CASE-005970,Constitutional Law,Writ / Fundamental Rights Petition
CASE-005971,Insolvency & Bankruptcy,Corporate Insolvency Resolution
CASE-005972,Criminal Law,Criminal Trial
CASE-005973,White Collar Crime,Money Laundering / Corruption Case
CASE-005974,Arbitration,Arbitral Award Challenge
CASE-005975,Medical Negligence,Medical Negligence Complaint
CASE-005976,Corporate & Commercial,Commercial Contract Dispute
CASE-005977,Criminal Law,Criminal Trial
CASE-005978,Education Law,Student Admission / Examination Dispute
CASE-005979,Immigration & Citizenship,Citizenship / Passport Matter
CASE-005980,Motor Accident Claims,Motor Accident Compensation Claim
CASE-005981,Education Law,Student Admission / Examination Dispute
CASE-005982,Child Protection,POCSO / Child Protection Proceeding
CASE-005983,Child Protection,POCSO / Child Protection Proceeding
CASE-005984,Property & Land,Property / Partition Suit
CASE-005985,Motor Accident Claims,Motor Accident Compensation Claim
CASE-005986,Environmental Law,Environmental Clearance Challenge
CASE-005987,Property & Land,Property / Partition Suit
CASE-005988,Immigration & Citizenship,Citizenship / Passport Matter
CASE-005989,Immigration & Citizenship,Citizenship / Passport Matter
CASE-005990,Insolvency & Bankruptcy,Corporate Insolvency Resolution
CASE-005991,Banking & Finance,Loan Recovery / Cheque Dishonour
CASE-005992,Medical Negligence,Medical Negligence Complaint
CASE-005993,Human Rights & PIL,Public Interest Litigation
CASE-005994,Banking & Finance,Loan Recovery / Cheque Dishonour
CASE-005995,Constitutional Law,Writ / Fundamental Rights Petition
CASE-005996,Administrative Law,Administrative Order Challenge
CASE-005997,Corporate & Commercial,Commercial Contract Dispute
CASE-005998,Corporate & Commercial,Commercial Contract Dispute
CASE-005999,Employment & Labour,Wrongful Termination
CASE-006000,Consumer Protection,Deficiency in Service Complaint
CASE-006001,Child Protection,POCSO / Child Protection Proceeding
CASE-006002,Intellectual Property,Trademark Infringement
CASE-006003,Administrative Law,Administrative Order Challenge
CASE-006004,Education Law,Student Admission / Examination Dispute
CASE-006005,Human Rights & PIL,Public Interest Litigation
CASE-006006,Intellectual Property,Trademark Infringement
CASE-006007,Child Protection,POCSO / Child Protection Proceeding
CASE-006008,Family & Succession,Inheritance / Probate
CASE-006009,Education Law,Student Admission / Examination Dispute
CASE-006010,Media & Defamation,Defamation Suit
CASE-006011,Motor Accident Claims,Motor Accident Compensation Claim
CASE-006012,Arbitration,Arbitral Award Challenge
CASE-006013,Employment & Labour,Wrongful Termination
CASE-006014,Family & Succession,Inheritance / Probate
CASE-006015,Banking & Finance,Loan Recovery / Cheque Dishonour
CASE-006016,Human Rights & PIL,Public Interest Litigation
CASE-006017,Medical Negligence,Medical Negligence Complaint
CASE-006018,White Collar Crime,Money Laundering / Corruption Case
CASE-006019,White Collar Crime,Money Laundering / Corruption Case
CASE-006020,Intellectual Property,Trademark Infringement
CASE-006021,Constitutional Law,Writ / Fundamental Rights Petition
CASE-006022,Divorce & Matrimonial,Divorce Petition
CASE-006023,Criminal Law,Criminal Trial
CASE-006024,White Collar Crime,Money Laundering / Corruption Case
CASE-006025,Property & Land,Property / Partition Suit
CASE-006026,Motor Accident Claims,Motor Accident Compensation Claim
CASE-006027,Property & Land,Property / Partition Suit
CASE-006028,Administrative Law,Administrative Order Challenge
CASE-006029,Media & Defamation,Defamation Suit
CASE-006030,Human Rights & PIL,Public Interest Litigation
CASE-006031,Human Rights & PIL,Public Interest Litigation
CASE-006032,Motor Accident Claims,Motor Accident Compensation Claim
CASE-006033,Employment & Labour,Wrongful Termination
CASE-006034,Administrative Law,Administrative Order Challenge
CASE-006035,Constitutional Law,Writ / Fundamental Rights Petition
CASE-006036,Immigration & Citizenship,Citizenship / Passport Matter
CASE-006037,Divorce & Matrimonial,Divorce Petition
CASE-006038,Medical Negligence,Medical Negligence Complaint
CASE-006039,Intellectual Property,Trademark Infringement
CASE-006040,Immigration & Citizenship,Citizenship / Passport Matter
CASE-006041,Family & Succession,Inheritance / Probate
CASE-006042,Employment & Labour,Wrongful Termination
CASE-006043,Banking & Finance,Loan Recovery / Cheque Dishonour
CASE-006044,Family & Succession,Inheritance / Probate
CASE-006045,Criminal Law,Criminal Trial
CASE-006046,Child Protection,POCSO / Child Protection Proceeding
CASE-006047,Environmental Law,Environmental Clearance Challenge
CASE-006048,Criminal Law,Criminal Trial
CASE-006049,Family & Succession,Inheritance / Probate
CASE-006050,Corporate & Commercial,Commercial Contract Dispute
CASE-006051,Environmental Law,Environmental Clearance Challenge
CASE-006052,Contract & Agreement,Breach of Contract / Specific Performance
CASE-006053,Criminal Law,Criminal Trial
CASE-006054,Contract & Agreement,Breach of Contract / Specific Performance
CASE-006055,Medical Negligence,Medical Negligence Complaint
CASE-006056,Medical Negligence,Medical Negligence Complaint
CASE-006057,Environmental Law,Environmental Clearance Challenge
CASE-006058,Environmental Law,Environmental Clearance Challenge
CASE-006059,Motor Accident Claims,Motor Accident Compensation Claim
CASE-006060,Real Estate & Housing,Builder-Buyer / RERA Dispute
CASE-006061,Property & Land,Property / Partition Suit
CASE-006062,Motor Accident Claims,Motor Accident Compensation Claim
CASE-006063,Medical Negligence,Medical Negligence Complaint
CASE-006064,Medical Negligence,Medical Negligence Complaint
CASE-006065,Medical Negligence,Medical Negligence Complaint
CASE-006066,Data Privacy,Personal Data Misuse / Privacy Petition
CASE-006067,Environmental Law,Environmental Clearance Challenge
CASE-006068,Immigration & Citizenship,Citizenship / Passport Matter
CASE-006069,Child Protection,POCSO / Child Protection Proceeding
CASE-006070,Employment & Labour,Wrongful Termination
CASE-006071,Motor Accident Claims,Motor Accident Compensation Claim
CASE-006072,Intellectual Property,Trademark Infringement
CASE-006073,Banking & Finance,Loan Recovery / Cheque Dishonour
CASE-006074,Employment & Labour,Wrongful Termination
CASE-006075,Banking & Finance,Loan Recovery / Cheque Dishonour
CASE-006076,Data Privacy,Personal Data Misuse / Privacy Petition
CASE-006077,Motor Accident Claims,Motor Accident Compensation Claim
CASE-006078,Immigration & Citizenship,Citizenship / Passport Matter
CASE-006079,Family & Succession,Inheritance / Probate
CASE-006080,Environmental Law,Environmental Clearance Challenge
CASE-006081,Consumer Protection,Deficiency in Service Complaint
CASE-006082,Intellectual Property,Trademark Infringement
CASE-006083,Contract & Agreement,Breach of Contract / Specific Performance
CASE-006084,Divorce & Matrimonial,Divorce Petition
CASE-006085,Consumer Protection,Deficiency in Service Complaint
CASE-006086,Real Estate & Housing,Builder-Buyer / RERA Dispute
CASE-006087,Real Estate & Housing,Builder-Buyer / RERA Dispute
CASE-006088,Contract & Agreement,Breach of Contract / Specific Performance
CASE-006089,Administrative Law,Administrative Order Challenge
CASE-006090,Medical Negligence,Medical Negligence Complaint
CASE-006091,Banking & Finance,Loan Recovery / Cheque Dishonour
CASE-006092,Arbitration,Arbitral Award Challenge
CASE-006093,Corporate & Commercial,Commercial Contract Dispute
CASE-006094,Human Rights & PIL,Public Interest Litigation
CASE-006095,Tax & GST,GST / Tax Assessment Appeal
CASE-006096,Media & Defamation,Defamation Suit
CASE-006097,Banking & Finance,Loan Recovery / Cheque Dishonour
CASE-006098,Tax & GST,GST / Tax Assessment Appeal
CASE-006099,Environmental Law,Environmental Clearance Challenge
CASE-006100,Criminal Law,Criminal Trial
CASE-006101,Criminal Law,Criminal Trial
CASE-006102,Motor Accident Claims,Motor Accident Compensation Claim
CASE-006103,Banking & Finance,Loan Recovery / Cheque Dishonour
CASE-006104,Media & Defamation,Defamation Suit
CASE-006105,Property & Land,Property / Partition Suit
CASE-006106,Divorce & Matrimonial,Divorce Petition
CASE-006107,Education Law,Student Admission / Examination Dispute
CASE-006108,White Collar Crime,Money Laundering / Corruption Case
CASE-006109,Divorce & Matrimonial,Divorce Petition
CASE-006110,Family & Succession,Inheritance / Probate
CASE-006111,Property & Land,Property / Partition Suit
CASE-006112,Cybercrime & IT,Online Fraud / Cybercrime
CASE-006113,Tax & GST,GST / Tax Assessment Appeal
CASE-006114,Intellectual Property,Trademark Infringement
CASE-006115,Family & Succession,Inheritance / Probate
CASE-006116,Real Estate & Housing,Builder-Buyer / RERA Dispute
CASE-006117,Real Estate & Housing,Builder-Buyer / RERA Dispute
CASE-006118,Administrative Law,Administrative Order Challenge
CASE-006119,Education Law,Student Admission / Examination Dispute
CASE-006120,Intellectual Property,Trademark Infringement
CASE-006121,Banking & Finance,Loan Recovery / Cheque Dishonour
CASE-006122,White Collar Crime,Money Laundering / Corruption Case
CASE-006123,Family & Succession,Inheritance / Probate
CASE-006124,Intellectual Property,Trademark Infringement
CASE-006125,Arbitration,Arbitral Award Challenge
CASE-006126,Family & Succession,Inheritance / Probate
CASE-006127,Immigration & Citizenship,Citizenship / Passport Matter
CASE-006128,Divorce & Matrimonial,Divorce Petition
CASE-006129,Environmental Law,Environmental Clearance Challenge
CASE-006130,Data Privacy,Personal Data Misuse / Privacy Petition
CASE-006131,Property & Land,Property / Partition Suit
CASE-006132,Administrative Law,Administrative Order Challenge
CASE-006133,Arbitration,Arbitral Award Challenge
CASE-006134,Insolvency & Bankruptcy,Corporate Insolvency Resolution
CASE-006135,Contract & Agreement,Breach of Contract / Specific Performance
CASE-006136,Human Rights & PIL,Public Interest Litigation
CASE-006137,Constitutional Law,Writ / Fundamental Rights Petition
CASE-006138,Constitutional Law,Writ / Fundamental Rights Petition
CASE-006139,Real Estate & Housing,Builder-Buyer / RERA Dispute
CASE-006140,Corporate & Commercial,Commercial Contract Dispute
CASE-006141,Cybercrime & IT,Online Fraud / Cybercrime
CASE-006142,Employment & Labour,Wrongful Termination
CASE-006143,Banking & Finance,Loan Recovery / Cheque Dishonour
CASE-006144,Human Rights & PIL,Public Interest Litigation
CASE-006145,Data Privacy,Personal Data Misuse / Privacy Petition
CASE-006146,Consumer Protection,Deficiency in Service Complaint
CASE-006147,Child Protection,POCSO / Child Protection Proceeding
CASE-006148,Arbitration,Arbitral Award Challenge
CASE-006149,Insolvency & Bankruptcy,Corporate Insolvency Resolution
CASE-006150,Family & Succession,Inheritance / Probate
CASE-006151,Cybercrime & IT,Online Fraud / Cybercrime
CASE-006152,Data Privacy,Personal Data Misuse / Privacy Petition
CASE-006153,Human Rights & PIL,Public Interest Litigation
CASE-006154,Corporate & Commercial,Commercial Contract Dispute
CASE-006155,Family & Succession,Inheritance / Probate
CASE-006156,Data Privacy,Personal Data Misuse / Privacy Petition
CASE-006157,Motor Accident Claims,Motor Accident Compensation Claim
CASE-006158,Divorce & Matrimonial,Divorce Petition
CASE-006159,Motor Accident Claims,Motor Accident Compensation Claim
CASE-006160,Employment & Labour,Wrongful Termination
CASE-006161,Immigration & Citizenship,Citizenship / Passport Matter
CASE-006162,Immigration & Citizenship,Citizenship / Passport Matter
CASE-006163,Corporate & Commercial,Commercial Contract Dispute
CASE-006164,White Collar Crime,Money Laundering / Corruption Case
CASE-006165,Motor Accident Claims,Motor Accident Compensation Claim
CASE-006166,Data Privacy,Personal Data Misuse / Privacy Petition
CASE-006167,Immigration & Citizenship,Citizenship / Passport Matter
CASE-006168,Education Law,Student Admission / Examination Dispute
CASE-006169,Real Estate & Housing,Builder-Buyer / RERA Dispute
CASE-006170,Real Estate & Housing,Builder-Buyer / RERA Dispute
CASE-006171,Education Law,Student Admission / Examination Dispute
CASE-006172,Contract & Agreement,Breach of Contract / Specific Performance
CASE-006173,Cybercrime & IT,Online Fraud / Cybercrime
CASE-006174,Contract & Agreement,Breach of Contract / Specific Performance
CASE-006175,Employment & Labour,Wrongful Termination
CASE-006176,Contract & Agreement,Breach of Contract / Specific Performance
CASE-006177,Data Privacy,Personal Data Misuse / Privacy Petition
CASE-006178,Contract & Agreement,Breach of Contract / Specific Performance
CASE-006179,Medical Negligence,Medical Negligence Complaint
CASE-006180,Banking & Finance,Loan Recovery / Cheque Dishonour
CASE-006181,Family & Succession,Inheritance / Probate
CASE-006182,Medical Negligence,Medical Negligence Complaint
CASE-006183,Corporate & Commercial,Commercial Contract Dispute
CASE-006184,Tax & GST,GST / Tax Assessment Appeal
CASE-006185,Education Law,Student Admission / Examination Dispute
CASE-006186,Corporate & Commercial,Commercial Contract Dispute
CASE-006187,Arbitration,Arbitral Award Challenge
CASE-006188,Human Rights & PIL,Public Interest Litigation
CASE-006189,Data Privacy,Personal Data Misuse / Privacy Petition
CASE-006190,Insolvency & Bankruptcy,Corporate Insolvency Resolution
CASE-006191,Immigration & Citizenship,Citizenship / Passport Matter
CASE-006192,Divorce & Matrimonial,Divorce Petition
CASE-006193,Environmental Law,Environmental Clearance Challenge
CASE-006194,Banking & Finance,Loan Recovery / Cheque Dishonour
CASE-006195,White Collar Crime,Money Laundering / Corruption Case
CASE-006196,Property & Land,Property / Partition Suit
CASE-006197,Intellectual Property,Trademark Infringement
CASE-006198,Media & Defamation,Defamation Suit
CASE-006199,Education Law,Student Admission / Examination Dispute
CASE-006200,Insolvency & Bankruptcy,Corporate Insolvency Resolution
CASE-006201,Divorce & Matrimonial,Divorce Petition
CASE-006202,Corporate & Commercial,Commercial Contract Dispute
CASE-006203,Employment & Labour,Wrongful Termination
CASE-006204,White Collar Crime,Money Laundering / Corruption Case
CASE-006205,Contract & Agreement,Breach of Contract / Specific Performance
CASE-006206,Tax & GST,GST / Tax Assessment Appeal
CASE-006207,Administrative Law,Administrative Order Challenge
CASE-006208,Constitutional Law,Writ / Fundamental Rights Petition
CASE-006209,Cybercrime & IT,Online Fraud / Cybercrime
CASE-006210,Divorce & Matrimonial,Divorce Petition
CASE-006211,Immigration & Citizenship,Citizenship / Passport Matter
CASE-006212,Real Estate & Housing,Builder-Buyer / RERA Dispute
CASE-006213,Employment & Labour,Wrongful Termination
CASE-006214,Divorce & Matrimonial,Divorce Petition
CASE-006215,Banking & Finance,Loan Recovery / Cheque Dishonour
CASE-006216,Human Rights & PIL,Public Interest Litigation
CASE-006217,Human Rights & PIL,Public Interest Litigation
CASE-006218,Environmental Law,Environmental Clearance Challenge
CASE-006219,Constitutional Law,Writ / Fundamental Rights Petition
CASE-006220,Contract & Agreement,Breach of Contract / Specific Performance
CASE-006221,Family & Succession,Inheritance / Probate
CASE-006222,Tax & GST,GST / Tax Assessment Appeal
CASE-006223,Arbitration,Arbitral Award Challenge
CASE-006224,Consumer Protection,Deficiency in Service Complaint
CASE-006225,Media & Defamation,Defamation Suit
CASE-006226,Insolvency & Bankruptcy,Corporate Insolvency Resolution
CASE-006227,Banking & Finance,Loan Recovery / Cheque Dishonour
CASE-006228,Cybercrime & IT,Online Fraud / Cybercrime
CASE-006229,Insolvency & Bankruptcy,Corporate Insolvency Resolution
CASE-006230,Medical Negligence,Medical Negligence Complaint
CASE-006231,Divorce & Matrimonial,Divorce Petition
CASE-006232,Real Estate & Housing,Builder-Buyer / RERA Dispute
CASE-006233,Real Estate & Housing,Builder-Buyer / RERA Dispute
CASE-006234,Property & Land,Property / Partition Suit
CASE-006235,Divorce & Matrimonial,Divorce Petition
CASE-006236,Motor Accident Claims,Motor Accident Compensation Claim
CASE-006237,Property & Land,Property / Partition Suit
CASE-006238,Tax & GST,GST / Tax Assessment Appeal
CASE-006239,Immigration & Citizenship,Citizenship / Passport Matter
CASE-006240,Contract & Agreement,Breach of Contract / Specific Performance
CASE-006241,Media & Defamation,Defamation Suit
CASE-006242,Criminal Law,Criminal Trial
CASE-006243,Criminal Law,Criminal Trial
CASE-006244,Family & Succession,Inheritance / Probate
CASE-006245,Intellectual Property,Trademark Infringement
CASE-006246,Education Law,Student Admission / Examination Dispute
CASE-006247,Medical Negligence,Medical Negligence Complaint
CASE-006248,Human Rights & PIL,Public Interest Litigation
CASE-006249,Constitutional Law,Writ / Fundamental Rights Petition
CASE-006250,Real Estate & Housing,Builder-Buyer / RERA Dispute
CASE-006251,Human Rights & PIL,Public Interest Litigation
CASE-006252,Education Law,Student Admission / Examination Dispute
CASE-006253,Medical Negligence,Medical Negligence Complaint
CASE-006254,Medical Negligence,Medical Negligence Complaint
CASE-006255,Motor Accident Claims,Motor Accident Compensation Claim
CASE-006256,Data Privacy,Personal Data Misuse / Privacy Petition
CASE-006257,Family & Succession,Inheritance / Probate
CASE-006258,White Collar Crime,Money Laundering / Corruption Case
CASE-006259,Cybercrime & IT,Online Fraud / Cybercrime
CASE-006260,White Collar Crime,Money Laundering / Corruption Case
CASE-006261,Employment & Labour,Wrongful Termination
CASE-006262,Consumer Protection,Deficiency in Service Complaint
CASE-006263,Arbitration,Arbitral Award Challenge
CASE-006264,Employment & Labour,Wrongful Termination
CASE-006265,White Collar Crime,Money Laundering / Corruption Case
CASE-006266,White Collar Crime,Money Laundering / Corruption Case
CASE-006267,Consumer Protection,Deficiency in Service Complaint
CASE-006268,White Collar Crime,Money Laundering / Corruption Case
CASE-006269,Motor Accident Claims,Motor Accident Compensation Claim
CASE-006270,Immigration & Citizenship,Citizenship / Passport Matter
CASE-006271,Constitutional Law,Writ / Fundamental Rights Petition
CASE-006272,Education Law,Student Admission / Examination Dispute
CASE-006273,Immigration & Citizenship,Citizenship / Passport Matter
CASE-006274,Data Privacy,Personal Data Misuse / Privacy Petition
CASE-006275,Consumer Protection,Deficiency in Service Complaint
CASE-006276,Immigration & Citizenship,Citizenship / Passport Matter
CASE-006277,Contract & Agreement,Breach of Contract / Specific Performance
CASE-006278,Divorce & Matrimonial,Divorce Petition
CASE-006279,Corporate & Commercial,Commercial Contract Dispute
CASE-006280,Human Rights & PIL,Public Interest Litigation
CASE-006281,Data Privacy,Personal Data Misuse / Privacy Petition
CASE-006282,Banking & Finance,Loan Recovery / Cheque Dishonour
CASE-006283,Banking & Finance,Loan Recovery / Cheque Dishonour
CASE-006284,Immigration & Citizenship,Citizenship / Passport Matter
CASE-006285,Data Privacy,Personal Data Misuse / Privacy Petition
CASE-006286,Education Law,Student Admission / Examination Dispute
CASE-006287,White Collar Crime,Money Laundering / Corruption Case
CASE-006288,Medical Negligence,Medical Negligence Complaint
CASE-006289,Education Law,Student Admission / Examination Dispute
CASE-006290,Banking & Finance,Loan Recovery / Cheque Dishonour
CASE-006291,Intellectual Property,Trademark Infringement
CASE-006292,Motor Accident Claims,Motor Accident Compensation Claim
CASE-006293,Divorce & Matrimonial,Divorce Petition
CASE-006294,Real Estate & Housing,Builder-Buyer / RERA Dispute
CASE-006295,Contract & Agreement,Breach of Contract / Specific Performance
CASE-006296,Property & Land,Property / Partition Suit
CASE-006297,Divorce & Matrimonial,Divorce Petition
CASE-006298,Constitutional Law,Writ / Fundamental Rights Petition
CASE-006299,Human Rights & PIL,Public Interest Litigation
CASE-006300,Consumer Protection,Deficiency in Service Complaint
CASE-006301,Real Estate & Housing,Builder-Buyer / RERA Dispute
CASE-006302,Insolvency & Bankruptcy,Corporate Insolvency Resolution
CASE-006303,Property & Land,Property / Partition Suit
CASE-006304,Medical Negligence,Medical Negligence Complaint
CASE-006305,Employment & Labour,Wrongful Termination
CASE-006306,Human Rights & PIL,Public Interest Litigation
CASE-006307,Media & Defamation,Defamation Suit
CASE-006308,Environmental Law,Environmental Clearance Challenge
CASE-006309,Divorce & Matrimonial,Divorce Petition
CASE-006310,Child Protection,POCSO / Child Protection Proceeding
CASE-006311,Contract & Agreement,Breach of Contract / Specific Performance
CASE-006312,Banking & Finance,Loan Recovery / Cheque Dishonour
CASE-006313,Motor Accident Claims,Motor Accident Compensation Claim
CASE-006314,Human Rights & PIL,Public Interest Litigation
CASE-006315,Banking & Finance,Loan Recovery / Cheque Dishonour
CASE-006316,Constitutional Law,Writ / Fundamental Rights Petition
CASE-006317,Education Law,Student Admission / Examination Dispute
CASE-006318,Consumer Protection,Deficiency in Service Complaint
CASE-006319,Family & Succession,Inheritance / Probate
CASE-006320,Consumer Protection,Deficiency in Service Complaint
CASE-006321,White Collar Crime,Money Laundering / Corruption Case
CASE-006322,Administrative Law,Administrative Order Challenge
CASE-006323,Corporate & Commercial,Commercial Contract Dispute
CASE-006324,Corporate & Commercial,Commercial Contract Dispute
CASE-006325,Employment & Labour,Wrongful Termination
CASE-006326,White Collar Crime,Money Laundering / Corruption Case
CASE-006327,Motor Accident Claims,Motor Accident Compensation Claim
CASE-006328,Human Rights & PIL,Public Interest Litigation
CASE-006329,Human Rights & PIL,Public Interest Litigation
CASE-006330,Real Estate & Housing,Builder-Buyer / RERA Dispute
CASE-006331,Family & Succession,Inheritance / Probate
CASE-006332,Medical Negligence,Medical Negligence Complaint
CASE-006333,Consumer Protection,Deficiency in Service Complaint
CASE-006334,Divorce & Matrimonial,Divorce Petition
CASE-006335,Employment & Labour,Wrongful Termination
CASE-006336,Cybercrime & IT,Online Fraud / Cybercrime
CASE-006337,Insolvency & Bankruptcy,Corporate Insolvency Resolution
CASE-006338,Child Protection,POCSO / Child Protection Proceeding
CASE-006339,Tax & GST,GST / Tax Assessment Appeal
CASE-006340,Corporate & Commercial,Commercial Contract Dispute
CASE-006341,Property & Land,Property / Partition Suit
CASE-006342,Consumer Protection,Deficiency in Service Complaint
CASE-006343,Employment & Labour,Wrongful Termination
CASE-006344,Property & Land,Property / Partition Suit
CASE-006345,Insolvency & Bankruptcy,Corporate Insolvency Resolution
CASE-006346,Property & Land,Property / Partition Suit
CASE-006347,Banking & Finance,Loan Recovery / Cheque Dishonour
CASE-006348,Contract & Agreement,Breach of Contract / Specific Performance
CASE-006349,Employment & Labour,Wrongful Termination
CASE-006350,Immigration & Citizenship,Citizenship / Passport Matter
CASE-006351,Media & Defamation,Defamation Suit
CASE-006352,Administrative Law,Administrative Order Challenge
CASE-006353,Contract & Agreement,Breach of Contract / Specific Performance
CASE-006354,Employment & Labour,Wrongful Termination
CASE-006355,Real Estate & Housing,Builder-Buyer / RERA Dispute
CASE-006356,White Collar Crime,Money Laundering / Corruption Case
CASE-006357,Medical Negligence,Medical Negligence Complaint
CASE-006358,Family & Succession,Inheritance / Probate
CASE-006359,Intellectual Property,Trademark Infringement
CASE-006360,Immigration & Citizenship,Citizenship / Passport Matter
CASE-006361,Arbitration,Arbitral Award Challenge
CASE-006362,Administrative Law,Administrative Order Challenge
CASE-006363,Immigration & Citizenship,Citizenship / Passport Matter
CASE-006364,Intellectual Property,Trademark Infringement
CASE-006365,Cybercrime & IT,Online Fraud / Cybercrime
CASE-006366,Administrative Law,Administrative Order Challenge
CASE-006367,Insolvency & Bankruptcy,Corporate Insolvency Resolution
CASE-006368,Motor Accident Claims,Motor Accident Compensation Claim
CASE-006369,Education Law,Student Admission / Examination Dispute
CASE-006370,Contract & Agreement,Breach of Contract / Specific Performance
CASE-006371,Property & Land,Property / Partition Suit
CASE-006372,Tax & GST,GST / Tax Assessment Appeal
CASE-006373,Consumer Protection,Deficiency in Service Complaint
CASE-006374,Child Protection,POCSO / Child Protection Proceeding
CASE-006375,Arbitration,Arbitral Award Challenge
CASE-006376,Education Law,Student Admission / Examination Dispute
CASE-006377,Media & Defamation,Defamation Suit
CASE-006378,Data Privacy,Personal Data Misuse / Privacy Petition
CASE-006379,Media & Defamation,Defamation Suit
CASE-006380,Divorce & Matrimonial,Divorce Petition
CASE-006381,Employment & Labour,Wrongful Termination
CASE-006382,White Collar Crime,Money Laundering / Corruption Case
CASE-006383,Employment & Labour,Wrongful Termination
CASE-006384,Contract & Agreement,Breach of Contract / Specific Performance
CASE-006385,Corporate & Commercial,Commercial Contract Dispute
CASE-006386,Education Law,Student Admission / Examination Dispute
CASE-006387,Cybercrime & IT,Online Fraud / Cybercrime
CASE-006388,Cybercrime & IT,Online Fraud / Cybercrime
CASE-006389,Media & Defamation,Defamation Suit
CASE-006390,Administrative Law,Administrative Order Challenge
CASE-006391,Consumer Protection,Deficiency in Service Complaint
CASE-006392,Child Protection,POCSO / Child Protection Proceeding
CASE-006393,Data Privacy,Personal Data Misuse / Privacy Petition
CASE-006394,Insolvency & Bankruptcy,Corporate Insolvency Resolution
CASE-006395,Child Protection,POCSO / Child Protection Proceeding
CASE-006396,Administrative Law,Administrative Order Challenge
CASE-006397,Human Rights & PIL,Public Interest Litigation
CASE-006398,Cybercrime & IT,Online Fraud / Cybercrime
CASE-006399,Human Rights & PIL,Public Interest Litigation
CASE-006400,Family & Succession,Inheritance / Probate
CASE-006401,Employment & Labour,Wrongful Termination
CASE-006402,Medical Negligence,Medical Negligence Complaint
CASE-006403,Immigration & Citizenship,Citizenship / Passport Matter
CASE-006404,Banking & Finance,Loan Recovery / Cheque Dishonour
CASE-006405,Administrative Law,Administrative Order Challenge
CASE-006406,Child Protection,POCSO / Child Protection Proceeding
CASE-006407,Banking & Finance,Loan Recovery / Cheque Dishonour
CASE-006408,Arbitration,Arbitral Award Challenge
CASE-006409,Medical Negligence,Medical Negligence Complaint
CASE-006410,Medical Negligence,Medical Negligence Complaint
CASE-006411,Criminal Law,Criminal Trial
CASE-006412,Consumer Protection,Deficiency in Service Complaint
CASE-006413,Cybercrime & IT,Online Fraud / Cybercrime
CASE-006414,Constitutional Law,Writ / Fundamental Rights Petition
CASE-006415,Child Protection,POCSO / Child Protection Proceeding
CASE-006416,Medical Negligence,Medical Negligence Complaint
CASE-006417,Arbitration,Arbitral Award Challenge
CASE-006418,Administrative Law,Administrative Order Challenge
CASE-006419,Corporate & Commercial,Commercial Contract Dispute
CASE-006420,Child Protection,POCSO / Child Protection Proceeding
CASE-006421,Divorce & Matrimonial,Divorce Petition
CASE-006422,Property & Land,Property / Partition Suit
CASE-006423,Banking & Finance,Loan Recovery / Cheque Dishonour
CASE-006424,Family & Succession,Inheritance / Probate
CASE-006425,Banking & Finance,Loan Recovery / Cheque Dishonour
CASE-006426,Cybercrime & IT,Online Fraud / Cybercrime
CASE-006427,Consumer Protection,Deficiency in Service Complaint
CASE-006428,Immigration & Citizenship,Citizenship / Passport Matter
CASE-006429,Education Law,Student Admission / Examination Dispute
CASE-006430,Environmental Law,Environmental Clearance Challenge
CASE-006431,Education Law,Student Admission / Examination Dispute
CASE-006432,Criminal Law,Criminal Trial
CASE-006433,Contract & Agreement,Breach of Contract / Specific Performance
CASE-006434,Consumer Protection,Deficiency in Service Complaint
CASE-006435,White Collar Crime,Money Laundering / Corruption Case
CASE-006436,Environmental Law,Environmental Clearance Challenge
CASE-006437,Real Estate & Housing,Builder-Buyer / RERA Dispute
CASE-006438,Insolvency & Bankruptcy,Corporate Insolvency Resolution
CASE-006439,Motor Accident Claims,Motor Accident Compensation Claim
CASE-006440,Real Estate & Housing,Builder-Buyer / RERA Dispute
CASE-006441,Consumer Protection,Deficiency in Service Complaint
CASE-006442,Real Estate & Housing,Builder-Buyer / RERA Dispute
CASE-006443,Insolvency & Bankruptcy,Corporate Insolvency Resolution
CASE-006444,Administrative Law,Administrative Order Challenge
CASE-006445,Property & Land,Property / Partition Suit
CASE-006446,Corporate & Commercial,Commercial Contract Dispute
CASE-006447,Criminal Law,Criminal Trial
CASE-006448,Environmental Law,Environmental Clearance Challenge
CASE-006449,Employment & Labour,Wrongful Termination
CASE-006450,Medical Negligence,Medical Negligence Complaint
CASE-006451,Tax & GST,GST / Tax Assessment Appeal
CASE-006452,Media & Defamation,Defamation Suit
CASE-006453,Education Law,Student Admission / Examination Dispute
CASE-006454,Cybercrime & IT,Online Fraud / Cybercrime
CASE-006455,Criminal Law,Criminal Trial
CASE-006456,Divorce & Matrimonial,Divorce Petition
CASE-006457,Motor Accident Claims,Motor Accident Compensation Claim
CASE-006458,Motor Accident Claims,Motor Accident Compensation Claim
CASE-006459,Banking & Finance,Loan Recovery / Cheque Dishonour
CASE-006460,Banking & Finance,Loan Recovery / Cheque Dishonour
CASE-006461,White Collar Crime,Money Laundering / Corruption Case
CASE-006462,Administrative Law,Administrative Order Challenge
CASE-006463,Environmental Law,Environmental Clearance Challenge
CASE-006464,Cybercrime & IT,Online Fraud / Cybercrime
CASE-006465,Motor Accident Claims,Motor Accident Compensation Claim
CASE-006466,Employment & Labour,Wrongful Termination
CASE-006467,Education Law,Student Admission / Examination Dispute
CASE-006468,Media & Defamation,Defamation Suit
CASE-006469,Banking & Finance,Loan Recovery / Cheque Dishonour
CASE-006470,Motor Accident Claims,Motor Accident Compensation Claim
CASE-006471,Human Rights & PIL,Public Interest Litigation
CASE-006472,White Collar Crime,Money Laundering / Corruption Case
CASE-006473,Tax & GST,GST / Tax Assessment Appeal
CASE-006474,Banking & Finance,Loan Recovery / Cheque Dishonour
CASE-006475,Child Protection,POCSO / Child Protection Proceeding
CASE-006476,Human Rights & PIL,Public Interest Litigation
CASE-006477,Education Law,Student Admission / Examination Dispute
CASE-006478,Human Rights & PIL,Public Interest Litigation
CASE-006479,Contract & Agreement,Breach of Contract / Specific Performance
CASE-006480,Arbitration,Arbitral Award Challenge
CASE-006481,Immigration & Citizenship,Citizenship / Passport Matter
CASE-006482,Constitutional Law,Writ / Fundamental Rights Petition
CASE-006483,Media & Defamation,Defamation Suit
CASE-006484,Administrative Law,Administrative Order Challenge
CASE-006485,Data Privacy,Personal Data Misuse / Privacy Petition
CASE-006486,Child Protection,POCSO / Child Protection Proceeding
CASE-006487,Tax & GST,GST / Tax Assessment Appeal
CASE-006488,Arbitration,Arbitral Award Challenge
CASE-006489,Family & Succession,Inheritance / Probate
CASE-006490,Cybercrime & IT,Online Fraud / Cybercrime
CASE-006491,Education Law,Student Admission / Examination Dispute
CASE-006492,Property & Land,Property / Partition Suit
CASE-006493,Medical Negligence,Medical Negligence Complaint
CASE-006494,Motor Accident Claims,Motor Accident Compensation Claim
CASE-006495,Cybercrime & IT,Online Fraud / Cybercrime
CASE-006496,Divorce & Matrimonial,Divorce Petition
CASE-006497,Tax & GST,GST / Tax Assessment Appeal
CASE-006498,Criminal Law,Criminal Trial
CASE-006499,Data Privacy,Personal Data Misuse / Privacy Petition
CASE-006500,Cybercrime & IT,Online Fraud / Cybercrime
CASE-006501,Real Estate & Housing,Builder-Buyer / RERA Dispute
CASE-006502,Immigration & Citizenship,Citizenship / Passport Matter
CASE-006503,Education Law,Student Admission / Examination Dispute
CASE-006504,Motor Accident Claims,Motor Accident Compensation Claim
CASE-006505,Family & Succession,Inheritance / Probate
CASE-006506,Intellectual Property,Trademark Infringement
CASE-006507,Environmental Law,Environmental Clearance Challenge
CASE-006508,Motor Accident Claims,Motor Accident Compensation Claim
CASE-006509,Family & Succession,Inheritance / Probate
CASE-006510,Employment & Labour,Wrongful Termination
CASE-006511,Child Protection,POCSO / Child Protection Proceeding
CASE-006512,Motor Accident Claims,Motor Accident Compensation Claim
CASE-006513,Banking & Finance,Loan Recovery / Cheque Dishonour
CASE-006514,Corporate & Commercial,Commercial Contract Dispute
CASE-006515,Human Rights & PIL,Public Interest Litigation
CASE-006516,White Collar Crime,Money Laundering / Corruption Case
CASE-006517,Environmental Law,Environmental Clearance Challenge
CASE-006518,Corporate & Commercial,Commercial Contract Dispute
CASE-006519,Child Protection,POCSO / Child Protection Proceeding
CASE-006520,Cybercrime & IT,Online Fraud / Cybercrime
CASE-006521,Education Law,Student Admission / Examination Dispute
CASE-006522,Insolvency & Bankruptcy,Corporate Insolvency Resolution
CASE-006523,Education Law,Student Admission / Examination Dispute
CASE-006524,Data Privacy,Personal Data Misuse / Privacy Petition
CASE-006525,Arbitration,Arbitral Award Challenge
CASE-006526,Data Privacy,Personal Data Misuse / Privacy Petition
CASE-006527,Banking & Finance,Loan Recovery / Cheque Dishonour
CASE-006528,Environmental Law,Environmental Clearance Challenge
CASE-006529,Insolvency & Bankruptcy,Corporate Insolvency Resolution
CASE-006530,Tax & GST,GST / Tax Assessment Appeal
CASE-006531,Constitutional Law,Writ / Fundamental Rights Petition
CASE-006532,Human Rights & PIL,Public Interest Litigation
CASE-006533,Contract & Agreement,Breach of Contract / Specific Performance
CASE-006534,Immigration & Citizenship,Citizenship / Passport Matter
CASE-006535,White Collar Crime,Money Laundering / Corruption Case
CASE-006536,Intellectual Property,Trademark Infringement
CASE-006537,Medical Negligence,Medical Negligence Complaint
CASE-006538,Intellectual Property,Trademark Infringement
CASE-006539,Contract & Agreement,Breach of Contract / Specific Performance
CASE-006540,Cybercrime & IT,Online Fraud / Cybercrime
CASE-006541,Human Rights & PIL,Public Interest Litigation
CASE-006542,Human Rights & PIL,Public Interest Litigation
CASE-006543,Employment & Labour,Wrongful Termination
CASE-006544,Human Rights & PIL,Public Interest Litigation
CASE-006545,Employment & Labour,Wrongful Termination
CASE-006546,Family & Succession,Inheritance / Probate
CASE-006547,Constitutional Law,Writ / Fundamental Rights Petition
CASE-006548,Human Rights & PIL,Public Interest Litigation
CASE-006549,White Collar Crime,Money Laundering / Corruption Case
CASE-006550,Media & Defamation,Defamation Suit
CASE-006551,Tax & GST,GST / Tax Assessment Appeal
CASE-006552,Human Rights & PIL,Public Interest Litigation
CASE-006553,Corporate & Commercial,Commercial Contract Dispute
CASE-006554,Employment & Labour,Wrongful Termination
CASE-006555,Intellectual Property,Trademark Infringement
CASE-006556,Real Estate & Housing,Builder-Buyer / RERA Dispute
CASE-006557,Arbitration,Arbitral Award Challenge
CASE-006558,Human Rights & PIL,Public Interest Litigation
CASE-006559,Corporate & Commercial,Commercial Contract Dispute
CASE-006560,Administrative Law,Administrative Order Challenge
CASE-006561,Criminal Law,Criminal Trial
CASE-006562,Immigration & Citizenship,Citizenship / Passport Matter
CASE-006563,Divorce & Matrimonial,Divorce Petition
CASE-006564,Property & Land,Property / Partition Suit
CASE-006565,Intellectual Property,Trademark Infringement
CASE-006566,Banking & Finance,Loan Recovery / Cheque Dishonour
CASE-006567,Banking & Finance,Loan Recovery / Cheque Dishonour
CASE-006568,Administrative Law,Administrative Order Challenge
CASE-006569,Education Law,Student Admission / Examination Dispute
CASE-006570,Medical Negligence,Medical Negligence Complaint
CASE-006571,Property & Land,Property / Partition Suit
CASE-006572,Motor Accident Claims,Motor Accident Compensation Claim
CASE-006573,Insolvency & Bankruptcy,Corporate Insolvency Resolution
CASE-006574,Tax & GST,GST / Tax Assessment Appeal
CASE-006575,Environmental Law,Environmental Clearance Challenge
CASE-006576,Cybercrime & IT,Online Fraud / Cybercrime
CASE-006577,Education Law,Student Admission / Examination Dispute
CASE-006578,Corporate & Commercial,Commercial Contract Dispute
CASE-006579,Constitutional Law,Writ / Fundamental Rights Petition
CASE-006580,Administrative Law,Administrative Order Challenge
CASE-006581,Human Rights & PIL,Public Interest Litigation
CASE-006582,Child Protection,POCSO / Child Protection Proceeding
CASE-006583,Media & Defamation,Defamation Suit
CASE-006584,Corporate & Commercial,Commercial Contract Dispute
CASE-006585,Real Estate & Housing,Builder-Buyer / RERA Dispute
CASE-006586,Immigration & Citizenship,Citizenship / Passport Matter
CASE-006587,Criminal Law,Criminal Trial
CASE-006588,Contract & Agreement,Breach of Contract / Specific Performance
CASE-006589,Family & Succession,Inheritance / Probate
CASE-006590,Education Law,Student Admission / Examination Dispute
CASE-006591,Child Protection,POCSO / Child Protection Proceeding
CASE-006592,Corporate & Commercial,Commercial Contract Dispute
CASE-006593,Environmental Law,Environmental Clearance Challenge
CASE-006594,Constitutional Law,Writ / Fundamental Rights Petition
CASE-006595,Divorce & Matrimonial,Divorce Petition
CASE-006596,Consumer Protection,Deficiency in Service Complaint
CASE-006597,Immigration & Citizenship,Citizenship / Passport Matter
CASE-006598,Media & Defamation,Defamation Suit
CASE-006599,Property & Land,Property / Partition Suit
CASE-006600,Environmental Law,Environmental Clearance Challenge
CASE-006601,Environmental Law,Environmental Clearance Challenge
CASE-006602,Contract & Agreement,Breach of Contract / Specific Performance
CASE-006603,Intellectual Property,Trademark Infringement
CASE-006604,Banking & Finance,Loan Recovery / Cheque Dishonour
CASE-006605,Insolvency & Bankruptcy,Corporate Insolvency Resolution
CASE-006606,Motor Accident Claims,Motor Accident Compensation Claim
CASE-006607,Education Law,Student Admission / Examination Dispute
CASE-006608,Human Rights & PIL,Public Interest Litigation
CASE-006609,Media & Defamation,Defamation Suit
CASE-006610,Education Law,Student Admission / Examination Dispute
CASE-006611,Corporate & Commercial,Commercial Contract Dispute
CASE-006612,Consumer Protection,Deficiency in Service Complaint
CASE-006613,Family & Succession,Inheritance / Probate
CASE-006614,Immigration & Citizenship,Citizenship / Passport Matter
CASE-006615,Insolvency & Bankruptcy,Corporate Insolvency Resolution
CASE-006616,Cybercrime & IT,Online Fraud / Cybercrime
CASE-006617,Data Privacy,Personal Data Misuse / Privacy Petition
CASE-006618,Child Protection,POCSO / Child Protection Proceeding
CASE-006619,Environmental Law,Environmental Clearance Challenge
CASE-006620,Contract & Agreement,Breach of Contract / Specific Performance
CASE-006621,Contract & Agreement,Breach of Contract / Specific Performance
CASE-006622,Insolvency & Bankruptcy,Corporate Insolvency Resolution
CASE-006623,Data Privacy,Personal Data Misuse / Privacy Petition
CASE-006624,Banking & Finance,Loan Recovery / Cheque Dishonour
CASE-006625,Intellectual Property,Trademark Infringement
CASE-006626,Criminal Law,Criminal Trial
CASE-006627,White Collar Crime,Money Laundering / Corruption Case
CASE-006628,Human Rights & PIL,Public Interest Litigation
CASE-006629,Immigration & Citizenship,Citizenship / Passport Matter
CASE-006630,Human Rights & PIL,Public Interest Litigation
CASE-006631,Motor Accident Claims,Motor Accident Compensation Claim
CASE-006632,Immigration & Citizenship,Citizenship / Passport Matter
CASE-006633,Cybercrime & IT,Online Fraud / Cybercrime
CASE-006634,Immigration & Citizenship,Citizenship / Passport Matter
CASE-006635,Divorce & Matrimonial,Divorce Petition
CASE-006636,Intellectual Property,Trademark Infringement
CASE-006637,Real Estate & Housing,Builder-Buyer / RERA Dispute
CASE-006638,Media & Defamation,Defamation Suit
CASE-006639,Child Protection,POCSO / Child Protection Proceeding
CASE-006640,Immigration & Citizenship,Citizenship / Passport Matter
CASE-006641,Tax & GST,GST / Tax Assessment Appeal
CASE-006642,Banking & Finance,Loan Recovery / Cheque Dishonour
CASE-006643,Media & Defamation,Defamation Suit
CASE-006644,Administrative Law,Administrative Order Challenge
CASE-006645,Immigration & Citizenship,Citizenship / Passport Matter
CASE-006646,Arbitration,Arbitral Award Challenge
CASE-006647,Consumer Protection,Deficiency in Service Complaint
CASE-006648,Insolvency & Bankruptcy,Corporate Insolvency Resolution
CASE-006649,Education Law,Student Admission / Examination Dispute
CASE-006650,Child Protection,POCSO / Child Protection Proceeding
CASE-006651,Insolvency & Bankruptcy,Corporate Insolvency Resolution
CASE-006652,Tax & GST,GST / Tax Assessment Appeal
CASE-006653,Child Protection,POCSO / Child Protection Proceeding
CASE-006654,Corporate & Commercial,Commercial Contract Dispute
CASE-006655,Medical Negligence,Medical Negligence Complaint
CASE-006656,Consumer Protection,Deficiency in Service Complaint
CASE-006657,Education Law,Student Admission / Examination Dispute
CASE-006658,Banking & Finance,Loan Recovery / Cheque Dishonour
CASE-006659,Tax & GST,GST / Tax Assessment Appeal
CASE-006660,Data Privacy,Personal Data Misuse / Privacy Petition
CASE-006661,Education Law,Student Admission / Examination Dispute
CASE-006662,Data Privacy,Personal Data Misuse / Privacy Petition
CASE-006663,Divorce & Matrimonial,Divorce Petition
CASE-006664,Tax & GST,GST / Tax Assessment Appeal
CASE-006665,Human Rights & PIL,Public Interest Litigation
CASE-006666,Environmental Law,Environmental Clearance Challenge
CASE-006667,Divorce & Matrimonial,Divorce Petition
CASE-006668,Employment & Labour,Wrongful Termination
CASE-006669,Immigration & Citizenship,Citizenship / Passport Matter
CASE-006670,Medical Negligence,Medical Negligence Complaint
CASE-006671,Banking & Finance,Loan Recovery / Cheque Dishonour
CASE-006672,Constitutional Law,Writ / Fundamental Rights Petition
CASE-006673,Media & Defamation,Defamation Suit
CASE-006674,Arbitration,Arbitral Award Challenge
CASE-006675,Data Privacy,Personal Data Misuse / Privacy Petition
CASE-006676,Property & Land,Property / Partition Suit
CASE-006677,White Collar Crime,Money Laundering / Corruption Case
CASE-006678,Arbitration,Arbitral Award Challenge
CASE-006679,Constitutional Law,Writ / Fundamental Rights Petition
CASE-006680,Employment & Labour,Wrongful Termination
CASE-006681,Human Rights & PIL,Public Interest Litigation
CASE-006682,Intellectual Property,Trademark Infringement
CASE-006683,Administrative Law,Administrative Order Challenge
CASE-006684,Education Law,Student Admission / Examination Dispute
CASE-006685,Environmental Law,Environmental Clearance Challenge
CASE-006686,Cybercrime & IT,Online Fraud / Cybercrime
CASE-006687,Property & Land,Property / Partition Suit
CASE-006688,Family & Succession,Inheritance / Probate
CASE-006689,Property & Land,Property / Partition Suit
CASE-006690,Medical Negligence,Medical Negligence Complaint
CASE-006691,Corporate & Commercial,Commercial Contract Dispute
CASE-006692,Arbitration,Arbitral Award Challenge
CASE-006693,Real Estate & Housing,Builder-Buyer / RERA Dispute
CASE-006694,Divorce & Matrimonial,Divorce Petition
CASE-006695,Criminal Law,Criminal Trial
CASE-006696,Property & Land,Property / Partition Suit
CASE-006697,Tax & GST,GST / Tax Assessment Appeal
CASE-006698,Medical Negligence,Medical Negligence Complaint
CASE-006699,Education Law,Student Admission / Examination Dispute
CASE-006700,Media & Defamation,Defamation Suit
CASE-006701,Intellectual Property,Trademark Infringement
CASE-006702,Child Protection,POCSO / Child Protection Proceeding
CASE-006703,Education Law,Student Admission / Examination Dispute
CASE-006704,Corporate & Commercial,Commercial Contract Dispute
CASE-006705,Media & Defamation,Defamation Suit
CASE-006706,Banking & Finance,Loan Recovery / Cheque Dishonour
CASE-006707,Cybercrime & IT,Online Fraud / Cybercrime
CASE-006708,Intellectual Property,Trademark Infringement
CASE-006709,Banking & Finance,Loan Recovery / Cheque Dishonour
CASE-006710,Environmental Law,Environmental Clearance Challenge
CASE-006711,Administrative Law,Administrative Order Challenge
CASE-006712,Intellectual Property,Trademark Infringement
CASE-006713,Tax & GST,GST / Tax Assessment Appeal
CASE-006714,Intellectual Property,Trademark Infringement
CASE-006715,Banking & Finance,Loan Recovery / Cheque Dishonour
CASE-006716,Banking & Finance,Loan Recovery / Cheque Dishonour
CASE-006717,Data Privacy,Personal Data Misuse / Privacy Petition
CASE-006718,Banking & Finance,Loan Recovery / Cheque Dishonour
CASE-006719,Divorce & Matrimonial,Divorce Petition
CASE-006720,Constitutional Law,Writ / Fundamental Rights Petition
CASE-006721,Real Estate & Housing,Builder-Buyer / RERA Dispute
CASE-006722,Corporate & Commercial,Commercial Contract Dispute
CASE-006723,Property & Land,Property / Partition Suit
CASE-006724,White Collar Crime,Money Laundering / Corruption Case
CASE-006725,Family & Succession,Inheritance / Probate
CASE-006726,Education Law,Student Admission / Examination Dispute
CASE-006727,Motor Accident Claims,Motor Accident Compensation Claim
CASE-006728,Data Privacy,Personal Data Misuse / Privacy Petition
CASE-006729,White Collar Crime,Money Laundering / Corruption Case
CASE-006730,Child Protection,POCSO / Child Protection Proceeding
CASE-006731,Constitutional Law,Writ / Fundamental Rights Petition
CASE-006732,Immigration & Citizenship,Citizenship / Passport Matter
CASE-006733,Medical Negligence,Medical Negligence Complaint
CASE-006734,Banking & Finance,Loan Recovery / Cheque Dishonour
CASE-006735,Insolvency & Bankruptcy,Corporate Insolvency Resolution
CASE-006736,Tax & GST,GST / Tax Assessment Appeal
CASE-006737,Contract & Agreement,Breach of Contract / Specific Performance
CASE-006738,White Collar Crime,Money Laundering / Corruption Case
CASE-006739,Child Protection,POCSO / Child Protection Proceeding
CASE-006740,Arbitration,Arbitral Award Challenge
CASE-006741,Contract & Agreement,Breach of Contract / Specific Performance
CASE-006742,Data Privacy,Personal Data Misuse / Privacy Petition
CASE-006743,Intellectual Property,Trademark Infringement
CASE-006744,White Collar Crime,Money Laundering / Corruption Case
CASE-006745,Media & Defamation,Defamation Suit
CASE-006746,Divorce & Matrimonial,Divorce Petition
CASE-006747,White Collar Crime,Money Laundering / Corruption Case
CASE-006748,Property & Land,Property / Partition Suit
CASE-006749,Cybercrime & IT,Online Fraud / Cybercrime
CASE-006750,Employment & Labour,Wrongful Termination
CASE-006751,Divorce & Matrimonial,Divorce Petition
CASE-006752,Cybercrime & IT,Online Fraud / Cybercrime
CASE-006753,White Collar Crime,Money Laundering / Corruption Case
CASE-006754,Immigration & Citizenship,Citizenship / Passport Matter
CASE-006755,Property & Land,Property / Partition Suit
CASE-006756,White Collar Crime,Money Laundering / Corruption Case
CASE-006757,Human Rights & PIL,Public Interest Litigation
CASE-006758,Arbitration,Arbitral Award Challenge
CASE-006759,Banking & Finance,Loan Recovery / Cheque Dishonour
CASE-006760,White Collar Crime,Money Laundering / Corruption Case
CASE-006761,Education Law,Student Admission / Examination Dispute
CASE-006762,Human Rights & PIL,Public Interest Litigation
CASE-006763,Consumer Protection,Deficiency in Service Complaint
CASE-006764,Employment & Labour,Wrongful Termination
CASE-006765,Banking & Finance,Loan Recovery / Cheque Dishonour
CASE-006766,Education Law,Student Admission / Examination Dispute
CASE-006767,Property & Land,Property / Partition Suit
CASE-006768,Insolvency & Bankruptcy,Corporate Insolvency Resolution
CASE-006769,Motor Accident Claims,Motor Accident Compensation Claim
CASE-006770,Employment & Labour,Wrongful Termination
CASE-006771,Administrative Law,Administrative Order Challenge
CASE-006772,Property & Land,Property / Partition Suit
CASE-006773,Human Rights & PIL,Public Interest Litigation
CASE-006774,Administrative Law,Administrative Order Challenge
CASE-006775,Property & Land,Property / Partition Suit
CASE-006776,Intellectual Property,Trademark Infringement
CASE-006777,Tax & GST,GST / Tax Assessment Appeal
CASE-006778,Cybercrime & IT,Online Fraud / Cybercrime
CASE-006779,Cybercrime & IT,Online Fraud / Cybercrime
CASE-006780,Child Protection,POCSO / Child Protection Proceeding
CASE-006781,Criminal Law,Criminal Trial
CASE-006782,Insolvency & Bankruptcy,Corporate Insolvency Resolution
CASE-006783,Employment & Labour,Wrongful Termination
CASE-006784,Data Privacy,Personal Data Misuse / Privacy Petition
CASE-006785,Administrative Law,Administrative Order Challenge
CASE-006786,Employment & Labour,Wrongful Termination
CASE-006787,Intellectual Property,Trademark Infringement
CASE-006788,Motor Accident Claims,Motor Accident Compensation Claim
CASE-006789,Education Law,Student Admission / Examination Dispute
CASE-006790,Constitutional Law,Writ / Fundamental Rights Petition
CASE-006791,Banking & Finance,Loan Recovery / Cheque Dishonour
CASE-006792,Banking & Finance,Loan Recovery / Cheque Dishonour
CASE-006793,Contract & Agreement,Breach of Contract / Specific Performance
CASE-006794,Criminal Law,Criminal Trial
CASE-006795,Media & Defamation,Defamation Suit
CASE-006796,Motor Accident Claims,Motor Accident Compensation Claim
CASE-006797,White Collar Crime,Money Laundering / Corruption Case
CASE-006798,Immigration & Citizenship,Citizenship / Passport Matter
CASE-006799,Motor Accident Claims,Motor Accident Compensation Claim
CASE-006800,Intellectual Property,Trademark Infringement
CASE-006801,Motor Accident Claims,Motor Accident Compensation Claim
CASE-006802,Administrative Law,Administrative Order Challenge
CASE-006803,Education Law,Student Admission / Examination Dispute
CASE-006804,Intellectual Property,Trademark Infringement
CASE-006805,Arbitration,Arbitral Award Challenge
CASE-006806,Intellectual Property,Trademark Infringement
CASE-006807,Insolvency & Bankruptcy,Corporate Insolvency Resolution
CASE-006808,Family & Succession,Inheritance / Probate
CASE-006809,Intellectual Property,Trademark Infringement
CASE-006810,Family & Succession,Inheritance / Probate
CASE-006811,Consumer Protection,Deficiency in Service Complaint
CASE-006812,Administrative Law,Administrative Order Challenge
CASE-006813,Child Protection,POCSO / Child Protection Proceeding
CASE-006814,Motor Accident Claims,Motor Accident Compensation Claim
CASE-006815,Banking & Finance,Loan Recovery / Cheque Dishonour
CASE-006816,Immigration & Citizenship,Citizenship / Passport Matter
CASE-006817,Environmental Law,Environmental Clearance Challenge
CASE-006818,Human Rights & PIL,Public Interest Litigation
CASE-006819,Consumer Protection,Deficiency in Service Complaint
CASE-006820,Media & Defamation,Defamation Suit
CASE-006821,Environmental Law,Environmental Clearance Challenge
CASE-006822,Motor Accident Claims,Motor Accident Compensation Claim
CASE-006823,Cybercrime & IT,Online Fraud / Cybercrime
CASE-006824,Child Protection,POCSO / Child Protection Proceeding
CASE-006825,Property & Land,Property / Partition Suit
CASE-006826,Property & Land,Property / Partition Suit
CASE-006827,Divorce & Matrimonial,Divorce Petition
CASE-006828,Arbitration,Arbitral Award Challenge
CASE-006829,Medical Negligence,Medical Negligence Complaint
CASE-006830,Property & Land,Property / Partition Suit
CASE-006831,Consumer Protection,Deficiency in Service Complaint
CASE-006832,Environmental Law,Environmental Clearance Challenge
CASE-006833,Criminal Law,Criminal Trial
CASE-006834,Education Law,Student Admission / Examination Dispute
CASE-006835,Medical Negligence,Medical Negligence Complaint
CASE-006836,Property & Land,Property / Partition Suit
CASE-006837,Arbitration,Arbitral Award Challenge
CASE-006838,Immigration & Citizenship,Citizenship / Passport Matter
CASE-006839,Consumer Protection,Deficiency in Service Complaint
CASE-006840,Employment & Labour,Wrongful Termination
CASE-006841,Medical Negligence,Medical Negligence Complaint
CASE-006842,White Collar Crime,Money Laundering / Corruption Case
CASE-006843,Medical Negligence,Medical Negligence Complaint
CASE-006844,Environmental Law,Environmental Clearance Challenge
CASE-006845,Consumer Protection,Deficiency in Service Complaint
CASE-006846,Property & Land,Property / Partition Suit
CASE-006847,Cybercrime & IT,Online Fraud / Cybercrime
CASE-006848,Medical Negligence,Medical Negligence Complaint
CASE-006849,Criminal Law,Criminal Trial
CASE-006850,Divorce & Matrimonial,Divorce Petition
CASE-006851,Administrative Law,Administrative Order Challenge
CASE-006852,Tax & GST,GST / Tax Assessment Appeal
CASE-006853,Cybercrime & IT,Online Fraud / Cybercrime
CASE-006854,Criminal Law,Criminal Trial
CASE-006855,Constitutional Law,Writ / Fundamental Rights Petition
CASE-006856,Insolvency & Bankruptcy,Corporate Insolvency Resolution
CASE-006857,Medical Negligence,Medical Negligence Complaint
CASE-006858,Intellectual Property,Trademark Infringement
CASE-006859,Tax & GST,GST / Tax Assessment Appeal
CASE-006860,Child Protection,POCSO / Child Protection Proceeding
CASE-006861,Arbitration,Arbitral Award Challenge
CASE-006862,Environmental Law,Environmental Clearance Challenge
CASE-006863,Immigration & Citizenship,Citizenship / Passport Matter
CASE-006864,Arbitration,Arbitral Award Challenge
CASE-006865,Education Law,Student Admission / Examination Dispute
CASE-006866,Contract & Agreement,Breach of Contract / Specific Performance
CASE-006867,Intellectual Property,Trademark Infringement
CASE-006868,Media & Defamation,Defamation Suit
CASE-006869,Divorce & Matrimonial,Divorce Petition
CASE-006870,Constitutional Law,Writ / Fundamental Rights Petition
CASE-006871,Tax & GST,GST / Tax Assessment Appeal
CASE-006872,Education Law,Student Admission / Examination Dispute
CASE-006873,Administrative Law,Administrative Order Challenge
CASE-006874,Consumer Protection,Deficiency in Service Complaint
CASE-006875,Education Law,Student Admission / Examination Dispute
CASE-006876,Corporate & Commercial,Commercial Contract Dispute
CASE-006877,Consumer Protection,Deficiency in Service Complaint
CASE-006878,Intellectual Property,Trademark Infringement
CASE-006879,Administrative Law,Administrative Order Challenge
CASE-006880,Real Estate & Housing,Builder-Buyer / RERA Dispute
CASE-006881,Education Law,Student Admission / Examination Dispute
CASE-006882,Motor Accident Claims,Motor Accident Compensation Claim
CASE-006883,Employment & Labour,Wrongful Termination
CASE-006884,Consumer Protection,Deficiency in Service Complaint
CASE-006885,Education Law,Student Admission / Examination Dispute
CASE-006886,Banking & Finance,Loan Recovery / Cheque Dishonour
CASE-006887,Intellectual Property,Trademark Infringement
CASE-006888,Environmental Law,Environmental Clearance Challenge
CASE-006889,Tax & GST,GST / Tax Assessment Appeal
CASE-006890,Administrative Law,Administrative Order Challenge
CASE-006891,Child Protection,POCSO / Child Protection Proceeding
CASE-006892,Consumer Protection,Deficiency in Service Complaint
CASE-006893,Cybercrime & IT,Online Fraud / Cybercrime
CASE-006894,Criminal Law,Criminal Trial
CASE-006895,Insolvency & Bankruptcy,Corporate Insolvency Resolution
CASE-006896,White Collar Crime,Money Laundering / Corruption Case
CASE-006897,Human Rights & PIL,Public Interest Litigation
CASE-006898,Banking & Finance,Loan Recovery / Cheque Dishonour
CASE-006899,Property & Land,Property / Partition Suit
CASE-006900,White Collar Crime,Money Laundering / Corruption Case
CASE-006901,Intellectual Property,Trademark Infringement
CASE-006902,Family & Succession,Inheritance / Probate
CASE-006903,Insolvency & Bankruptcy,Corporate Insolvency Resolution
CASE-006904,Medical Negligence,Medical Negligence Complaint
CASE-006905,Family & Succession,Inheritance / Probate
CASE-006906,Constitutional Law,Writ / Fundamental Rights Petition
CASE-006907,Motor Accident Claims,Motor Accident Compensation Claim
CASE-006908,Cybercrime & IT,Online Fraud / Cybercrime
CASE-006909,Family & Succession,Inheritance / Probate
CASE-006910,Contract & Agreement,Breach of Contract / Specific Performance
CASE-006911,Intellectual Property,Trademark Infringement
CASE-006912,Criminal Law,Criminal Trial
CASE-006913,White Collar Crime,Money Laundering / Corruption Case
CASE-006914,Child Protection,POCSO / Child Protection Proceeding
CASE-006915,Corporate & Commercial,Commercial Contract Dispute
CASE-006916,Banking & Finance,Loan Recovery / Cheque Dishonour
CASE-006917,Contract & Agreement,Breach of Contract / Specific Performance
CASE-006918,Constitutional Law,Writ / Fundamental Rights Petition
CASE-006919,Property & Land,Property / Partition Suit
CASE-006920,Consumer Protection,Deficiency in Service Complaint
CASE-006921,Human Rights & PIL,Public Interest Litigation
CASE-006922,Environmental Law,Environmental Clearance Challenge
CASE-006923,Consumer Protection,Deficiency in Service Complaint
CASE-006924,Motor Accident Claims,Motor Accident Compensation Claim
CASE-006925,Intellectual Property,Trademark Infringement
CASE-006926,Insolvency & Bankruptcy,Corporate Insolvency Resolution
CASE-006927,Contract & Agreement,Breach of Contract / Specific Performance
CASE-006928,Criminal Law,Criminal Trial
CASE-006929,Corporate & Commercial,Commercial Contract Dispute
CASE-006930,Environmental Law,Environmental Clearance Challenge
CASE-006931,Criminal Law,Criminal Trial
CASE-006932,Criminal Law,Criminal Trial
CASE-006933,Criminal Law,Criminal Trial
CASE-006934,Contract & Agreement,Breach of Contract / Specific Performance
CASE-006935,Immigration & Citizenship,Citizenship / Passport Matter
CASE-006936,Corporate & Commercial,Commercial Contract Dispute
CASE-006937,Education Law,Student Admission / Examination Dispute
CASE-006938,Arbitration,Arbitral Award Challenge
CASE-006939,Data Privacy,Personal Data Misuse / Privacy Petition
CASE-006940,Criminal Law,Criminal Trial
CASE-006941,Environmental Law,Environmental Clearance Challenge
CASE-006942,Motor Accident Claims,Motor Accident Compensation Claim
CASE-006943,Child Protection,POCSO / Child Protection Proceeding
CASE-006944,Motor Accident Claims,Motor Accident Compensation Claim
CASE-006945,Data Privacy,Personal Data Misuse / Privacy Petition
CASE-006946,Corporate & Commercial,Commercial Contract Dispute
CASE-006947,Medical Negligence,Medical Negligence Complaint
CASE-006948,Tax & GST,GST / Tax Assessment Appeal
CASE-006949,Real Estate & Housing,Builder-Buyer / RERA Dispute
CASE-006950,Employment & Labour,Wrongful Termination
CASE-006951,Real Estate & Housing,Builder-Buyer / RERA Dispute
CASE-006952,Arbitration,Arbitral Award Challenge
CASE-006953,Human Rights & PIL,Public Interest Litigation
CASE-006954,Constitutional Law,Writ / Fundamental Rights Petition
CASE-006955,Tax & GST,GST / Tax Assessment Appeal
CASE-006956,Education Law,Student Admission / Examination Dispute
CASE-006957,Divorce & Matrimonial,Divorce Petition
CASE-006958,Divorce & Matrimonial,Divorce Petition
CASE-006959,Property & Land,Property / Partition Suit
CASE-006960,Environmental Law,Environmental Clearance Challenge
CASE-006961,Intellectual Property,Trademark Infringement
CASE-006962,Contract & Agreement,Breach of Contract / Specific Performance
CASE-006963,Data Privacy,Personal Data Misuse / Privacy Petition
CASE-006964,Real Estate & Housing,Builder-Buyer / RERA Dispute
CASE-006965,Insolvency & Bankruptcy,Corporate Insolvency Resolution
CASE-006966,Administrative Law,Administrative Order Challenge
CASE-006967,Criminal Law,Criminal Trial
CASE-006968,Insolvency & Bankruptcy,Corporate Insolvency Resolution
CASE-006969,Insolvency & Bankruptcy,Corporate Insolvency Resolution
CASE-006970,Education Law,Student Admission / Examination Dispute
CASE-006971,Contract & Agreement,Breach of Contract / Specific Performance
CASE-006972,Tax & GST,GST / Tax Assessment Appeal
CASE-006973,Immigration & Citizenship,Citizenship / Passport Matter
CASE-006974,Consumer Protection,Deficiency in Service Complaint
CASE-006975,Media & Defamation,Defamation Suit
CASE-006976,Arbitration,Arbitral Award Challenge
CASE-006977,Employment & Labour,Wrongful Termination
CASE-006978,Immigration & Citizenship,Citizenship / Passport Matter
CASE-006979,Banking & Finance,Loan Recovery / Cheque Dishonour
CASE-006980,Banking & Finance,Loan Recovery / Cheque Dishonour
CASE-006981,White Collar Crime,Money Laundering / Corruption Case
CASE-006982,Family & Succession,Inheritance / Probate
CASE-006983,Education Law,Student Admission / Examination Dispute
CASE-006984,Real Estate & Housing,Builder-Buyer / RERA Dispute
CASE-006985,Insolvency & Bankruptcy,Corporate Insolvency Resolution
CASE-006986,Environmental Law,Environmental Clearance Challenge
CASE-006987,Constitutional Law,Writ / Fundamental Rights Petition
CASE-006988,White Collar Crime,Money Laundering / Corruption Case
CASE-006989,Contract & Agreement,Breach of Contract / Specific Performance
CASE-006990,Intellectual Property,Trademark Infringement
CASE-006991,Divorce & Matrimonial,Divorce Petition
CASE-006992,Corporate & Commercial,Commercial Contract Dispute
CASE-006993,Child Protection,POCSO / Child Protection Proceeding
CASE-006994,Arbitration,Arbitral Award Challenge
CASE-006995,Motor Accident Claims,Motor Accident Compensation Claim
CASE-006996,Cybercrime & IT,Online Fraud / Cybercrime
CASE-006997,Media & Defamation,Defamation Suit
CASE-006998,Administrative Law,Administrative Order Challenge
CASE-006999,Family & Succession,Inheritance / Probate
CASE-007000,Intellectual Property,Trademark Infringement
CASE-007001,Intellectual Property,Trademark Infringement
CASE-007002,Contract & Agreement,Breach of Contract / Specific Performance
CASE-007003,Motor Accident Claims,Motor Accident Compensation Claim
CASE-007004,Media & Defamation,Defamation Suit
CASE-007005,Tax & GST,GST / Tax Assessment Appeal
CASE-007006,Cybercrime & IT,Online Fraud / Cybercrime
CASE-007007,Tax & GST,GST / Tax Assessment Appeal
CASE-007008,Administrative Law,Administrative Order Challenge
CASE-007009,Corporate & Commercial,Commercial Contract Dispute
CASE-007010,Administrative Law,Administrative Order Challenge
CASE-007011,Constitutional Law,Writ / Fundamental Rights Petition
CASE-007012,Corporate & Commercial,Commercial Contract Dispute
CASE-007013,Constitutional Law,Writ / Fundamental Rights Petition
CASE-007014,Contract & Agreement,Breach of Contract / Specific Performance
CASE-007015,Divorce & Matrimonial,Divorce Petition
CASE-007016,Insolvency & Bankruptcy,Corporate Insolvency Resolution
CASE-007017,Cybercrime & IT,Online Fraud / Cybercrime
CASE-007018,Contract & Agreement,Breach of Contract / Specific Performance
CASE-007019,Data Privacy,Personal Data Misuse / Privacy Petition
CASE-007020,Environmental Law,Environmental Clearance Challenge
CASE-007021,Environmental Law,Environmental Clearance Challenge
CASE-007022,Intellectual Property,Trademark Infringement
CASE-007023,Immigration & Citizenship,Citizenship / Passport Matter
CASE-007024,Insolvency & Bankruptcy,Corporate Insolvency Resolution
CASE-007025,Corporate & Commercial,Commercial Contract Dispute
CASE-007026,Contract & Agreement,Breach of Contract / Specific Performance
CASE-007027,Media & Defamation,Defamation Suit
CASE-007028,Contract & Agreement,Breach of Contract / Specific Performance
CASE-007029,Constitutional Law,Writ / Fundamental Rights Petition
CASE-007030,Criminal Law,Criminal Trial
CASE-007031,Media & Defamation,Defamation Suit
CASE-007032,Child Protection,POCSO / Child Protection Proceeding
CASE-007033,Media & Defamation,Defamation Suit
CASE-007034,Contract & Agreement,Breach of Contract / Specific Performance
CASE-007035,Environmental Law,Environmental Clearance Challenge
CASE-007036,Human Rights & PIL,Public Interest Litigation
CASE-007037,Intellectual Property,Trademark Infringement
CASE-007038,Contract & Agreement,Breach of Contract / Specific Performance
CASE-007039,Constitutional Law,Writ / Fundamental Rights Petition
CASE-007040,Divorce & Matrimonial,Divorce Petition
CASE-007041,Real Estate & Housing,Builder-Buyer / RERA Dispute
CASE-007042,Banking & Finance,Loan Recovery / Cheque Dishonour
CASE-007043,Education Law,Student Admission / Examination Dispute
CASE-007044,Divorce & Matrimonial,Divorce Petition
CASE-007045,Insolvency & Bankruptcy,Corporate Insolvency Resolution
CASE-007046,Criminal Law,Criminal Trial
CASE-007047,Human Rights & PIL,Public Interest Litigation
CASE-007048,Immigration & Citizenship,Citizenship / Passport Matter
CASE-007049,Tax & GST,GST / Tax Assessment Appeal
CASE-007050,Corporate & Commercial,Commercial Contract Dispute
CASE-007051,Immigration & Citizenship,Citizenship / Passport Matter
CASE-007052,Administrative Law,Administrative Order Challenge
CASE-007053,Real Estate & Housing,Builder-Buyer / RERA Dispute
CASE-007054,Constitutional Law,Writ / Fundamental Rights Petition
CASE-007055,Environmental Law,Environmental Clearance Challenge
CASE-007056,Data Privacy,Personal Data Misuse / Privacy Petition
CASE-007057,Contract & Agreement,Breach of Contract / Specific Performance
CASE-007058,Media & Defamation,Defamation Suit
CASE-007059,Immigration & Citizenship,Citizenship / Passport Matter
CASE-007060,Corporate & Commercial,Commercial Contract Dispute
CASE-007061,Real Estate & Housing,Builder-Buyer / RERA Dispute
CASE-007062,Arbitration,Arbitral Award Challenge
CASE-007063,Motor Accident Claims,Motor Accident Compensation Claim
CASE-007064,Environmental Law,Environmental Clearance Challenge
CASE-007065,Constitutional Law,Writ / Fundamental Rights Petition
CASE-007066,Data Privacy,Personal Data Misuse / Privacy Petition
CASE-007067,Child Protection,POCSO / Child Protection Proceeding
CASE-007068,Administrative Law,Administrative Order Challenge
CASE-007069,Divorce & Matrimonial,Divorce Petition
CASE-007070,Motor Accident Claims,Motor Accident Compensation Claim
CASE-007071,Property & Land,Property / Partition Suit
CASE-007072,Contract & Agreement,Breach of Contract / Specific Performance
CASE-007073,Insolvency & Bankruptcy,Corporate Insolvency Resolution
CASE-007074,Family & Succession,Inheritance / Probate
CASE-007075,Constitutional Law,Writ / Fundamental Rights Petition
CASE-007076,Arbitration,Arbitral Award Challenge
CASE-007077,Intellectual Property,Trademark Infringement
CASE-007078,Intellectual Property,Trademark Infringement
CASE-007079,Corporate & Commercial,Commercial Contract Dispute
CASE-007080,Data Privacy,Personal Data Misuse / Privacy Petition
CASE-007081,Medical Negligence,Medical Negligence Complaint
CASE-007082,White Collar Crime,Money Laundering / Corruption Case
CASE-007083,Corporate & Commercial,Commercial Contract Dispute
CASE-007084,Child Protection,POCSO / Child Protection Proceeding
CASE-007085,Family & Succession,Inheritance / Probate
CASE-007086,Cybercrime & IT,Online Fraud / Cybercrime
CASE-007087,Divorce & Matrimonial,Divorce Petition
CASE-007088,Constitutional Law,Writ / Fundamental Rights Petition
CASE-007089,Data Privacy,Personal Data Misuse / Privacy Petition
CASE-007090,Data Privacy,Personal Data Misuse / Privacy Petition
CASE-007091,Property & Land,Property / Partition Suit
CASE-007092,Employment & Labour,Wrongful Termination
CASE-007093,Consumer Protection,Deficiency in Service Complaint
CASE-007094,Property & Land,Property / Partition Suit
CASE-007095,Family & Succession,Inheritance / Probate
CASE-007096,Banking & Finance,Loan Recovery / Cheque Dishonour
CASE-007097,Contract & Agreement,Breach of Contract / Specific Performance
CASE-007098,Immigration & Citizenship,Citizenship / Passport Matter
CASE-007099,Education Law,Student Admission / Examination Dispute
CASE-007100,Real Estate & Housing,Builder-Buyer / RERA Dispute
CASE-007101,Tax & GST,GST / Tax Assessment Appeal
CASE-007102,Media & Defamation,Defamation Suit
CASE-007103,Media & Defamation,Defamation Suit
CASE-007104,Banking & Finance,Loan Recovery / Cheque Dishonour
CASE-007105,Administrative Law,Administrative Order Challenge
CASE-007106,Data Privacy,Personal Data Misuse / Privacy Petition
CASE-007107,Administrative Law,Administrative Order Challenge
CASE-007108,Administrative Law,Administrative Order Challenge
CASE-007109,Education Law,Student Admission / Examination Dispute
CASE-007110,Criminal Law,Criminal Trial
CASE-007111,Family & Succession,Inheritance / Probate
CASE-007112,Human Rights & PIL,Public Interest Litigation
CASE-007113,Media & Defamation,Defamation Suit
CASE-007114,Tax & GST,GST / Tax Assessment Appeal
CASE-007115,Cybercrime & IT,Online Fraud / Cybercrime
CASE-007116,Constitutional Law,Writ / Fundamental Rights Petition
CASE-007117,Insolvency & Bankruptcy,Corporate Insolvency Resolution
CASE-007118,Contract & Agreement,Breach of Contract / Specific Performance
CASE-007119,Real Estate & Housing,Builder-Buyer / RERA Dispute
CASE-007120,Insolvency & Bankruptcy,Corporate Insolvency Resolution
CASE-007121,Cybercrime & IT,Online Fraud / Cybercrime
CASE-007122,Child Protection,POCSO / Child Protection Proceeding
CASE-007123,Child Protection,POCSO / Child Protection Proceeding
CASE-007124,Contract & Agreement,Breach of Contract / Specific Performance
CASE-007125,Property & Land,Property / Partition Suit
CASE-007126,Banking & Finance,Loan Recovery / Cheque Dishonour
CASE-007127,Corporate & Commercial,Commercial Contract Dispute
CASE-007128,Human Rights & PIL,Public Interest Litigation
CASE-007129,Tax & GST,GST / Tax Assessment Appeal
CASE-007130,Media & Defamation,Defamation Suit
CASE-007131,Arbitration,Arbitral Award Challenge
CASE-007132,Immigration & Citizenship,Citizenship / Passport Matter
CASE-007133,Environmental Law,Environmental Clearance Challenge
CASE-007134,Motor Accident Claims,Motor Accident Compensation Claim
CASE-007135,Motor Accident Claims,Motor Accident Compensation Claim
CASE-007136,White Collar Crime,Money Laundering / Corruption Case
CASE-007137,Immigration & Citizenship,Citizenship / Passport Matter
CASE-007138,Immigration & Citizenship,Citizenship / Passport Matter
CASE-007139,Criminal Law,Criminal Trial
CASE-007140,Human Rights & PIL,Public Interest Litigation
CASE-007141,Human Rights & PIL,Public Interest Litigation
CASE-007142,Property & Land,Property / Partition Suit
CASE-007143,Contract & Agreement,Breach of Contract / Specific Performance
CASE-007144,Intellectual Property,Trademark Infringement
CASE-007145,Banking & Finance,Loan Recovery / Cheque Dishonour
CASE-007146,Media & Defamation,Defamation Suit
CASE-007147,Media & Defamation,Defamation Suit
CASE-007148,Arbitration,Arbitral Award Challenge
CASE-007149,Constitutional Law,Writ / Fundamental Rights Petition
CASE-007150,Medical Negligence,Medical Negligence Complaint
CASE-007151,Administrative Law,Administrative Order Challenge
CASE-007152,Employment & Labour,Wrongful Termination
CASE-007153,Corporate & Commercial,Commercial Contract Dispute
CASE-007154,Data Privacy,Personal Data Misuse / Privacy Petition
CASE-007155,Insolvency & Bankruptcy,Corporate Insolvency Resolution
CASE-007156,Education Law,Student Admission / Examination Dispute
CASE-007157,Criminal Law,Criminal Trial
CASE-007158,Intellectual Property,Trademark Infringement
CASE-007159,Human Rights & PIL,Public Interest Litigation
CASE-007160,Media & Defamation,Defamation Suit
CASE-007161,Divorce & Matrimonial,Divorce Petition
CASE-007162,Divorce & Matrimonial,Divorce Petition
CASE-007163,Immigration & Citizenship,Citizenship / Passport Matter
CASE-007164,Data Privacy,Personal Data Misuse / Privacy Petition
CASE-007165,Arbitration,Arbitral Award Challenge
CASE-007166,Education Law,Student Admission / Examination Dispute
CASE-007167,Intellectual Property,Trademark Infringement
CASE-007168,Child Protection,POCSO / Child Protection Proceeding
CASE-007169,Family & Succession,Inheritance / Probate
CASE-007170,Medical Negligence,Medical Negligence Complaint
CASE-007171,Medical Negligence,Medical Negligence Complaint
CASE-007172,Environmental Law,Environmental Clearance Challenge
CASE-007173,Criminal Law,Criminal Trial
CASE-007174,Criminal Law,Criminal Trial
CASE-007175,Banking & Finance,Loan Recovery / Cheque Dishonour
CASE-007176,Cybercrime & IT,Online Fraud / Cybercrime
CASE-007177,Media & Defamation,Defamation Suit
CASE-007178,Constitutional Law,Writ / Fundamental Rights Petition
CASE-007179,Tax & GST,GST / Tax Assessment Appeal
CASE-007180,Contract & Agreement,Breach of Contract / Specific Performance
CASE-007181,Child Protection,POCSO / Child Protection Proceeding
CASE-007182,Insolvency & Bankruptcy,Corporate Insolvency Resolution
CASE-007183,Property & Land,Property / Partition Suit
CASE-007184,Property & Land,Property / Partition Suit
CASE-007185,Banking & Finance,Loan Recovery / Cheque Dishonour
CASE-007186,Divorce & Matrimonial,Divorce Petition
CASE-007187,Employment & Labour,Wrongful Termination
CASE-007188,Real Estate & Housing,Builder-Buyer / RERA Dispute
CASE-007189,Criminal Law,Criminal Trial
CASE-007190,Real Estate & Housing,Builder-Buyer / RERA Dispute
CASE-007191,Constitutional Law,Writ / Fundamental Rights Petition
CASE-007192,Employment & Labour,Wrongful Termination
CASE-007193,Family & Succession,Inheritance / Probate
CASE-007194,Media & Defamation,Defamation Suit
CASE-007195,Data Privacy,Personal Data Misuse / Privacy Petition
CASE-007196,White Collar Crime,Money Laundering / Corruption Case
CASE-007197,Constitutional Law,Writ / Fundamental Rights Petition
CASE-007198,Child Protection,POCSO / Child Protection Proceeding
CASE-007199,Human Rights & PIL,Public Interest Litigation
CASE-007200,Motor Accident Claims,Motor Accident Compensation Claim
CASE-007201,Media & Defamation,Defamation Suit
CASE-007202,Tax & GST,GST / Tax Assessment Appeal
CASE-007203,Constitutional Law,Writ / Fundamental Rights Petition
CASE-007204,Real Estate & Housing,Builder-Buyer / RERA Dispute
CASE-007205,Consumer Protection,Deficiency in Service Complaint
CASE-007206,Environmental Law,Environmental Clearance Challenge
CASE-007207,Administrative Law,Administrative Order Challenge
CASE-007208,Divorce & Matrimonial,Divorce Petition
CASE-007209,Intellectual Property,Trademark Infringement
CASE-007210,Banking & Finance,Loan Recovery / Cheque Dishonour
CASE-007211,Media & Defamation,Defamation Suit
CASE-007212,Intellectual Property,Trademark Infringement
CASE-007213,White Collar Crime,Money Laundering / Corruption Case
CASE-007214,Administrative Law,Administrative Order Challenge
CASE-007215,Cybercrime & IT,Online Fraud / Cybercrime
CASE-007216,Tax & GST,GST / Tax Assessment Appeal
CASE-007217,Immigration & Citizenship,Citizenship / Passport Matter
CASE-007218,Medical Negligence,Medical Negligence Complaint
CASE-007219,Data Privacy,Personal Data Misuse / Privacy Petition
CASE-007220,Intellectual Property,Trademark Infringement
CASE-007221,Data Privacy,Personal Data Misuse / Privacy Petition
CASE-007222,Medical Negligence,Medical Negligence Complaint
CASE-007223,Data Privacy,Personal Data Misuse / Privacy Petition
CASE-007224,White Collar Crime,Money Laundering / Corruption Case
CASE-007225,Tax & GST,GST / Tax Assessment Appeal
CASE-007226,Cybercrime & IT,Online Fraud / Cybercrime
CASE-007227,Arbitration,Arbitral Award Challenge
CASE-007228,Employment & Labour,Wrongful Termination
CASE-007229,Environmental Law,Environmental Clearance Challenge
CASE-007230,Intellectual Property,Trademark Infringement
CASE-007231,Family & Succession,Inheritance / Probate
CASE-007232,White Collar Crime,Money Laundering / Corruption Case
CASE-007233,Real Estate & Housing,Builder-Buyer / RERA Dispute
CASE-007234,Administrative Law,Administrative Order Challenge
CASE-007235,Intellectual Property,Trademark Infringement
CASE-007236,Administrative Law,Administrative Order Challenge
CASE-007237,Administrative Law,Administrative Order Challenge
CASE-007238,Family & Succession,Inheritance / Probate
CASE-007239,Tax & GST,GST / Tax Assessment Appeal
CASE-007240,Constitutional Law,Writ / Fundamental Rights Petition
CASE-007241,Tax & GST,GST / Tax Assessment Appeal
CASE-007242,Real Estate & Housing,Builder-Buyer / RERA Dispute
CASE-007243,Banking & Finance,Loan Recovery / Cheque Dishonour
CASE-007244,Human Rights & PIL,Public Interest Litigation
CASE-007245,Immigration & Citizenship,Citizenship / Passport Matter
CASE-007246,Consumer Protection,Deficiency in Service Complaint
CASE-007247,Tax & GST,GST / Tax Assessment Appeal
CASE-007248,Property & Land,Property / Partition Suit
CASE-007249,Real Estate & Housing,Builder-Buyer / RERA Dispute
CASE-007250,Employment & Labour,Wrongful Termination
CASE-007251,Insolvency & Bankruptcy,Corporate Insolvency Resolution
CASE-007252,Family & Succession,Inheritance / Probate
CASE-007253,Cybercrime & IT,Online Fraud / Cybercrime
CASE-007254,Consumer Protection,Deficiency in Service Complaint
CASE-007255,Tax & GST,GST / Tax Assessment Appeal
CASE-007256,Constitutional Law,Writ / Fundamental Rights Petition
CASE-007257,Tax & GST,GST / Tax Assessment Appeal
CASE-007258,Employment & Labour,Wrongful Termination
CASE-007259,Contract & Agreement,Breach of Contract / Specific Performance
CASE-007260,Medical Negligence,Medical Negligence Complaint
CASE-007261,Banking & Finance,Loan Recovery / Cheque Dishonour
CASE-007262,Media & Defamation,Defamation Suit
CASE-007263,Real Estate & Housing,Builder-Buyer / RERA Dispute
CASE-007264,Human Rights & PIL,Public Interest Litigation
CASE-007265,Immigration & Citizenship,Citizenship / Passport Matter
CASE-007266,Motor Accident Claims,Motor Accident Compensation Claim
CASE-007267,White Collar Crime,Money Laundering / Corruption Case
CASE-007268,Property & Land,Property / Partition Suit
CASE-007269,Corporate & Commercial,Commercial Contract Dispute
CASE-007270,Consumer Protection,Deficiency in Service Complaint
CASE-007271,Consumer Protection,Deficiency in Service Complaint
CASE-007272,Cybercrime & IT,Online Fraud / Cybercrime
CASE-007273,Constitutional Law,Writ / Fundamental Rights Petition
CASE-007274,Human Rights & PIL,Public Interest Litigation
CASE-007275,Media & Defamation,Defamation Suit
CASE-007276,Banking & Finance,Loan Recovery / Cheque Dishonour
CASE-007277,Consumer Protection,Deficiency in Service Complaint
CASE-007278,Administrative Law,Administrative Order Challenge
CASE-007279,Intellectual Property,Trademark Infringement
CASE-007280,Real Estate & Housing,Builder-Buyer / RERA Dispute
CASE-007281,Education Law,Student Admission / Examination Dispute
CASE-007282,Motor Accident Claims,Motor Accident Compensation Claim
CASE-007283,Intellectual Property,Trademark Infringement
CASE-007284,Employment & Labour,Wrongful Termination
CASE-007285,Divorce & Matrimonial,Divorce Petition
CASE-007286,Motor Accident Claims,Motor Accident Compensation Claim
CASE-007287,White Collar Crime,Money Laundering / Corruption Case
CASE-007288,Real Estate & Housing,Builder-Buyer / RERA Dispute
CASE-007289,Human Rights & PIL,Public Interest Litigation
CASE-007290,Medical Negligence,Medical Negligence Complaint
CASE-007291,Education Law,Student Admission / Examination Dispute
CASE-007292,Child Protection,POCSO / Child Protection Proceeding
CASE-007293,Education Law,Student Admission / Examination Dispute
CASE-007294,Environmental Law,Environmental Clearance Challenge
CASE-007295,Immigration & Citizenship,Citizenship / Passport Matter
CASE-007296,Cybercrime & IT,Online Fraud / Cybercrime
CASE-007297,Administrative Law,Administrative Order Challenge
CASE-007298,Insolvency & Bankruptcy,Corporate Insolvency Resolution
CASE-007299,Administrative Law,Administrative Order Challenge
CASE-007300,Child Protection,POCSO / Child Protection Proceeding
CASE-007301,Real Estate & Housing,Builder-Buyer / RERA Dispute
CASE-007302,Medical Negligence,Medical Negligence Complaint
CASE-007303,Constitutional Law,Writ / Fundamental Rights Petition
CASE-007304,Intellectual Property,Trademark Infringement
CASE-007305,Real Estate & Housing,Builder-Buyer / RERA Dispute
CASE-007306,Motor Accident Claims,Motor Accident Compensation Claim
CASE-007307,Tax & GST,GST / Tax Assessment Appeal
CASE-007308,Medical Negligence,Medical Negligence Complaint
CASE-007309,Divorce & Matrimonial,Divorce Petition
CASE-007310,Criminal Law,Criminal Trial
CASE-007311,Data Privacy,Personal Data Misuse / Privacy Petition
CASE-007312,Contract & Agreement,Breach of Contract / Specific Performance
CASE-007313,Property & Land,Property / Partition Suit
CASE-007314,Human Rights & PIL,Public Interest Litigation
CASE-007315,Child Protection,POCSO / Child Protection Proceeding
CASE-007316,Family & Succession,Inheritance / Probate
CASE-007317,Media & Defamation,Defamation Suit
CASE-007318,Tax & GST,GST / Tax Assessment Appeal
CASE-007319,Tax & GST,GST / Tax Assessment Appeal
CASE-007320,Employment & Labour,Wrongful Termination
CASE-007321,White Collar Crime,Money Laundering / Corruption Case
CASE-007322,White Collar Crime,Money Laundering / Corruption Case
CASE-007323,Employment & Labour,Wrongful Termination
CASE-007324,Media & Defamation,Defamation Suit
CASE-007325,Corporate & Commercial,Commercial Contract Dispute
CASE-007326,Environmental Law,Environmental Clearance Challenge
CASE-007327,Real Estate & Housing,Builder-Buyer / RERA Dispute
CASE-007328,Insolvency & Bankruptcy,Corporate Insolvency Resolution
CASE-007329,Constitutional Law,Writ / Fundamental Rights Petition
CASE-007330,Administrative Law,Administrative Order Challenge
CASE-007331,Insolvency & Bankruptcy,Corporate Insolvency Resolution
CASE-007332,Banking & Finance,Loan Recovery / Cheque Dishonour
CASE-007333,Environmental Law,Environmental Clearance Challenge
CASE-007334,Motor Accident Claims,Motor Accident Compensation Claim
CASE-007335,Environmental Law,Environmental Clearance Challenge
CASE-007336,Real Estate & Housing,Builder-Buyer / RERA Dispute
CASE-007337,Medical Negligence,Medical Negligence Complaint
CASE-007338,Environmental Law,Environmental Clearance Challenge
CASE-007339,Constitutional Law,Writ / Fundamental Rights Petition
CASE-007340,Arbitration,Arbitral Award Challenge
CASE-007341,Education Law,Student Admission / Examination Dispute
CASE-007342,Motor Accident Claims,Motor Accident Compensation Claim
CASE-007343,Medical Negligence,Medical Negligence Complaint
CASE-007344,Property & Land,Property / Partition Suit
CASE-007345,Education Law,Student Admission / Examination Dispute
CASE-007346,Criminal Law,Criminal Trial
CASE-007347,Property & Land,Property / Partition Suit
CASE-007348,Family & Succession,Inheritance / Probate
CASE-007349,Intellectual Property,Trademark Infringement
CASE-007350,Family & Succession,Inheritance / Probate
CASE-007351,Banking & Finance,Loan Recovery / Cheque Dishonour
CASE-007352,Child Protection,POCSO / Child Protection Proceeding
CASE-007353,Cybercrime & IT,Online Fraud / Cybercrime
CASE-007354,Environmental Law,Environmental Clearance Challenge
CASE-007355,Cybercrime & IT,Online Fraud / Cybercrime
CASE-007356,Child Protection,POCSO / Child Protection Proceeding
CASE-007357,Real Estate & Housing,Builder-Buyer / RERA Dispute
CASE-007358,Administrative Law,Administrative Order Challenge
CASE-007359,Education Law,Student Admission / Examination Dispute
CASE-007360,Motor Accident Claims,Motor Accident Compensation Claim
CASE-007361,Medical Negligence,Medical Negligence Complaint
CASE-007362,Constitutional Law,Writ / Fundamental Rights Petition
CASE-007363,Data Privacy,Personal Data Misuse / Privacy Petition
CASE-007364,Medical Negligence,Medical Negligence Complaint
CASE-007365,Family & Succession,Inheritance / Probate
CASE-007366,Criminal Law,Criminal Trial
CASE-007367,Tax & GST,GST / Tax Assessment Appeal
CASE-007368,Child Protection,POCSO / Child Protection Proceeding
CASE-007369,Corporate & Commercial,Commercial Contract Dispute
CASE-007370,Environmental Law,Environmental Clearance Challenge
CASE-007371,Immigration & Citizenship,Citizenship / Passport Matter
CASE-007372,Constitutional Law,Writ / Fundamental Rights Petition
CASE-007373,Constitutional Law,Writ / Fundamental Rights Petition
CASE-007374,Tax & GST,GST / Tax Assessment Appeal
CASE-007375,Human Rights & PIL,Public Interest Litigation
CASE-007376,Real Estate & Housing,Builder-Buyer / RERA Dispute
CASE-007377,Environmental Law,Environmental Clearance Challenge
CASE-007378,Banking & Finance,Loan Recovery / Cheque Dishonour
CASE-007379,Immigration & Citizenship,Citizenship / Passport Matter
CASE-007380,Banking & Finance,Loan Recovery / Cheque Dishonour
CASE-007381,Criminal Law,Criminal Trial
CASE-007382,Criminal Law,Criminal Trial
CASE-007383,Contract & Agreement,Breach of Contract / Specific Performance
CASE-007384,Insolvency & Bankruptcy,Corporate Insolvency Resolution
CASE-007385,Constitutional Law,Writ / Fundamental Rights Petition
CASE-007386,Human Rights & PIL,Public Interest Litigation
CASE-007387,Media & Defamation,Defamation Suit
CASE-007388,Intellectual Property,Trademark Infringement
CASE-007389,White Collar Crime,Money Laundering / Corruption Case
CASE-007390,Human Rights & PIL,Public Interest Litigation
CASE-007391,Banking & Finance,Loan Recovery / Cheque Dishonour
CASE-007392,Intellectual Property,Trademark Infringement
CASE-007393,Property & Land,Property / Partition Suit
CASE-007394,Data Privacy,Personal Data Misuse / Privacy Petition
CASE-007395,Corporate & Commercial,Commercial Contract Dispute
CASE-007396,Media & Defamation,Defamation Suit
CASE-007397,Tax & GST,GST / Tax Assessment Appeal
CASE-007398,Divorce & Matrimonial,Divorce Petition
CASE-007399,Consumer Protection,Deficiency in Service Complaint
CASE-007400,Family & Succession,Inheritance / Probate
CASE-007401,Human Rights & PIL,Public Interest Litigation
CASE-007402,Criminal Law,Criminal Trial
CASE-007403,Medical Negligence,Medical Negligence Complaint
CASE-007404,Property & Land,Property / Partition Suit
CASE-007405,Corporate & Commercial,Commercial Contract Dispute
CASE-007406,Data Privacy,Personal Data Misuse / Privacy Petition
CASE-007407,Constitutional Law,Writ / Fundamental Rights Petition
CASE-007408,Arbitration,Arbitral Award Challenge
CASE-007409,Environmental Law,Environmental Clearance Challenge
CASE-007410,Human Rights & PIL,Public Interest Litigation
CASE-007411,Human Rights & PIL,Public Interest Litigation
CASE-007412,Consumer Protection,Deficiency in Service Complaint
CASE-007413,Contract & Agreement,Breach of Contract / Specific Performance
CASE-007414,Administrative Law,Administrative Order Challenge
CASE-007415,Banking & Finance,Loan Recovery / Cheque Dishonour
CASE-007416,Arbitration,Arbitral Award Challenge
CASE-007417,Human Rights & PIL,Public Interest Litigation
CASE-007418,Data Privacy,Personal Data Misuse / Privacy Petition
CASE-007419,Corporate & Commercial,Commercial Contract Dispute
CASE-007420,Administrative Law,Administrative Order Challenge
CASE-007421,Real Estate & Housing,Builder-Buyer / RERA Dispute
CASE-007422,Administrative Law,Administrative Order Challenge
CASE-007423,Banking & Finance,Loan Recovery / Cheque Dishonour
CASE-007424,Medical Negligence,Medical Negligence Complaint
CASE-007425,Administrative Law,Administrative Order Challenge
CASE-007426,Employment & Labour,Wrongful Termination
CASE-007427,Arbitration,Arbitral Award Challenge
CASE-007428,Immigration & Citizenship,Citizenship / Passport Matter
CASE-007429,Administrative Law,Administrative Order Challenge
CASE-007430,Child Protection,POCSO / Child Protection Proceeding
CASE-007431,Banking & Finance,Loan Recovery / Cheque Dishonour
CASE-007432,Corporate & Commercial,Commercial Contract Dispute
CASE-007433,Medical Negligence,Medical Negligence Complaint
CASE-007434,Contract & Agreement,Breach of Contract / Specific Performance
CASE-007435,Immigration & Citizenship,Citizenship / Passport Matter
CASE-007436,Education Law,Student Admission / Examination Dispute
CASE-007437,Cybercrime & IT,Online Fraud / Cybercrime
CASE-007438,Cybercrime & IT,Online Fraud / Cybercrime
CASE-007439,Media & Defamation,Defamation Suit
CASE-007440,Education Law,Student Admission / Examination Dispute
CASE-007441,Administrative Law,Administrative Order Challenge
CASE-007442,Banking & Finance,Loan Recovery / Cheque Dishonour
CASE-007443,Motor Accident Claims,Motor Accident Compensation Claim
CASE-007444,Contract & Agreement,Breach of Contract / Specific Performance
CASE-007445,Insolvency & Bankruptcy,Corporate Insolvency Resolution
CASE-007446,Data Privacy,Personal Data Misuse / Privacy Petition
CASE-007447,Human Rights & PIL,Public Interest Litigation
CASE-007448,Environmental Law,Environmental Clearance Challenge
CASE-007449,Environmental Law,Environmental Clearance Challenge
CASE-007450,Consumer Protection,Deficiency in Service Complaint
CASE-007451,Consumer Protection,Deficiency in Service Complaint
CASE-007452,Child Protection,POCSO / Child Protection Proceeding
CASE-007453,Tax & GST,GST / Tax Assessment Appeal
CASE-007454,Environmental Law,Environmental Clearance Challenge
CASE-007455,Child Protection,POCSO / Child Protection Proceeding
CASE-007456,Arbitration,Arbitral Award Challenge
CASE-007457,Banking & Finance,Loan Recovery / Cheque Dishonour
CASE-007458,Tax & GST,GST / Tax Assessment Appeal
CASE-007459,Banking & Finance,Loan Recovery / Cheque Dishonour
CASE-007460,Constitutional Law,Writ / Fundamental Rights Petition
CASE-007461,Insolvency & Bankruptcy,Corporate Insolvency Resolution
CASE-007462,Arbitration,Arbitral Award Challenge
CASE-007463,Property & Land,Property / Partition Suit
CASE-007464,Property & Land,Property / Partition Suit
CASE-007465,Consumer Protection,Deficiency in Service Complaint
CASE-007466,Real Estate & Housing,Builder-Buyer / RERA Dispute
CASE-007467,Consumer Protection,Deficiency in Service Complaint
CASE-007468,Insolvency & Bankruptcy,Corporate Insolvency Resolution
CASE-007469,Arbitration,Arbitral Award Challenge
CASE-007470,Consumer Protection,Deficiency in Service Complaint
CASE-007471,Human Rights & PIL,Public Interest Litigation
CASE-007472,Education Law,Student Admission / Examination Dispute
CASE-007473,White Collar Crime,Money Laundering / Corruption Case
CASE-007474,Environmental Law,Environmental Clearance Challenge
CASE-007475,Corporate & Commercial,Commercial Contract Dispute
CASE-007476,Intellectual Property,Trademark Infringement
CASE-007477,Real Estate & Housing,Builder-Buyer / RERA Dispute
CASE-007478,Media & Defamation,Defamation Suit
CASE-007479,Medical Negligence,Medical Negligence Complaint
CASE-007480,Banking & Finance,Loan Recovery / Cheque Dishonour
CASE-007481,Education Law,Student Admission / Examination Dispute
CASE-007482,Contract & Agreement,Breach of Contract / Specific Performance
CASE-007483,Banking & Finance,Loan Recovery / Cheque Dishonour
CASE-007484,White Collar Crime,Money Laundering / Corruption Case
CASE-007485,Banking & Finance,Loan Recovery / Cheque Dishonour
CASE-007486,Divorce & Matrimonial,Divorce Petition
CASE-007487,Corporate & Commercial,Commercial Contract Dispute
CASE-007488,Corporate & Commercial,Commercial Contract Dispute
CASE-007489,Human Rights & PIL,Public Interest Litigation
CASE-007490,Motor Accident Claims,Motor Accident Compensation Claim
CASE-007491,Media & Defamation,Defamation Suit
CASE-007492,Medical Negligence,Medical Negligence Complaint
CASE-007493,Contract & Agreement,Breach of Contract / Specific Performance
CASE-007494,Cybercrime & IT,Online Fraud / Cybercrime
CASE-007495,Tax & GST,GST / Tax Assessment Appeal
CASE-007496,Child Protection,POCSO / Child Protection Proceeding
CASE-007497,Real Estate & Housing,Builder-Buyer / RERA Dispute
CASE-007498,Medical Negligence,Medical Negligence Complaint
CASE-007499,Employment & Labour,Wrongful Termination
CASE-007500,Property & Land,Property / Partition Suit
CASE-007501,Corporate & Commercial,Commercial Contract Dispute
CASE-007502,Employment & Labour,Wrongful Termination
CASE-007503,Medical Negligence,Medical Negligence Complaint
CASE-007504,Real Estate & Housing,Builder-Buyer / RERA Dispute
CASE-007505,Education Law,Student Admission / Examination Dispute
CASE-007506,Insolvency & Bankruptcy,Corporate Insolvency Resolution
CASE-007507,White Collar Crime,Money Laundering / Corruption Case
CASE-007508,Corporate & Commercial,Commercial Contract Dispute
CASE-007509,Education Law,Student Admission / Examination Dispute
CASE-007510,Contract & Agreement,Breach of Contract / Specific Performance
CASE-007511,Motor Accident Claims,Motor Accident Compensation Claim
CASE-007512,Real Estate & Housing,Builder-Buyer / RERA Dispute
CASE-007513,Insolvency & Bankruptcy,Corporate Insolvency Resolution
CASE-007514,Family & Succession,Inheritance / Probate
CASE-007515,White Collar Crime,Money Laundering / Corruption Case
CASE-007516,Consumer Protection,Deficiency in Service Complaint
CASE-007517,Intellectual Property,Trademark Infringement
CASE-007518,Education Law,Student Admission / Examination Dispute
CASE-007519,Human Rights & PIL,Public Interest Litigation
CASE-007520,Divorce & Matrimonial,Divorce Petition
CASE-007521,Family & Succession,Inheritance / Probate
CASE-007522,Banking & Finance,Loan Recovery / Cheque Dishonour
CASE-007523,Media & Defamation,Defamation Suit
CASE-007524,Banking & Finance,Loan Recovery / Cheque Dishonour
CASE-007525,Medical Negligence,Medical Negligence Complaint
CASE-007526,Intellectual Property,Trademark Infringement
CASE-007527,Human Rights & PIL,Public Interest Litigation
CASE-007528,Constitutional Law,Writ / Fundamental Rights Petition
CASE-007529,Education Law,Student Admission / Examination Dispute
CASE-007530,Environmental Law,Environmental Clearance Challenge
CASE-007531,Media & Defamation,Defamation Suit
CASE-007532,Property & Land,Property / Partition Suit
CASE-007533,Media & Defamation,Defamation Suit
CASE-007534,Intellectual Property,Trademark Infringement
CASE-007535,Banking & Finance,Loan Recovery / Cheque Dishonour
CASE-007536,Employment & Labour,Wrongful Termination
CASE-007537,Banking & Finance,Loan Recovery / Cheque Dishonour
CASE-007538,Insolvency & Bankruptcy,Corporate Insolvency Resolution
CASE-007539,Education Law,Student Admission / Examination Dispute
CASE-007540,Environmental Law,Environmental Clearance Challenge
CASE-007541,Employment & Labour,Wrongful Termination
CASE-007542,Human Rights & PIL,Public Interest Litigation
CASE-007543,Environmental Law,Environmental Clearance Challenge
CASE-007544,Employment & Labour,Wrongful Termination
CASE-007545,Data Privacy,Personal Data Misuse / Privacy Petition
CASE-007546,Family & Succession,Inheritance / Probate
CASE-007547,Child Protection,POCSO / Child Protection Proceeding
CASE-007548,Real Estate & Housing,Builder-Buyer / RERA Dispute
CASE-007549,Education Law,Student Admission / Examination Dispute
CASE-007550,White Collar Crime,Money Laundering / Corruption Case
CASE-007551,Child Protection,POCSO / Child Protection Proceeding
CASE-007552,Cybercrime & IT,Online Fraud / Cybercrime
CASE-007553,Education Law,Student Admission / Examination Dispute
CASE-007554,Medical Negligence,Medical Negligence Complaint
CASE-007555,Constitutional Law,Writ / Fundamental Rights Petition
CASE-007556,Immigration & Citizenship,Citizenship / Passport Matter
CASE-007557,Criminal Law,Criminal Trial
CASE-007558,Divorce & Matrimonial,Divorce Petition
CASE-007559,Administrative Law,Administrative Order Challenge
CASE-007560,Contract & Agreement,Breach of Contract / Specific Performance
CASE-007561,Divorce & Matrimonial,Divorce Petition
CASE-007562,Family & Succession,Inheritance / Probate
CASE-007563,Property & Land,Property / Partition Suit
CASE-007564,Motor Accident Claims,Motor Accident Compensation Claim
CASE-007565,Insolvency & Bankruptcy,Corporate Insolvency Resolution
CASE-007566,Immigration & Citizenship,Citizenship / Passport Matter
CASE-007567,Real Estate & Housing,Builder-Buyer / RERA Dispute
CASE-007568,Intellectual Property,Trademark Infringement
CASE-007569,Constitutional Law,Writ / Fundamental Rights Petition
CASE-007570,Media & Defamation,Defamation Suit
CASE-007571,Insolvency & Bankruptcy,Corporate Insolvency Resolution
CASE-007572,Constitutional Law,Writ / Fundamental Rights Petition
CASE-007573,Arbitration,Arbitral Award Challenge
CASE-007574,Consumer Protection,Deficiency in Service Complaint
CASE-007575,Data Privacy,Personal Data Misuse / Privacy Petition
CASE-007576,Real Estate & Housing,Builder-Buyer / RERA Dispute
CASE-007577,Criminal Law,Criminal Trial
CASE-007578,Property & Land,Property / Partition Suit
CASE-007579,Consumer Protection,Deficiency in Service Complaint
CASE-007580,Real Estate & Housing,Builder-Buyer / RERA Dispute
CASE-007581,Property & Land,Property / Partition Suit
CASE-007582,Divorce & Matrimonial,Divorce Petition
CASE-007583,Human Rights & PIL,Public Interest Litigation
CASE-007584,Constitutional Law,Writ / Fundamental Rights Petition
CASE-007585,Real Estate & Housing,Builder-Buyer / RERA Dispute
CASE-007586,Education Law,Student Admission / Examination Dispute
CASE-007587,Family & Succession,Inheritance / Probate
CASE-007588,Medical Negligence,Medical Negligence Complaint
CASE-007589,Criminal Law,Criminal Trial
CASE-007590,Environmental Law,Environmental Clearance Challenge
CASE-007591,Divorce & Matrimonial,Divorce Petition
CASE-007592,Corporate & Commercial,Commercial Contract Dispute
CASE-007593,Medical Negligence,Medical Negligence Complaint
CASE-007594,Banking & Finance,Loan Recovery / Cheque Dishonour
CASE-007595,Administrative Law,Administrative Order Challenge
CASE-007596,Property & Land,Property / Partition Suit
CASE-007597,Environmental Law,Environmental Clearance Challenge
CASE-007598,Administrative Law,Administrative Order Challenge
CASE-007599,Family & Succession,Inheritance / Probate
CASE-007600,Immigration & Citizenship,Citizenship / Passport Matter
CASE-007601,Insolvency & Bankruptcy,Corporate Insolvency Resolution
CASE-007602,Contract & Agreement,Breach of Contract / Specific Performance
CASE-007603,Intellectual Property,Trademark Infringement
CASE-007604,Immigration & Citizenship,Citizenship / Passport Matter
CASE-007605,Motor Accident Claims,Motor Accident Compensation Claim
CASE-007606,Consumer Protection,Deficiency in Service Complaint
CASE-007607,Immigration & Citizenship,Citizenship / Passport Matter
CASE-007608,Data Privacy,Personal Data Misuse / Privacy Petition
CASE-007609,White Collar Crime,Money Laundering / Corruption Case
CASE-007610,Immigration & Citizenship,Citizenship / Passport Matter
CASE-007611,Cybercrime & IT,Online Fraud / Cybercrime
CASE-007612,Real Estate & Housing,Builder-Buyer / RERA Dispute
CASE-007613,Family & Succession,Inheritance / Probate
CASE-007614,Environmental Law,Environmental Clearance Challenge
CASE-007615,Administrative Law,Administrative Order Challenge
CASE-007616,Media & Defamation,Defamation Suit
CASE-007617,White Collar Crime,Money Laundering / Corruption Case
CASE-007618,Human Rights & PIL,Public Interest Litigation
CASE-007619,Medical Negligence,Medical Negligence Complaint
CASE-007620,Cybercrime & IT,Online Fraud / Cybercrime
CASE-007621,Consumer Protection,Deficiency in Service Complaint
CASE-007622,Constitutional Law,Writ / Fundamental Rights Petition
CASE-007623,Contract & Agreement,Breach of Contract / Specific Performance
CASE-007624,Media & Defamation,Defamation Suit
CASE-007625,White Collar Crime,Money Laundering / Corruption Case
CASE-007626,Employment & Labour,Wrongful Termination
CASE-007627,Banking & Finance,Loan Recovery / Cheque Dishonour
CASE-007628,White Collar Crime,Money Laundering / Corruption Case
CASE-007629,White Collar Crime,Money Laundering / Corruption Case
CASE-007630,Tax & GST,GST / Tax Assessment Appeal
CASE-007631,Arbitration,Arbitral Award Challenge
CASE-007632,Medical Negligence,Medical Negligence Complaint
CASE-007633,Human Rights & PIL,Public Interest Litigation
CASE-007634,Data Privacy,Personal Data Misuse / Privacy Petition
CASE-007635,Insolvency & Bankruptcy,Corporate Insolvency Resolution
CASE-007636,Divorce & Matrimonial,Divorce Petition
CASE-007637,Medical Negligence,Medical Negligence Complaint
CASE-007638,Property & Land,Property / Partition Suit
CASE-007639,Education Law,Student Admission / Examination Dispute
CASE-007640,Human Rights & PIL,Public Interest Litigation
CASE-007641,Employment & Labour,Wrongful Termination
CASE-007642,Consumer Protection,Deficiency in Service Complaint
CASE-007643,Administrative Law,Administrative Order Challenge
CASE-007644,Administrative Law,Administrative Order Challenge
CASE-007645,Arbitration,Arbitral Award Challenge
CASE-007646,Child Protection,POCSO / Child Protection Proceeding
CASE-007647,White Collar Crime,Money Laundering / Corruption Case
CASE-007648,Constitutional Law,Writ / Fundamental Rights Petition
CASE-007649,Employment & Labour,Wrongful Termination
CASE-007650,Media & Defamation,Defamation Suit
CASE-007651,Insolvency & Bankruptcy,Corporate Insolvency Resolution
CASE-007652,Contract & Agreement,Breach of Contract / Specific Performance
CASE-007653,Motor Accident Claims,Motor Accident Compensation Claim
CASE-007654,Employment & Labour,Wrongful Termination
CASE-007655,Family & Succession,Inheritance / Probate
CASE-007656,Motor Accident Claims,Motor Accident Compensation Claim
CASE-007657,Education Law,Student Admission / Examination Dispute
CASE-007658,Immigration & Citizenship,Citizenship / Passport Matter
CASE-007659,Medical Negligence,Medical Negligence Complaint
CASE-007660,Consumer Protection,Deficiency in Service Complaint
CASE-007661,Motor Accident Claims,Motor Accident Compensation Claim
CASE-007662,Banking & Finance,Loan Recovery / Cheque Dishonour
CASE-007663,Contract & Agreement,Breach of Contract / Specific Performance
CASE-007664,Child Protection,POCSO / Child Protection Proceeding
CASE-007665,Arbitration,Arbitral Award Challenge
CASE-007666,Environmental Law,Environmental Clearance Challenge
CASE-007667,Divorce & Matrimonial,Divorce Petition
CASE-007668,Education Law,Student Admission / Examination Dispute
CASE-007669,Medical Negligence,Medical Negligence Complaint
CASE-007670,Cybercrime & IT,Online Fraud / Cybercrime
CASE-007671,Human Rights & PIL,Public Interest Litigation
CASE-007672,Intellectual Property,Trademark Infringement
CASE-007673,Banking & Finance,Loan Recovery / Cheque Dishonour
CASE-007674,Property & Land,Property / Partition Suit
CASE-007675,Human Rights & PIL,Public Interest Litigation
CASE-007676,Intellectual Property,Trademark Infringement
CASE-007677,Tax & GST,GST / Tax Assessment Appeal
CASE-007678,White Collar Crime,Money Laundering / Corruption Case
CASE-007679,Human Rights & PIL,Public Interest Litigation
CASE-007680,Family & Succession,Inheritance / Probate
CASE-007681,Media & Defamation,Defamation Suit
CASE-007682,Real Estate & Housing,Builder-Buyer / RERA Dispute
CASE-007683,Child Protection,POCSO / Child Protection Proceeding
CASE-007684,Constitutional Law,Writ / Fundamental Rights Petition
CASE-007685,Arbitration,Arbitral Award Challenge
CASE-007686,Intellectual Property,Trademark Infringement
CASE-007687,Motor Accident Claims,Motor Accident Compensation Claim
CASE-007688,Insolvency & Bankruptcy,Corporate Insolvency Resolution
CASE-007689,Criminal Law,Criminal Trial
CASE-007690,Immigration & Citizenship,Citizenship / Passport Matter
CASE-007691,Banking & Finance,Loan Recovery / Cheque Dishonour
CASE-007692,Cybercrime & IT,Online Fraud / Cybercrime
CASE-007693,Child Protection,POCSO / Child Protection Proceeding
CASE-007694,Corporate & Commercial,Commercial Contract Dispute
CASE-007695,Divorce & Matrimonial,Divorce Petition
CASE-007696,Data Privacy,Personal Data Misuse / Privacy Petition
CASE-007697,Administrative Law,Administrative Order Challenge
CASE-007698,Arbitration,Arbitral Award Challenge
CASE-007699,Data Privacy,Personal Data Misuse / Privacy Petition
CASE-007700,Divorce & Matrimonial,Divorce Petition
CASE-007701,Property & Land,Property / Partition Suit
CASE-007702,Motor Accident Claims,Motor Accident Compensation Claim
CASE-007703,Criminal Law,Criminal Trial
CASE-007704,Banking & Finance,Loan Recovery / Cheque Dishonour
CASE-007705,Tax & GST,GST / Tax Assessment Appeal
CASE-007706,Intellectual Property,Trademark Infringement
CASE-007707,Human Rights & PIL,Public Interest Litigation
CASE-007708,Banking & Finance,Loan Recovery / Cheque Dishonour
CASE-007709,Banking & Finance,Loan Recovery / Cheque Dishonour
CASE-007710,Administrative Law,Administrative Order Challenge
CASE-007711,Insolvency & Bankruptcy,Corporate Insolvency Resolution
CASE-007712,Arbitration,Arbitral Award Challenge
CASE-007713,Arbitration,Arbitral Award Challenge
CASE-007714,Tax & GST,GST / Tax Assessment Appeal
CASE-007715,Arbitration,Arbitral Award Challenge
CASE-007716,Immigration & Citizenship,Citizenship / Passport Matter
CASE-007717,Child Protection,POCSO / Child Protection Proceeding
CASE-007718,Intellectual Property,Trademark Infringement
CASE-007719,Family & Succession,Inheritance / Probate
CASE-007720,Media & Defamation,Defamation Suit
CASE-007721,Consumer Protection,Deficiency in Service Complaint
CASE-007722,Environmental Law,Environmental Clearance Challenge
CASE-007723,Criminal Law,Criminal Trial
CASE-007724,Insolvency & Bankruptcy,Corporate Insolvency Resolution
CASE-007725,Child Protection,POCSO / Child Protection Proceeding
CASE-007726,Media & Defamation,Defamation Suit
CASE-007727,Arbitration,Arbitral Award Challenge
CASE-007728,Environmental Law,Environmental Clearance Challenge
CASE-007729,Family & Succession,Inheritance / Probate
CASE-007730,Insolvency & Bankruptcy,Corporate Insolvency Resolution
CASE-007731,Property & Land,Property / Partition Suit
CASE-007732,Environmental Law,Environmental Clearance Challenge
CASE-007733,Divorce & Matrimonial,Divorce Petition
CASE-007734,Corporate & Commercial,Commercial Contract Dispute
CASE-007735,Data Privacy,Personal Data Misuse / Privacy Petition
CASE-007736,Contract & Agreement,Breach of Contract / Specific Performance
CASE-007737,White Collar Crime,Money Laundering / Corruption Case
CASE-007738,Banking & Finance,Loan Recovery / Cheque Dishonour
CASE-007739,Real Estate & Housing,Builder-Buyer / RERA Dispute
CASE-007740,Criminal Law,Criminal Trial
CASE-007741,Divorce & Matrimonial,Divorce Petition
CASE-007742,Cybercrime & IT,Online Fraud / Cybercrime
CASE-007743,Human Rights & PIL,Public Interest Litigation
CASE-007744,Motor Accident Claims,Motor Accident Compensation Claim
CASE-007745,White Collar Crime,Money Laundering / Corruption Case
CASE-007746,Child Protection,POCSO / Child Protection Proceeding
CASE-007747,Human Rights & PIL,Public Interest Litigation
CASE-007748,White Collar Crime,Money Laundering / Corruption Case
CASE-007749,Intellectual Property,Trademark Infringement
CASE-007750,Education Law,Student Admission / Examination Dispute
CASE-007751,Child Protection,POCSO / Child Protection Proceeding
CASE-007752,Environmental Law,Environmental Clearance Challenge
CASE-007753,Immigration & Citizenship,Citizenship / Passport Matter
CASE-007754,Human Rights & PIL,Public Interest Litigation
CASE-007755,Criminal Law,Criminal Trial
CASE-007756,Criminal Law,Criminal Trial
CASE-007757,Constitutional Law,Writ / Fundamental Rights Petition
CASE-007758,Data Privacy,Personal Data Misuse / Privacy Petition
CASE-007759,Banking & Finance,Loan Recovery / Cheque Dishonour
CASE-007760,Medical Negligence,Medical Negligence Complaint
CASE-007761,Administrative Law,Administrative Order Challenge
CASE-007762,Tax & GST,GST / Tax Assessment Appeal
CASE-007763,Constitutional Law,Writ / Fundamental Rights Petition
CASE-007764,White Collar Crime,Money Laundering / Corruption Case
CASE-007765,Real Estate & Housing,Builder-Buyer / RERA Dispute
CASE-007766,Tax & GST,GST / Tax Assessment Appeal
CASE-007767,Employment & Labour,Wrongful Termination
CASE-007768,Education Law,Student Admission / Examination Dispute
CASE-007769,Consumer Protection,Deficiency in Service Complaint
CASE-007770,Education Law,Student Admission / Examination Dispute
CASE-007771,Constitutional Law,Writ / Fundamental Rights Petition
CASE-007772,Corporate & Commercial,Commercial Contract Dispute
CASE-007773,Corporate & Commercial,Commercial Contract Dispute
CASE-007774,Property & Land,Property / Partition Suit
CASE-007775,Cybercrime & IT,Online Fraud / Cybercrime
CASE-007776,Divorce & Matrimonial,Divorce Petition
CASE-007777,Immigration & Citizenship,Citizenship / Passport Matter
CASE-007778,Constitutional Law,Writ / Fundamental Rights Petition
CASE-007779,Arbitration,Arbitral Award Challenge
CASE-007780,Insolvency & Bankruptcy,Corporate Insolvency Resolution
CASE-007781,Real Estate & Housing,Builder-Buyer / RERA Dispute
CASE-007782,Child Protection,POCSO / Child Protection Proceeding
CASE-007783,Child Protection,POCSO / Child Protection Proceeding
CASE-007784,Constitutional Law,Writ / Fundamental Rights Petition
CASE-007785,Environmental Law,Environmental Clearance Challenge
CASE-007786,Immigration & Citizenship,Citizenship / Passport Matter
CASE-007787,Motor Accident Claims,Motor Accident Compensation Claim
CASE-007788,Criminal Law,Criminal Trial
CASE-007789,Corporate & Commercial,Commercial Contract Dispute
CASE-007790,Criminal Law,Criminal Trial
CASE-007791,Education Law,Student Admission / Examination Dispute
CASE-007792,Consumer Protection,Deficiency in Service Complaint
CASE-007793,Administrative Law,Administrative Order Challenge
CASE-007794,Constitutional Law,Writ / Fundamental Rights Petition
CASE-007795,Tax & GST,GST / Tax Assessment Appeal
CASE-007796,Education Law,Student Admission / Examination Dispute
CASE-007797,Administrative Law,Administrative Order Challenge
CASE-007798,Intellectual Property,Trademark Infringement
CASE-007799,Immigration & Citizenship,Citizenship / Passport Matter
CASE-007800,Insolvency & Bankruptcy,Corporate Insolvency Resolution
CASE-007801,White Collar Crime,Money Laundering / Corruption Case
CASE-007802,Banking & Finance,Loan Recovery / Cheque Dishonour
CASE-007803,Cybercrime & IT,Online Fraud / Cybercrime
CASE-007804,Medical Negligence,Medical Negligence Complaint
CASE-007805,Administrative Law,Administrative Order Challenge
CASE-007806,Insolvency & Bankruptcy,Corporate Insolvency Resolution
CASE-007807,Administrative Law,Administrative Order Challenge
CASE-007808,Immigration & Citizenship,Citizenship / Passport Matter
CASE-007809,Real Estate & Housing,Builder-Buyer / RERA Dispute
CASE-007810,Intellectual Property,Trademark Infringement
CASE-007811,Insolvency & Bankruptcy,Corporate Insolvency Resolution
CASE-007812,Media & Defamation,Defamation Suit
CASE-007813,Data Privacy,Personal Data Misuse / Privacy Petition
CASE-007814,Employment & Labour,Wrongful Termination
CASE-007815,Divorce & Matrimonial,Divorce Petition
CASE-007816,Real Estate & Housing,Builder-Buyer / RERA Dispute
CASE-007817,White Collar Crime,Money Laundering / Corruption Case
CASE-007818,Employment & Labour,Wrongful Termination
CASE-007819,Banking & Finance,Loan Recovery / Cheque Dishonour
CASE-007820,Motor Accident Claims,Motor Accident Compensation Claim
CASE-007821,Child Protection,POCSO / Child Protection Proceeding
CASE-007822,Media & Defamation,Defamation Suit
CASE-007823,Intellectual Property,Trademark Infringement
CASE-007824,Consumer Protection,Deficiency in Service Complaint
CASE-007825,Media & Defamation,Defamation Suit
CASE-007826,Insolvency & Bankruptcy,Corporate Insolvency Resolution
CASE-007827,Real Estate & Housing,Builder-Buyer / RERA Dispute
CASE-007828,Contract & Agreement,Breach of Contract / Specific Performance
CASE-007829,Child Protection,POCSO / Child Protection Proceeding
CASE-007830,Insolvency & Bankruptcy,Corporate Insolvency Resolution
CASE-007831,Employment & Labour,Wrongful Termination
CASE-007832,Child Protection,POCSO / Child Protection Proceeding
CASE-007833,Insolvency & Bankruptcy,Corporate Insolvency Resolution
CASE-007834,Immigration & Citizenship,Citizenship / Passport Matter
CASE-007835,Environmental Law,Environmental Clearance Challenge
CASE-007836,Immigration & Citizenship,Citizenship / Passport Matter
CASE-007837,Data Privacy,Personal Data Misuse / Privacy Petition
CASE-007838,Environmental Law,Environmental Clearance Challenge
CASE-007839,Divorce & Matrimonial,Divorce Petition
CASE-007840,Child Protection,POCSO / Child Protection Proceeding
CASE-007841,White Collar Crime,Money Laundering / Corruption Case
CASE-007842,Medical Negligence,Medical Negligence Complaint
CASE-007843,Criminal Law,Criminal Trial
CASE-007844,Tax & GST,GST / Tax Assessment Appeal
CASE-007845,Cybercrime & IT,Online Fraud / Cybercrime
CASE-007846,Banking & Finance,Loan Recovery / Cheque Dishonour
CASE-007847,Contract & Agreement,Breach of Contract / Specific Performance
CASE-007848,Divorce & Matrimonial,Divorce Petition
CASE-007849,Human Rights & PIL,Public Interest Litigation
CASE-007850,Immigration & Citizenship,Citizenship / Passport Matter
CASE-007851,Divorce & Matrimonial,Divorce Petition
CASE-007852,Cybercrime & IT,Online Fraud / Cybercrime
CASE-007853,Data Privacy,Personal Data Misuse / Privacy Petition
CASE-007854,Family & Succession,Inheritance / Probate
CASE-007855,Administrative Law,Administrative Order Challenge
CASE-007856,Education Law,Student Admission / Examination Dispute
CASE-007857,Divorce & Matrimonial,Divorce Petition
CASE-007858,Child Protection,POCSO / Child Protection Proceeding
CASE-007859,Insolvency & Bankruptcy,Corporate Insolvency Resolution
CASE-007860,Data Privacy,Personal Data Misuse / Privacy Petition
CASE-007861,Banking & Finance,Loan Recovery / Cheque Dishonour
CASE-007862,White Collar Crime,Money Laundering / Corruption Case
CASE-007863,Contract & Agreement,Breach of Contract / Specific Performance
CASE-007864,Insolvency & Bankruptcy,Corporate Insolvency Resolution
CASE-007865,Human Rights & PIL,Public Interest Litigation
CASE-007866,Criminal Law,Criminal Trial
CASE-007867,Criminal Law,Criminal Trial
CASE-007868,Motor Accident Claims,Motor Accident Compensation Claim
CASE-007869,Education Law,Student Admission / Examination Dispute
CASE-007870,Data Privacy,Personal Data Misuse / Privacy Petition
CASE-007871,Property & Land,Property / Partition Suit
CASE-007872,Tax & GST,GST / Tax Assessment Appeal
CASE-007873,Intellectual Property,Trademark Infringement
CASE-007874,Tax & GST,GST / Tax Assessment Appeal
CASE-007875,Immigration & Citizenship,Citizenship / Passport Matter
CASE-007876,Education Law,Student Admission / Examination Dispute
CASE-007877,Constitutional Law,Writ / Fundamental Rights Petition
CASE-007878,Tax & GST,GST / Tax Assessment Appeal
CASE-007879,Administrative Law,Administrative Order Challenge
CASE-007880,Education Law,Student Admission / Examination Dispute
CASE-007881,Insolvency & Bankruptcy,Corporate Insolvency Resolution
CASE-007882,Corporate & Commercial,Commercial Contract Dispute
CASE-007883,Arbitration,Arbitral Award Challenge
CASE-007884,Employment & Labour,Wrongful Termination
CASE-007885,Banking & Finance,Loan Recovery / Cheque Dishonour
CASE-007886,Real Estate & Housing,Builder-Buyer / RERA Dispute
CASE-007887,Employment & Labour,Wrongful Termination
CASE-007888,Real Estate & Housing,Builder-Buyer / RERA Dispute
CASE-007889,Motor Accident Claims,Motor Accident Compensation Claim
CASE-007890,Intellectual Property,Trademark Infringement
CASE-007891,Contract & Agreement,Breach of Contract / Specific Performance
CASE-007892,Employment & Labour,Wrongful Termination
CASE-007893,Cybercrime & IT,Online Fraud / Cybercrime
CASE-007894,Motor Accident Claims,Motor Accident Compensation Claim
CASE-007895,Consumer Protection,Deficiency in Service Complaint
CASE-007896,Insolvency & Bankruptcy,Corporate Insolvency Resolution
CASE-007897,Employment & Labour,Wrongful Termination
CASE-007898,Administrative Law,Administrative Order Challenge
CASE-007899,Cybercrime & IT,Online Fraud / Cybercrime
CASE-007900,Human Rights & PIL,Public Interest Litigation
CASE-007901,Corporate & Commercial,Commercial Contract Dispute
CASE-007902,Administrative Law,Administrative Order Challenge
CASE-007903,Administrative Law,Administrative Order Challenge
CASE-007904,White Collar Crime,Money Laundering / Corruption Case
CASE-007905,White Collar Crime,Money Laundering / Corruption Case
CASE-007906,Environmental Law,Environmental Clearance Challenge
CASE-007907,Medical Negligence,Medical Negligence Complaint
CASE-007908,Education Law,Student Admission / Examination Dispute
CASE-007909,Intellectual Property,Trademark Infringement
CASE-007910,Tax & GST,GST / Tax Assessment Appeal
CASE-007911,Real Estate & Housing,Builder-Buyer / RERA Dispute
CASE-007912,Family & Succession,Inheritance / Probate
CASE-007913,Medical Negligence,Medical Negligence Complaint
CASE-007914,Consumer Protection,Deficiency in Service Complaint
CASE-007915,Immigration & Citizenship,Citizenship / Passport Matter
CASE-007916,Motor Accident Claims,Motor Accident Compensation Claim
CASE-007917,Contract & Agreement,Breach of Contract / Specific Performance
CASE-007918,Insolvency & Bankruptcy,Corporate Insolvency Resolution
CASE-007919,Cybercrime & IT,Online Fraud / Cybercrime
CASE-007920,Education Law,Student Admission / Examination Dispute
CASE-007921,White Collar Crime,Money Laundering / Corruption Case
CASE-007922,Constitutional Law,Writ / Fundamental Rights Petition
CASE-007923,Media & Defamation,Defamation Suit
CASE-007924,Real Estate & Housing,Builder-Buyer / RERA Dispute
CASE-007925,Human Rights & PIL,Public Interest Litigation
CASE-007926,Divorce & Matrimonial,Divorce Petition
CASE-007927,Child Protection,POCSO / Child Protection Proceeding
CASE-007928,Family & Succession,Inheritance / Probate
CASE-007929,Consumer Protection,Deficiency in Service Complaint
CASE-007930,Employment & Labour,Wrongful Termination
CASE-007931,Cybercrime & IT,Online Fraud / Cybercrime
CASE-007932,Real Estate & Housing,Builder-Buyer / RERA Dispute
CASE-007933,Criminal Law,Criminal Trial
CASE-007934,Employment & Labour,Wrongful Termination
CASE-007935,Real Estate & Housing,Builder-Buyer / RERA Dispute
CASE-007936,Data Privacy,Personal Data Misuse / Privacy Petition
CASE-007937,Contract & Agreement,Breach of Contract / Specific Performance
CASE-007938,Divorce & Matrimonial,Divorce Petition
CASE-007939,Family & Succession,Inheritance / Probate
CASE-007940,Contract & Agreement,Breach of Contract / Specific Performance
CASE-007941,Administrative Law,Administrative Order Challenge
CASE-007942,Corporate & Commercial,Commercial Contract Dispute
CASE-007943,Tax & GST,GST / Tax Assessment Appeal
CASE-007944,Immigration & Citizenship,Citizenship / Passport Matter
CASE-007945,Property & Land,Property / Partition Suit
CASE-007946,Constitutional Law,Writ / Fundamental Rights Petition
CASE-007947,Constitutional Law,Writ / Fundamental Rights Petition
CASE-007948,Arbitration,Arbitral Award Challenge
CASE-007949,Banking & Finance,Loan Recovery / Cheque Dishonour
CASE-007950,Media & Defamation,Defamation Suit
CASE-007951,Banking & Finance,Loan Recovery / Cheque Dishonour
CASE-007952,Motor Accident Claims,Motor Accident Compensation Claim
CASE-007953,Corporate & Commercial,Commercial Contract Dispute
CASE-007954,Corporate & Commercial,Commercial Contract Dispute
CASE-007955,Real Estate & Housing,Builder-Buyer / RERA Dispute
CASE-007956,Property & Land,Property / Partition Suit
CASE-007957,Child Protection,POCSO / Child Protection Proceeding
CASE-007958,Cybercrime & IT,Online Fraud / Cybercrime
CASE-007959,Insolvency & Bankruptcy,Corporate Insolvency Resolution
CASE-007960,Data Privacy,Personal Data Misuse / Privacy Petition
CASE-007961,Cybercrime & IT,Online Fraud / Cybercrime
CASE-007962,Criminal Law,Criminal Trial
CASE-007963,Insolvency & Bankruptcy,Corporate Insolvency Resolution
CASE-007964,Child Protection,POCSO / Child Protection Proceeding
CASE-007965,Banking & Finance,Loan Recovery / Cheque Dishonour
CASE-007966,Criminal Law,Criminal Trial
CASE-007967,Arbitration,Arbitral Award Challenge
CASE-007968,Data Privacy,Personal Data Misuse / Privacy Petition
CASE-007969,Corporate & Commercial,Commercial Contract Dispute
CASE-007970,Constitutional Law,Writ / Fundamental Rights Petition
CASE-007971,Media & Defamation,Defamation Suit
CASE-007972,Media & Defamation,Defamation Suit
CASE-007973,Education Law,Student Admission / Examination Dispute
CASE-007974,Constitutional Law,Writ / Fundamental Rights Petition
CASE-007975,Property & Land,Property / Partition Suit
CASE-007976,Property & Land,Property / Partition Suit
CASE-007977,Divorce & Matrimonial,Divorce Petition
CASE-007978,Intellectual Property,Trademark Infringement
CASE-007979,Immigration & Citizenship,Citizenship / Passport Matter
CASE-007980,Data Privacy,Personal Data Misuse / Privacy Petition
CASE-007981,Arbitration,Arbitral Award Challenge
CASE-007982,Corporate & Commercial,Commercial Contract Dispute
CASE-007983,Child Protection,POCSO / Child Protection Proceeding
CASE-007984,Arbitration,Arbitral Award Challenge
CASE-007985,Data Privacy,Personal Data Misuse / Privacy Petition
CASE-007986,Human Rights & PIL,Public Interest Litigation
CASE-007987,Employment & Labour,Wrongful Termination
CASE-007988,Environmental Law,Environmental Clearance Challenge
CASE-007989,Medical Negligence,Medical Negligence Complaint
CASE-007990,Constitutional Law,Writ / Fundamental Rights Petition
CASE-007991,Medical Negligence,Medical Negligence Complaint
CASE-007992,Criminal Law,Criminal Trial
CASE-007993,Education Law,Student Admission / Examination Dispute
CASE-007994,Medical Negligence,Medical Negligence Complaint
CASE-007995,Arbitration,Arbitral Award Challenge
CASE-007996,Insolvency & Bankruptcy,Corporate Insolvency Resolution
CASE-007997,Tax & GST,GST / Tax Assessment Appeal
CASE-007998,Arbitration,Arbitral Award Challenge
CASE-007999,Consumer Protection,Deficiency in Service Complaint
CASE-008000,Medical Negligence,Medical Negligence Complaint
CASE-008001,Corporate & Commercial,Commercial Contract Dispute
CASE-008002,White Collar Crime,Money Laundering / Corruption Case
CASE-008003,Family & Succession,Inheritance / Probate
CASE-008004,Contract & Agreement,Breach of Contract / Specific Performance
CASE-008005,Administrative Law,Administrative Order Challenge
CASE-008006,Environmental Law,Environmental Clearance Challenge
CASE-008007,Administrative Law,Administrative Order Challenge
CASE-008008,Constitutional Law,Writ / Fundamental Rights Petition
CASE-008009,Property & Land,Property / Partition Suit
CASE-008010,Intellectual Property,Trademark Infringement
CASE-008011,Tax & GST,GST / Tax Assessment Appeal
CASE-008012,Immigration & Citizenship,Citizenship / Passport Matter
CASE-008013,Human Rights & PIL,Public Interest Litigation
CASE-008014,Banking & Finance,Loan Recovery / Cheque Dishonour
CASE-008015,Cybercrime & IT,Online Fraud / Cybercrime
CASE-008016,Consumer Protection,Deficiency in Service Complaint
CASE-008017,Property & Land,Property / Partition Suit
CASE-008018,Immigration & Citizenship,Citizenship / Passport Matter
CASE-008019,Banking & Finance,Loan Recovery / Cheque Dishonour
CASE-008020,Corporate & Commercial,Commercial Contract Dispute
CASE-008021,Consumer Protection,Deficiency in Service Complaint
CASE-008022,Immigration & Citizenship,Citizenship / Passport Matter
CASE-008023,Media & Defamation,Defamation Suit
CASE-008024,Family & Succession,Inheritance / Probate
CASE-008025,Medical Negligence,Medical Negligence Complaint
CASE-008026,Administrative Law,Administrative Order Challenge
CASE-008027,Education Law,Student Admission / Examination Dispute
CASE-008028,Divorce & Matrimonial,Divorce Petition
CASE-008029,Child Protection,POCSO / Child Protection Proceeding
CASE-008030,Constitutional Law,Writ / Fundamental Rights Petition
CASE-008031,Immigration & Citizenship,Citizenship / Passport Matter
CASE-008032,Medical Negligence,Medical Negligence Complaint
CASE-008033,Media & Defamation,Defamation Suit
CASE-008034,Real Estate & Housing,Builder-Buyer / RERA Dispute
CASE-008035,Real Estate & Housing,Builder-Buyer / RERA Dispute
CASE-008036,Employment & Labour,Wrongful Termination
CASE-008037,Intellectual Property,Trademark Infringement
CASE-008038,Employment & Labour,Wrongful Termination
CASE-008039,Insolvency & Bankruptcy,Corporate Insolvency Resolution
CASE-008040,Family & Succession,Inheritance / Probate
CASE-008041,Real Estate & Housing,Builder-Buyer / RERA Dispute
CASE-008042,Criminal Law,Criminal Trial
CASE-008043,Real Estate & Housing,Builder-Buyer / RERA Dispute
CASE-008044,Constitutional Law,Writ / Fundamental Rights Petition
CASE-008045,White Collar Crime,Money Laundering / Corruption Case
CASE-008046,Tax & GST,GST / Tax Assessment Appeal
CASE-008047,Banking & Finance,Loan Recovery / Cheque Dishonour
CASE-008048,Constitutional Law,Writ / Fundamental Rights Petition
CASE-008049,Tax & GST,GST / Tax Assessment Appeal
CASE-008050,Human Rights & PIL,Public Interest Litigation
CASE-008051,Intellectual Property,Trademark Infringement
CASE-008052,Immigration & Citizenship,Citizenship / Passport Matter
CASE-008053,Insolvency & Bankruptcy,Corporate Insolvency Resolution
CASE-008054,Family & Succession,Inheritance / Probate
CASE-008055,Arbitration,Arbitral Award Challenge
CASE-008056,Arbitration,Arbitral Award Challenge
CASE-008057,White Collar Crime,Money Laundering / Corruption Case
CASE-008058,Insolvency & Bankruptcy,Corporate Insolvency Resolution
CASE-008059,Banking & Finance,Loan Recovery / Cheque Dishonour
CASE-008060,Constitutional Law,Writ / Fundamental Rights Petition
CASE-008061,Education Law,Student Admission / Examination Dispute
CASE-008062,Tax & GST,GST / Tax Assessment Appeal
CASE-008063,Administrative Law,Administrative Order Challenge
CASE-008064,Motor Accident Claims,Motor Accident Compensation Claim
CASE-008065,Immigration & Citizenship,Citizenship / Passport Matter
CASE-008066,Immigration & Citizenship,Citizenship / Passport Matter
CASE-008067,Intellectual Property,Trademark Infringement
CASE-008068,Criminal Law,Criminal Trial
CASE-008069,Immigration & Citizenship,Citizenship / Passport Matter
CASE-008070,Family & Succession,Inheritance / Probate
CASE-008071,Environmental Law,Environmental Clearance Challenge
CASE-008072,Real Estate & Housing,Builder-Buyer / RERA Dispute
CASE-008073,Divorce & Matrimonial,Divorce Petition
CASE-008074,Child Protection,POCSO / Child Protection Proceeding
CASE-008075,Intellectual Property,Trademark Infringement
CASE-008076,Cybercrime & IT,Online Fraud / Cybercrime
CASE-008077,Data Privacy,Personal Data Misuse / Privacy Petition
CASE-008078,Environmental Law,Environmental Clearance Challenge
CASE-008079,Contract & Agreement,Breach of Contract / Specific Performance
CASE-008080,White Collar Crime,Money Laundering / Corruption Case
CASE-008081,White Collar Crime,Money Laundering / Corruption Case
CASE-008082,Environmental Law,Environmental Clearance Challenge
CASE-008083,Family & Succession,Inheritance / Probate
CASE-008084,Arbitration,Arbitral Award Challenge
CASE-008085,Consumer Protection,Deficiency in Service Complaint
CASE-008086,Real Estate & Housing,Builder-Buyer / RERA Dispute
CASE-008087,Constitutional Law,Writ / Fundamental Rights Petition
CASE-008088,Insolvency & Bankruptcy,Corporate Insolvency Resolution
CASE-008089,Insolvency & Bankruptcy,Corporate Insolvency Resolution
CASE-008090,Property & Land,Property / Partition Suit
CASE-008091,Employment & Labour,Wrongful Termination
CASE-008092,Consumer Protection,Deficiency in Service Complaint
CASE-008093,Education Law,Student Admission / Examination Dispute
CASE-008094,Insolvency & Bankruptcy,Corporate Insolvency Resolution
CASE-008095,Education Law,Student Admission / Examination Dispute
CASE-008096,Arbitration,Arbitral Award Challenge
CASE-008097,Real Estate & Housing,Builder-Buyer / RERA Dispute
CASE-008098,Real Estate & Housing,Builder-Buyer / RERA Dispute
CASE-008099,Child Protection,POCSO / Child Protection Proceeding
CASE-008100,Real Estate & Housing,Builder-Buyer / RERA Dispute
CASE-008101,Education Law,Student Admission / Examination Dispute
CASE-008102,Insolvency & Bankruptcy,Corporate Insolvency Resolution
CASE-008103,Real Estate & Housing,Builder-Buyer / RERA Dispute
CASE-008104,Employment & Labour,Wrongful Termination
CASE-008105,Real Estate & Housing,Builder-Buyer / RERA Dispute
CASE-008106,Medical Negligence,Medical Negligence Complaint
CASE-008107,Insolvency & Bankruptcy,Corporate Insolvency Resolution
CASE-008108,Corporate & Commercial,Commercial Contract Dispute
CASE-008109,Contract & Agreement,Breach of Contract / Specific Performance
CASE-008110,Insolvency & Bankruptcy,Corporate Insolvency Resolution
CASE-008111,Immigration & Citizenship,Citizenship / Passport Matter
CASE-008112,Data Privacy,Personal Data Misuse / Privacy Petition
CASE-008113,Intellectual Property,Trademark Infringement
CASE-008114,Property & Land,Property / Partition Suit
CASE-008115,Employment & Labour,Wrongful Termination
CASE-008116,Media & Defamation,Defamation Suit
CASE-008117,Employment & Labour,Wrongful Termination
CASE-008118,Motor Accident Claims,Motor Accident Compensation Claim
CASE-008119,Criminal Law,Criminal Trial
CASE-008120,Human Rights & PIL,Public Interest Litigation
CASE-008121,Divorce & Matrimonial,Divorce Petition
CASE-008122,Divorce & Matrimonial,Divorce Petition
CASE-008123,White Collar Crime,Money Laundering / Corruption Case
CASE-008124,Child Protection,POCSO / Child Protection Proceeding
CASE-008125,White Collar Crime,Money Laundering / Corruption Case
CASE-008126,Criminal Law,Criminal Trial
CASE-008127,Child Protection,POCSO / Child Protection Proceeding
CASE-008128,Corporate & Commercial,Commercial Contract Dispute
CASE-008129,Tax & GST,GST / Tax Assessment Appeal
CASE-008130,Tax & GST,GST / Tax Assessment Appeal
CASE-008131,Cybercrime & IT,Online Fraud / Cybercrime
CASE-008132,Criminal Law,Criminal Trial
CASE-008133,Data Privacy,Personal Data Misuse / Privacy Petition
CASE-008134,Motor Accident Claims,Motor Accident Compensation Claim
CASE-008135,Administrative Law,Administrative Order Challenge
CASE-008136,Media & Defamation,Defamation Suit
CASE-008137,White Collar Crime,Money Laundering / Corruption Case
CASE-008138,Consumer Protection,Deficiency in Service Complaint
CASE-008139,Real Estate & Housing,Builder-Buyer / RERA Dispute
CASE-008140,Arbitration,Arbitral Award Challenge
CASE-008141,Insolvency & Bankruptcy,Corporate Insolvency Resolution
CASE-008142,Constitutional Law,Writ / Fundamental Rights Petition
CASE-008143,Real Estate & Housing,Builder-Buyer / RERA Dispute
CASE-008144,Administrative Law,Administrative Order Challenge
CASE-008145,Criminal Law,Criminal Trial
CASE-008146,Constitutional Law,Writ / Fundamental Rights Petition
CASE-008147,Medical Negligence,Medical Negligence Complaint
CASE-008148,Medical Negligence,Medical Negligence Complaint
CASE-008149,Divorce & Matrimonial,Divorce Petition
CASE-008150,Intellectual Property,Trademark Infringement
CASE-008151,Contract & Agreement,Breach of Contract / Specific Performance
CASE-008152,Employment & Labour,Wrongful Termination
CASE-008153,Employment & Labour,Wrongful Termination
CASE-008154,Banking & Finance,Loan Recovery / Cheque Dishonour
CASE-008155,Administrative Law,Administrative Order Challenge
CASE-008156,Cybercrime & IT,Online Fraud / Cybercrime
CASE-008157,Tax & GST,GST / Tax Assessment Appeal
CASE-008158,Banking & Finance,Loan Recovery / Cheque Dishonour
CASE-008159,Data Privacy,Personal Data Misuse / Privacy Petition
CASE-008160,Property & Land,Property / Partition Suit
CASE-008161,Education Law,Student Admission / Examination Dispute
CASE-008162,Family & Succession,Inheritance / Probate
CASE-008163,White Collar Crime,Money Laundering / Corruption Case
CASE-008164,Motor Accident Claims,Motor Accident Compensation Claim
CASE-008165,Cybercrime & IT,Online Fraud / Cybercrime
CASE-008166,Education Law,Student Admission / Examination Dispute
CASE-008167,Immigration & Citizenship,Citizenship / Passport Matter
CASE-008168,Media & Defamation,Defamation Suit
CASE-008169,Consumer Protection,Deficiency in Service Complaint
CASE-008170,Motor Accident Claims,Motor Accident Compensation Claim
CASE-008171,Education Law,Student Admission / Examination Dispute
CASE-008172,Motor Accident Claims,Motor Accident Compensation Claim
CASE-008173,Intellectual Property,Trademark Infringement
CASE-008174,Real Estate & Housing,Builder-Buyer / RERA Dispute
CASE-008175,Criminal Law,Criminal Trial
CASE-008176,Intellectual Property,Trademark Infringement
CASE-008177,Intellectual Property,Trademark Infringement
CASE-008178,Insolvency & Bankruptcy,Corporate Insolvency Resolution
CASE-008179,Data Privacy,Personal Data Misuse / Privacy Petition
CASE-008180,Motor Accident Claims,Motor Accident Compensation Claim
CASE-008181,Family & Succession,Inheritance / Probate
CASE-008182,Child Protection,POCSO / Child Protection Proceeding
CASE-008183,Media & Defamation,Defamation Suit
CASE-008184,Child Protection,POCSO / Child Protection Proceeding
CASE-008185,Real Estate & Housing,Builder-Buyer / RERA Dispute
CASE-008186,Real Estate & Housing,Builder-Buyer / RERA Dispute
CASE-008187,Property & Land,Property / Partition Suit
CASE-008188,Tax & GST,GST / Tax Assessment Appeal
CASE-008189,Arbitration,Arbitral Award Challenge
CASE-008190,Real Estate & Housing,Builder-Buyer / RERA Dispute
CASE-008191,Environmental Law,Environmental Clearance Challenge
CASE-008192,Environmental Law,Environmental Clearance Challenge
CASE-008193,Consumer Protection,Deficiency in Service Complaint
CASE-008194,Banking & Finance,Loan Recovery / Cheque Dishonour
CASE-008195,Intellectual Property,Trademark Infringement
CASE-008196,Child Protection,POCSO / Child Protection Proceeding
CASE-008197,Banking & Finance,Loan Recovery / Cheque Dishonour
CASE-008198,Corporate & Commercial,Commercial Contract Dispute
CASE-008199,Banking & Finance,Loan Recovery / Cheque Dishonour
CASE-008200,Banking & Finance,Loan Recovery / Cheque Dishonour
CASE-008201,Medical Negligence,Medical Negligence Complaint
CASE-008202,Human Rights & PIL,Public Interest Litigation
CASE-008203,White Collar Crime,Money Laundering / Corruption Case
CASE-008204,Property & Land,Property / Partition Suit
CASE-008205,Criminal Law,Criminal Trial
CASE-008206,Criminal Law,Criminal Trial
CASE-008207,Environmental Law,Environmental Clearance Challenge
CASE-008208,Intellectual Property,Trademark Infringement
CASE-008209,Media & Defamation,Defamation Suit
CASE-008210,Environmental Law,Environmental Clearance Challenge
CASE-008211,White Collar Crime,Money Laundering / Corruption Case
CASE-008212,Criminal Law,Criminal Trial
CASE-008213,Intellectual Property,Trademark Infringement
CASE-008214,Medical Negligence,Medical Negligence Complaint
CASE-008215,Tax & GST,GST / Tax Assessment Appeal
CASE-008216,Real Estate & Housing,Builder-Buyer / RERA Dispute
CASE-008217,Arbitration,Arbitral Award Challenge
CASE-008218,Family & Succession,Inheritance / Probate
CASE-008219,Family & Succession,Inheritance / Probate
CASE-008220,Child Protection,POCSO / Child Protection Proceeding
CASE-008221,Banking & Finance,Loan Recovery / Cheque Dishonour
CASE-008222,Immigration & Citizenship,Citizenship / Passport Matter
CASE-008223,Human Rights & PIL,Public Interest Litigation
CASE-008224,Employment & Labour,Wrongful Termination
CASE-008225,Contract & Agreement,Breach of Contract / Specific Performance
CASE-008226,Family & Succession,Inheritance / Probate
CASE-008227,Education Law,Student Admission / Examination Dispute
CASE-008228,Cybercrime & IT,Online Fraud / Cybercrime
CASE-008229,Intellectual Property,Trademark Infringement
CASE-008230,Criminal Law,Criminal Trial
CASE-008231,Intellectual Property,Trademark Infringement
CASE-008232,Criminal Law,Criminal Trial
CASE-008233,Insolvency & Bankruptcy,Corporate Insolvency Resolution
CASE-008234,Media & Defamation,Defamation Suit
CASE-008235,Administrative Law,Administrative Order Challenge
CASE-008236,Corporate & Commercial,Commercial Contract Dispute
CASE-008237,Human Rights & PIL,Public Interest Litigation
CASE-008238,Consumer Protection,Deficiency in Service Complaint
CASE-008239,Banking & Finance,Loan Recovery / Cheque Dishonour
CASE-008240,Administrative Law,Administrative Order Challenge
CASE-008241,Data Privacy,Personal Data Misuse / Privacy Petition
CASE-008242,Property & Land,Property / Partition Suit
CASE-008243,Medical Negligence,Medical Negligence Complaint
CASE-008244,Insolvency & Bankruptcy,Corporate Insolvency Resolution
CASE-008245,Criminal Law,Criminal Trial
CASE-008246,Banking & Finance,Loan Recovery / Cheque Dishonour
CASE-008247,Family & Succession,Inheritance / Probate
CASE-008248,Constitutional Law,Writ / Fundamental Rights Petition
CASE-008249,White Collar Crime,Money Laundering / Corruption Case
CASE-008250,Environmental Law,Environmental Clearance Challenge
CASE-008251,Motor Accident Claims,Motor Accident Compensation Claim
CASE-008252,Motor Accident Claims,Motor Accident Compensation Claim
CASE-008253,Criminal Law,Criminal Trial
CASE-008254,Data Privacy,Personal Data Misuse / Privacy Petition
CASE-008255,Tax & GST,GST / Tax Assessment Appeal
CASE-008256,Insolvency & Bankruptcy,Corporate Insolvency Resolution
CASE-008257,Property & Land,Property / Partition Suit
CASE-008258,White Collar Crime,Money Laundering / Corruption Case
CASE-008259,Constitutional Law,Writ / Fundamental Rights Petition
CASE-008260,Media & Defamation,Defamation Suit
CASE-008261,Family & Succession,Inheritance / Probate
CASE-008262,Data Privacy,Personal Data Misuse / Privacy Petition
CASE-008263,Employment & Labour,Wrongful Termination
CASE-008264,Arbitration,Arbitral Award Challenge
CASE-008265,Divorce & Matrimonial,Divorce Petition
CASE-008266,Criminal Law,Criminal Trial
CASE-008267,Contract & Agreement,Breach of Contract / Specific Performance
CASE-008268,Constitutional Law,Writ / Fundamental Rights Petition
CASE-008269,Family & Succession,Inheritance / Probate
CASE-008270,Divorce & Matrimonial,Divorce Petition
CASE-008271,Constitutional Law,Writ / Fundamental Rights Petition
CASE-008272,Administrative Law,Administrative Order Challenge
CASE-008273,Media & Defamation,Defamation Suit
CASE-008274,Media & Defamation,Defamation Suit
CASE-008275,Contract & Agreement,Breach of Contract / Specific Performance
CASE-008276,Motor Accident Claims,Motor Accident Compensation Claim
CASE-008277,Media & Defamation,Defamation Suit
CASE-008278,Constitutional Law,Writ / Fundamental Rights Petition
CASE-008279,Employment & Labour,Wrongful Termination
CASE-008280,Data Privacy,Personal Data Misuse / Privacy Petition
CASE-008281,Environmental Law,Environmental Clearance Challenge
CASE-008282,Medical Negligence,Medical Negligence Complaint
CASE-008283,Medical Negligence,Medical Negligence Complaint
CASE-008284,Constitutional Law,Writ / Fundamental Rights Petition
CASE-008285,Consumer Protection,Deficiency in Service Complaint
CASE-008286,Contract & Agreement,Breach of Contract / Specific Performance
CASE-008287,Banking & Finance,Loan Recovery / Cheque Dishonour
CASE-008288,Immigration & Citizenship,Citizenship / Passport Matter
CASE-008289,Media & Defamation,Defamation Suit
CASE-008290,Property & Land,Property / Partition Suit
CASE-008291,Banking & Finance,Loan Recovery / Cheque Dishonour
CASE-008292,Administrative Law,Administrative Order Challenge
CASE-008293,Immigration & Citizenship,Citizenship / Passport Matter
CASE-008294,Arbitration,Arbitral Award Challenge
CASE-008295,Cybercrime & IT,Online Fraud / Cybercrime
CASE-008296,Contract & Agreement,Breach of Contract / Specific Performance
CASE-008297,Corporate & Commercial,Commercial Contract Dispute
CASE-008298,Banking & Finance,Loan Recovery / Cheque Dishonour
CASE-008299,Motor Accident Claims,Motor Accident Compensation Claim
CASE-008300,Property & Land,Property / Partition Suit
CASE-008301,Real Estate & Housing,Builder-Buyer / RERA Dispute
CASE-008302,Contract & Agreement,Breach of Contract / Specific Performance
CASE-008303,Banking & Finance,Loan Recovery / Cheque Dishonour
CASE-008304,Banking & Finance,Loan Recovery / Cheque Dishonour
CASE-008305,White Collar Crime,Money Laundering / Corruption Case
CASE-008306,Arbitration,Arbitral Award Challenge
CASE-008307,Intellectual Property,Trademark Infringement
CASE-008308,Consumer Protection,Deficiency in Service Complaint
CASE-008309,Consumer Protection,Deficiency in Service Complaint
CASE-008310,Cybercrime & IT,Online Fraud / Cybercrime
CASE-008311,Constitutional Law,Writ / Fundamental Rights Petition
CASE-008312,Constitutional Law,Writ / Fundamental Rights Petition
CASE-008313,Contract & Agreement,Breach of Contract / Specific Performance
CASE-008314,Constitutional Law,Writ / Fundamental Rights Petition
CASE-008315,Education Law,Student Admission / Examination Dispute
CASE-008316,Child Protection,POCSO / Child Protection Proceeding
CASE-008317,Intellectual Property,Trademark Infringement
CASE-008318,Immigration & Citizenship,Citizenship / Passport Matter
CASE-008319,Media & Defamation,Defamation Suit
CASE-008320,Real Estate & Housing,Builder-Buyer / RERA Dispute
CASE-008321,Media & Defamation,Defamation Suit
CASE-008322,Corporate & Commercial,Commercial Contract Dispute
CASE-008323,Data Privacy,Personal Data Misuse / Privacy Petition
CASE-008324,White Collar Crime,Money Laundering / Corruption Case
CASE-008325,Property & Land,Property / Partition Suit
CASE-008326,Divorce & Matrimonial,Divorce Petition
CASE-008327,Administrative Law,Administrative Order Challenge
CASE-008328,Employment & Labour,Wrongful Termination
CASE-008329,Constitutional Law,Writ / Fundamental Rights Petition
CASE-008330,Tax & GST,GST / Tax Assessment Appeal
CASE-008331,Environmental Law,Environmental Clearance Challenge
CASE-008332,Human Rights & PIL,Public Interest Litigation
CASE-008333,Contract & Agreement,Breach of Contract / Specific Performance
CASE-008334,Property & Land,Property / Partition Suit
CASE-008335,Insolvency & Bankruptcy,Corporate Insolvency Resolution
CASE-008336,Immigration & Citizenship,Citizenship / Passport Matter
CASE-008337,Immigration & Citizenship,Citizenship / Passport Matter
CASE-008338,Constitutional Law,Writ / Fundamental Rights Petition
CASE-008339,Banking & Finance,Loan Recovery / Cheque Dishonour
CASE-008340,Education Law,Student Admission / Examination Dispute
CASE-008341,Child Protection,POCSO / Child Protection Proceeding
CASE-008342,Consumer Protection,Deficiency in Service Complaint
CASE-008343,Arbitration,Arbitral Award Challenge
CASE-008344,Employment & Labour,Wrongful Termination
CASE-008345,Administrative Law,Administrative Order Challenge
CASE-008346,Intellectual Property,Trademark Infringement
CASE-008347,Divorce & Matrimonial,Divorce Petition
CASE-008348,Arbitration,Arbitral Award Challenge
CASE-008349,Contract & Agreement,Breach of Contract / Specific Performance
CASE-008350,Immigration & Citizenship,Citizenship / Passport Matter
CASE-008351,White Collar Crime,Money Laundering / Corruption Case
CASE-008352,Immigration & Citizenship,Citizenship / Passport Matter
CASE-008353,Constitutional Law,Writ / Fundamental Rights Petition
CASE-008354,Employment & Labour,Wrongful Termination
CASE-008355,Constitutional Law,Writ / Fundamental Rights Petition
CASE-008356,Contract & Agreement,Breach of Contract / Specific Performance
CASE-008357,Contract & Agreement,Breach of Contract / Specific Performance
CASE-008358,Property & Land,Property / Partition Suit
CASE-008359,Education Law,Student Admission / Examination Dispute
CASE-008360,Environmental Law,Environmental Clearance Challenge
CASE-008361,Property & Land,Property / Partition Suit
CASE-008362,Data Privacy,Personal Data Misuse / Privacy Petition
CASE-008363,Immigration & Citizenship,Citizenship / Passport Matter
CASE-008364,Cybercrime & IT,Online Fraud / Cybercrime
CASE-008365,Consumer Protection,Deficiency in Service Complaint
CASE-008366,Employment & Labour,Wrongful Termination
CASE-008367,Property & Land,Property / Partition Suit
CASE-008368,Administrative Law,Administrative Order Challenge
CASE-008369,Human Rights & PIL,Public Interest Litigation
CASE-008370,Child Protection,POCSO / Child Protection Proceeding
CASE-008371,Cybercrime & IT,Online Fraud / Cybercrime
CASE-008372,Real Estate & Housing,Builder-Buyer / RERA Dispute
CASE-008373,Environmental Law,Environmental Clearance Challenge
CASE-008374,Medical Negligence,Medical Negligence Complaint
CASE-008375,Corporate & Commercial,Commercial Contract Dispute
CASE-008376,Contract & Agreement,Breach of Contract / Specific Performance
CASE-008377,Media & Defamation,Defamation Suit
CASE-008378,Consumer Protection,Deficiency in Service Complaint
CASE-008379,Contract & Agreement,Breach of Contract / Specific Performance
CASE-008380,Administrative Law,Administrative Order Challenge
CASE-008381,Child Protection,POCSO / Child Protection Proceeding
CASE-008382,Contract & Agreement,Breach of Contract / Specific Performance
CASE-008383,Child Protection,POCSO / Child Protection Proceeding
CASE-008384,Intellectual Property,Trademark Infringement
CASE-008385,White Collar Crime,Money Laundering / Corruption Case
CASE-008386,Employment & Labour,Wrongful Termination
CASE-008387,Immigration & Citizenship,Citizenship / Passport Matter
CASE-008388,Medical Negligence,Medical Negligence Complaint
CASE-008389,Insolvency & Bankruptcy,Corporate Insolvency Resolution
CASE-008390,Consumer Protection,Deficiency in Service Complaint
CASE-008391,Divorce & Matrimonial,Divorce Petition
CASE-008392,Intellectual Property,Trademark Infringement
CASE-008393,Criminal Law,Criminal Trial
CASE-008394,Child Protection,POCSO / Child Protection Proceeding
CASE-008395,Property & Land,Property / Partition Suit
CASE-008396,White Collar Crime,Money Laundering / Corruption Case
CASE-008397,Family & Succession,Inheritance / Probate
CASE-008398,Environmental Law,Environmental Clearance Challenge
CASE-008399,Media & Defamation,Defamation Suit
CASE-008400,Real Estate & Housing,Builder-Buyer / RERA Dispute
CASE-008401,Property & Land,Property / Partition Suit
CASE-008402,Banking & Finance,Loan Recovery / Cheque Dishonour
CASE-008403,Property & Land,Property / Partition Suit
CASE-008404,Criminal Law,Criminal Trial
CASE-008405,Immigration & Citizenship,Citizenship / Passport Matter
CASE-008406,Real Estate & Housing,Builder-Buyer / RERA Dispute
CASE-008407,Motor Accident Claims,Motor Accident Compensation Claim
CASE-008408,Medical Negligence,Medical Negligence Complaint
CASE-008409,Consumer Protection,Deficiency in Service Complaint
CASE-008410,Cybercrime & IT,Online Fraud / Cybercrime
CASE-008411,Education Law,Student Admission / Examination Dispute
CASE-008412,Constitutional Law,Writ / Fundamental Rights Petition
CASE-008413,Arbitration,Arbitral Award Challenge
CASE-008414,Arbitration,Arbitral Award Challenge
CASE-008415,Divorce & Matrimonial,Divorce Petition
CASE-008416,Employment & Labour,Wrongful Termination
CASE-008417,White Collar Crime,Money Laundering / Corruption Case
CASE-008418,Intellectual Property,Trademark Infringement
CASE-008419,Human Rights & PIL,Public Interest Litigation
CASE-008420,Criminal Law,Criminal Trial
CASE-008421,Intellectual Property,Trademark Infringement
CASE-008422,Arbitration,Arbitral Award Challenge
CASE-008423,Environmental Law,Environmental Clearance Challenge
CASE-008424,Data Privacy,Personal Data Misuse / Privacy Petition
CASE-008425,Corporate & Commercial,Commercial Contract Dispute
CASE-008426,Intellectual Property,Trademark Infringement
CASE-008427,Real Estate & Housing,Builder-Buyer / RERA Dispute
CASE-008428,Real Estate & Housing,Builder-Buyer / RERA Dispute
CASE-008429,White Collar Crime,Money Laundering / Corruption Case
CASE-008430,Consumer Protection,Deficiency in Service Complaint
CASE-008431,Contract & Agreement,Breach of Contract / Specific Performance
CASE-008432,Motor Accident Claims,Motor Accident Compensation Claim
CASE-008433,Media & Defamation,Defamation Suit
CASE-008434,Child Protection,POCSO / Child Protection Proceeding
CASE-008435,Environmental Law,Environmental Clearance Challenge
CASE-008436,White Collar Crime,Money Laundering / Corruption Case
CASE-008437,Insolvency & Bankruptcy,Corporate Insolvency Resolution
CASE-008438,Immigration & Citizenship,Citizenship / Passport Matter
CASE-008439,Real Estate & Housing,Builder-Buyer / RERA Dispute
CASE-008440,Divorce & Matrimonial,Divorce Petition
CASE-008441,Arbitration,Arbitral Award Challenge
CASE-008442,Criminal Law,Criminal Trial
CASE-008443,Medical Negligence,Medical Negligence Complaint
CASE-008444,Administrative Law,Administrative Order Challenge
CASE-008445,Insolvency & Bankruptcy,Corporate Insolvency Resolution
CASE-008446,Family & Succession,Inheritance / Probate
CASE-008447,Property & Land,Property / Partition Suit
CASE-008448,Media & Defamation,Defamation Suit
CASE-008449,Child Protection,POCSO / Child Protection Proceeding
CASE-008450,White Collar Crime,Money Laundering / Corruption Case
CASE-008451,Real Estate & Housing,Builder-Buyer / RERA Dispute
CASE-008452,Education Law,Student Admission / Examination Dispute
CASE-008453,Real Estate & Housing,Builder-Buyer / RERA Dispute
CASE-008454,Intellectual Property,Trademark Infringement
CASE-008455,Property & Land,Property / Partition Suit
CASE-008456,Child Protection,POCSO / Child Protection Proceeding
CASE-008457,Motor Accident Claims,Motor Accident Compensation Claim
CASE-008458,Family & Succession,Inheritance / Probate
CASE-008459,Education Law,Student Admission / Examination Dispute
CASE-008460,Media & Defamation,Defamation Suit
CASE-008461,White Collar Crime,Money Laundering / Corruption Case
CASE-008462,Divorce & Matrimonial,Divorce Petition
CASE-008463,Tax & GST,GST / Tax Assessment Appeal
CASE-008464,Employment & Labour,Wrongful Termination
CASE-008465,Media & Defamation,Defamation Suit
CASE-008466,Constitutional Law,Writ / Fundamental Rights Petition
CASE-008467,Intellectual Property,Trademark Infringement
CASE-008468,Cybercrime & IT,Online Fraud / Cybercrime
CASE-008469,Human Rights & PIL,Public Interest Litigation
CASE-008470,Real Estate & Housing,Builder-Buyer / RERA Dispute
CASE-008471,Real Estate & Housing,Builder-Buyer / RERA Dispute
CASE-008472,Criminal Law,Criminal Trial
CASE-008473,Child Protection,POCSO / Child Protection Proceeding
CASE-008474,Corporate & Commercial,Commercial Contract Dispute
CASE-008475,Insolvency & Bankruptcy,Corporate Insolvency Resolution
CASE-008476,Corporate & Commercial,Commercial Contract Dispute
CASE-008477,Motor Accident Claims,Motor Accident Compensation Claim
CASE-008478,Banking & Finance,Loan Recovery / Cheque Dishonour
CASE-008479,Administrative Law,Administrative Order Challenge
CASE-008480,Insolvency & Bankruptcy,Corporate Insolvency Resolution
CASE-008481,Media & Defamation,Defamation Suit
CASE-008482,Medical Negligence,Medical Negligence Complaint
CASE-008483,Education Law,Student Admission / Examination Dispute
CASE-008484,Real Estate & Housing,Builder-Buyer / RERA Dispute
CASE-008485,Criminal Law,Criminal Trial
CASE-008486,Divorce & Matrimonial,Divorce Petition
CASE-008487,Employment & Labour,Wrongful Termination
CASE-008488,Intellectual Property,Trademark Infringement
CASE-008489,Administrative Law,Administrative Order Challenge
CASE-008490,Real Estate & Housing,Builder-Buyer / RERA Dispute
CASE-008491,Cybercrime & IT,Online Fraud / Cybercrime
CASE-008492,Arbitration,Arbitral Award Challenge
CASE-008493,Motor Accident Claims,Motor Accident Compensation Claim
CASE-008494,Education Law,Student Admission / Examination Dispute
CASE-008495,Property & Land,Property / Partition Suit
CASE-008496,Environmental Law,Environmental Clearance Challenge
CASE-008497,Employment & Labour,Wrongful Termination
CASE-008498,Intellectual Property,Trademark Infringement
CASE-008499,Divorce & Matrimonial,Divorce Petition
CASE-008500,Cybercrime & IT,Online Fraud / Cybercrime
CASE-008501,Motor Accident Claims,Motor Accident Compensation Claim
CASE-008502,Administrative Law,Administrative Order Challenge
CASE-008503,Administrative Law,Administrative Order Challenge
CASE-008504,Constitutional Law,Writ / Fundamental Rights Petition
CASE-008505,Property & Land,Property / Partition Suit
CASE-008506,Banking & Finance,Loan Recovery / Cheque Dishonour
CASE-008507,Divorce & Matrimonial,Divorce Petition
CASE-008508,Intellectual Property,Trademark Infringement
CASE-008509,Child Protection,POCSO / Child Protection Proceeding
CASE-008510,Insolvency & Bankruptcy,Corporate Insolvency Resolution
CASE-008511,Criminal Law,Criminal Trial
CASE-008512,Administrative Law,Administrative Order Challenge
CASE-008513,Property & Land,Property / Partition Suit
CASE-008514,Property & Land,Property / Partition Suit
CASE-008515,Corporate & Commercial,Commercial Contract Dispute
CASE-008516,Medical Negligence,Medical Negligence Complaint
CASE-008517,Constitutional Law,Writ / Fundamental Rights Petition
CASE-008518,Consumer Protection,Deficiency in Service Complaint
CASE-008519,Real Estate & Housing,Builder-Buyer / RERA Dispute
CASE-008520,Corporate & Commercial,Commercial Contract Dispute
CASE-008521,Environmental Law,Environmental Clearance Challenge
CASE-008522,Medical Negligence,Medical Negligence Complaint
CASE-008523,Education Law,Student Admission / Examination Dispute
CASE-008524,Banking & Finance,Loan Recovery / Cheque Dishonour
CASE-008525,Consumer Protection,Deficiency in Service Complaint
CASE-008526,Employment & Labour,Wrongful Termination
CASE-008527,White Collar Crime,Money Laundering / Corruption Case
CASE-008528,Divorce & Matrimonial,Divorce Petition
CASE-008529,Banking & Finance,Loan Recovery / Cheque Dishonour
CASE-008530,Media & Defamation,Defamation Suit
CASE-008531,Insolvency & Bankruptcy,Corporate Insolvency Resolution
CASE-008532,Employment & Labour,Wrongful Termination
CASE-008533,Divorce & Matrimonial,Divorce Petition
CASE-008534,Cybercrime & IT,Online Fraud / Cybercrime
CASE-008535,Divorce & Matrimonial,Divorce Petition
CASE-008536,Media & Defamation,Defamation Suit
CASE-008537,White Collar Crime,Money Laundering / Corruption Case
CASE-008538,Corporate & Commercial,Commercial Contract Dispute
CASE-008539,Media & Defamation,Defamation Suit
CASE-008540,Constitutional Law,Writ / Fundamental Rights Petition
CASE-008541,Arbitration,Arbitral Award Challenge
CASE-008542,Corporate & Commercial,Commercial Contract Dispute
CASE-008543,Media & Defamation,Defamation Suit
CASE-008544,Contract & Agreement,Breach of Contract / Specific Performance
CASE-008545,Medical Negligence,Medical Negligence Complaint
CASE-008546,Family & Succession,Inheritance / Probate
CASE-008547,Motor Accident Claims,Motor Accident Compensation Claim
CASE-008548,Constitutional Law,Writ / Fundamental Rights Petition
CASE-008549,Immigration & Citizenship,Citizenship / Passport Matter
CASE-008550,Education Law,Student Admission / Examination Dispute
CASE-008551,Immigration & Citizenship,Citizenship / Passport Matter
CASE-008552,Motor Accident Claims,Motor Accident Compensation Claim
CASE-008553,Divorce & Matrimonial,Divorce Petition
CASE-008554,Intellectual Property,Trademark Infringement
CASE-008555,Immigration & Citizenship,Citizenship / Passport Matter
CASE-008556,Constitutional Law,Writ / Fundamental Rights Petition
CASE-008557,Banking & Finance,Loan Recovery / Cheque Dishonour
CASE-008558,Media & Defamation,Defamation Suit
CASE-008559,Environmental Law,Environmental Clearance Challenge
CASE-008560,Banking & Finance,Loan Recovery / Cheque Dishonour
CASE-008561,White Collar Crime,Money Laundering / Corruption Case
CASE-008562,Medical Negligence,Medical Negligence Complaint
CASE-008563,Divorce & Matrimonial,Divorce Petition
CASE-008564,Arbitration,Arbitral Award Challenge
CASE-008565,White Collar Crime,Money Laundering / Corruption Case
CASE-008566,Criminal Law,Criminal Trial
CASE-008567,Employment & Labour,Wrongful Termination
CASE-008568,Real Estate & Housing,Builder-Buyer / RERA Dispute
CASE-008569,Property & Land,Property / Partition Suit
CASE-008570,Motor Accident Claims,Motor Accident Compensation Claim
CASE-008571,Child Protection,POCSO / Child Protection Proceeding
CASE-008572,Child Protection,POCSO / Child Protection Proceeding
CASE-008573,Contract & Agreement,Breach of Contract / Specific Performance
CASE-008574,Human Rights & PIL,Public Interest Litigation
CASE-008575,Intellectual Property,Trademark Infringement
CASE-008576,Education Law,Student Admission / Examination Dispute
CASE-008577,Real Estate & Housing,Builder-Buyer / RERA Dispute
CASE-008578,Arbitration,Arbitral Award Challenge
CASE-008579,Immigration & Citizenship,Citizenship / Passport Matter
CASE-008580,White Collar Crime,Money Laundering / Corruption Case
CASE-008581,Intellectual Property,Trademark Infringement
CASE-008582,Human Rights & PIL,Public Interest Litigation
CASE-008583,Real Estate & Housing,Builder-Buyer / RERA Dispute
CASE-008584,Education Law,Student Admission / Examination Dispute
CASE-008585,Corporate & Commercial,Commercial Contract Dispute
CASE-008586,Arbitration,Arbitral Award Challenge
CASE-008587,Divorce & Matrimonial,Divorce Petition
CASE-008588,Property & Land,Property / Partition Suit
CASE-008589,White Collar Crime,Money Laundering / Corruption Case
CASE-008590,Criminal Law,Criminal Trial
CASE-008591,Insolvency & Bankruptcy,Corporate Insolvency Resolution
CASE-008592,Data Privacy,Personal Data Misuse / Privacy Petition
CASE-008593,Corporate & Commercial,Commercial Contract Dispute
CASE-008594,Media & Defamation,Defamation Suit
CASE-008595,Corporate & Commercial,Commercial Contract Dispute
CASE-008596,Criminal Law,Criminal Trial
CASE-008597,Contract & Agreement,Breach of Contract / Specific Performance
CASE-008598,Contract & Agreement,Breach of Contract / Specific Performance
CASE-008599,Real Estate & Housing,Builder-Buyer / RERA Dispute
CASE-008600,Divorce & Matrimonial,Divorce Petition
CASE-008601,Administrative Law,Administrative Order Challenge
CASE-008602,Property & Land,Property / Partition Suit
CASE-008603,Criminal Law,Criminal Trial
CASE-008604,Data Privacy,Personal Data Misuse / Privacy Petition
CASE-008605,Child Protection,POCSO / Child Protection Proceeding
CASE-008606,Insolvency & Bankruptcy,Corporate Insolvency Resolution
CASE-008607,Cybercrime & IT,Online Fraud / Cybercrime
CASE-008608,Child Protection,POCSO / Child Protection Proceeding
CASE-008609,Banking & Finance,Loan Recovery / Cheque Dishonour
CASE-008610,Environmental Law,Environmental Clearance Challenge
CASE-008611,Motor Accident Claims,Motor Accident Compensation Claim
CASE-008612,Arbitration,Arbitral Award Challenge
CASE-008613,Immigration & Citizenship,Citizenship / Passport Matter
CASE-008614,Property & Land,Property / Partition Suit
CASE-008615,Environmental Law,Environmental Clearance Challenge
CASE-008616,Human Rights & PIL,Public Interest Litigation
CASE-008617,Education Law,Student Admission / Examination Dispute
CASE-008618,Constitutional Law,Writ / Fundamental Rights Petition
CASE-008619,Education Law,Student Admission / Examination Dispute
CASE-008620,Environmental Law,Environmental Clearance Challenge
CASE-008621,Insolvency & Bankruptcy,Corporate Insolvency Resolution
CASE-008622,Media & Defamation,Defamation Suit
CASE-008623,Data Privacy,Personal Data Misuse / Privacy Petition
CASE-008624,Divorce & Matrimonial,Divorce Petition
CASE-008625,Family & Succession,Inheritance / Probate
CASE-008626,Motor Accident Claims,Motor Accident Compensation Claim
CASE-008627,Intellectual Property,Trademark Infringement
CASE-008628,Motor Accident Claims,Motor Accident Compensation Claim
CASE-008629,Family & Succession,Inheritance / Probate
CASE-008630,White Collar Crime,Money Laundering / Corruption Case
CASE-008631,Employment & Labour,Wrongful Termination
CASE-008632,Human Rights & PIL,Public Interest Litigation
CASE-008633,Contract & Agreement,Breach of Contract / Specific Performance
CASE-008634,Medical Negligence,Medical Negligence Complaint
CASE-008635,Tax & GST,GST / Tax Assessment Appeal
CASE-008636,Consumer Protection,Deficiency in Service Complaint
CASE-008637,Constitutional Law,Writ / Fundamental Rights Petition
CASE-008638,Real Estate & Housing,Builder-Buyer / RERA Dispute
CASE-008639,Immigration & Citizenship,Citizenship / Passport Matter
CASE-008640,White Collar Crime,Money Laundering / Corruption Case
CASE-008641,Criminal Law,Criminal Trial
CASE-008642,Media & Defamation,Defamation Suit
CASE-008643,Tax & GST,GST / Tax Assessment Appeal
CASE-008644,Education Law,Student Admission / Examination Dispute
CASE-008645,Insolvency & Bankruptcy,Corporate Insolvency Resolution
CASE-008646,Motor Accident Claims,Motor Accident Compensation Claim
CASE-008647,Arbitration,Arbitral Award Challenge
CASE-008648,White Collar Crime,Money Laundering / Corruption Case
CASE-008649,Contract & Agreement,Breach of Contract / Specific Performance
CASE-008650,Criminal Law,Criminal Trial
CASE-008651,Arbitration,Arbitral Award Challenge
CASE-008652,Education Law,Student Admission / Examination Dispute
CASE-008653,Immigration & Citizenship,Citizenship / Passport Matter
CASE-008654,Medical Negligence,Medical Negligence Complaint
CASE-008655,Insolvency & Bankruptcy,Corporate Insolvency Resolution
CASE-008656,Immigration & Citizenship,Citizenship / Passport Matter
CASE-008657,Family & Succession,Inheritance / Probate
CASE-008658,Motor Accident Claims,Motor Accident Compensation Claim
CASE-008659,Data Privacy,Personal Data Misuse / Privacy Petition
CASE-008660,Family & Succession,Inheritance / Probate
CASE-008661,Real Estate & Housing,Builder-Buyer / RERA Dispute
CASE-008662,Medical Negligence,Medical Negligence Complaint
CASE-008663,Arbitration,Arbitral Award Challenge
CASE-008664,Criminal Law,Criminal Trial
CASE-008665,Medical Negligence,Medical Negligence Complaint
CASE-008666,Insolvency & Bankruptcy,Corporate Insolvency Resolution
CASE-008667,Data Privacy,Personal Data Misuse / Privacy Petition
CASE-008668,Cybercrime & IT,Online Fraud / Cybercrime
CASE-008669,Constitutional Law,Writ / Fundamental Rights Petition
CASE-008670,Education Law,Student Admission / Examination Dispute
CASE-008671,Insolvency & Bankruptcy,Corporate Insolvency Resolution
CASE-008672,Family & Succession,Inheritance / Probate
CASE-008673,Divorce & Matrimonial,Divorce Petition
CASE-008674,Data Privacy,Personal Data Misuse / Privacy Petition
CASE-008675,Arbitration,Arbitral Award Challenge
CASE-008676,Property & Land,Property / Partition Suit
CASE-008677,Cybercrime & IT,Online Fraud / Cybercrime
CASE-008678,Tax & GST,GST / Tax Assessment Appeal
CASE-008679,Corporate & Commercial,Commercial Contract Dispute
CASE-008680,Family & Succession,Inheritance / Probate
CASE-008681,Education Law,Student Admission / Examination Dispute
CASE-008682,Medical Negligence,Medical Negligence Complaint
CASE-008683,Divorce & Matrimonial,Divorce Petition
CASE-008684,Intellectual Property,Trademark Infringement
CASE-008685,Insolvency & Bankruptcy,Corporate Insolvency Resolution
CASE-008686,Administrative Law,Administrative Order Challenge
CASE-008687,Human Rights & PIL,Public Interest Litigation
CASE-008688,Media & Defamation,Defamation Suit
CASE-008689,Child Protection,POCSO / Child Protection Proceeding
CASE-008690,Arbitration,Arbitral Award Challenge
CASE-008691,Media & Defamation,Defamation Suit
CASE-008692,Banking & Finance,Loan Recovery / Cheque Dishonour
CASE-008693,Administrative Law,Administrative Order Challenge
CASE-008694,Administrative Law,Administrative Order Challenge
CASE-008695,Contract & Agreement,Breach of Contract / Specific Performance
CASE-008696,Tax & GST,GST / Tax Assessment Appeal
CASE-008697,Immigration & Citizenship,Citizenship / Passport Matter
CASE-008698,Constitutional Law,Writ / Fundamental Rights Petition
CASE-008699,Contract & Agreement,Breach of Contract / Specific Performance
CASE-008700,Child Protection,POCSO / Child Protection Proceeding
CASE-008701,Family & Succession,Inheritance / Probate
CASE-008702,Criminal Law,Criminal Trial
CASE-008703,Intellectual Property,Trademark Infringement
CASE-008704,Data Privacy,Personal Data Misuse / Privacy Petition
CASE-008705,Consumer Protection,Deficiency in Service Complaint
CASE-008706,Banking & Finance,Loan Recovery / Cheque Dishonour
CASE-008707,Immigration & Citizenship,Citizenship / Passport Matter
CASE-008708,Human Rights & PIL,Public Interest Litigation
CASE-008709,White Collar Crime,Money Laundering / Corruption Case
CASE-008710,Insolvency & Bankruptcy,Corporate Insolvency Resolution
CASE-008711,Divorce & Matrimonial,Divorce Petition
CASE-008712,White Collar Crime,Money Laundering / Corruption Case
CASE-008713,Data Privacy,Personal Data Misuse / Privacy Petition
CASE-008714,Tax & GST,GST / Tax Assessment Appeal
CASE-008715,Motor Accident Claims,Motor Accident Compensation Claim
CASE-008716,Insolvency & Bankruptcy,Corporate Insolvency Resolution
CASE-008717,Motor Accident Claims,Motor Accident Compensation Claim
CASE-008718,Medical Negligence,Medical Negligence Complaint
CASE-008719,Divorce & Matrimonial,Divorce Petition
CASE-008720,White Collar Crime,Money Laundering / Corruption Case
CASE-008721,Employment & Labour,Wrongful Termination
CASE-008722,Administrative Law,Administrative Order Challenge
CASE-008723,Motor Accident Claims,Motor Accident Compensation Claim
CASE-008724,Banking & Finance,Loan Recovery / Cheque Dishonour
CASE-008725,Education Law,Student Admission / Examination Dispute
CASE-008726,Human Rights & PIL,Public Interest Litigation
CASE-008727,Divorce & Matrimonial,Divorce Petition
CASE-008728,Banking & Finance,Loan Recovery / Cheque Dishonour
CASE-008729,Criminal Law,Criminal Trial
CASE-008730,Human Rights & PIL,Public Interest Litigation
CASE-008731,Real Estate & Housing,Builder-Buyer / RERA Dispute
CASE-008732,Media & Defamation,Defamation Suit
CASE-008733,Arbitration,Arbitral Award Challenge
CASE-008734,Contract & Agreement,Breach of Contract / Specific Performance
CASE-008735,Cybercrime & IT,Online Fraud / Cybercrime
CASE-008736,Insolvency & Bankruptcy,Corporate Insolvency Resolution
CASE-008737,Child Protection,POCSO / Child Protection Proceeding
CASE-008738,Administrative Law,Administrative Order Challenge
CASE-008739,Child Protection,POCSO / Child Protection Proceeding
CASE-008740,Criminal Law,Criminal Trial
CASE-008741,Criminal Law,Criminal Trial
CASE-008742,Media & Defamation,Defamation Suit
CASE-008743,Criminal Law,Criminal Trial
CASE-008744,Child Protection,POCSO / Child Protection Proceeding
CASE-008745,Immigration & Citizenship,Citizenship / Passport Matter
CASE-008746,Insolvency & Bankruptcy,Corporate Insolvency Resolution
CASE-008747,Media & Defamation,Defamation Suit
CASE-008748,Medical Negligence,Medical Negligence Complaint
CASE-008749,Media & Defamation,Defamation Suit
CASE-008750,Corporate & Commercial,Commercial Contract Dispute
CASE-008751,Criminal Law,Criminal Trial
CASE-008752,Employment & Labour,Wrongful Termination
CASE-008753,Employment & Labour,Wrongful Termination
CASE-008754,White Collar Crime,Money Laundering / Corruption Case
CASE-008755,Criminal Law,Criminal Trial
CASE-008756,Education Law,Student Admission / Examination Dispute
CASE-008757,Divorce & Matrimonial,Divorce Petition
CASE-008758,Media & Defamation,Defamation Suit
CASE-008759,Tax & GST,GST / Tax Assessment Appeal
CASE-008760,Divorce & Matrimonial,Divorce Petition
CASE-008761,Environmental Law,Environmental Clearance Challenge
CASE-008762,Environmental Law,Environmental Clearance Challenge
CASE-008763,Cybercrime & IT,Online Fraud / Cybercrime
CASE-008764,Arbitration,Arbitral Award Challenge
CASE-008765,Corporate & Commercial,Commercial Contract Dispute
CASE-008766,Child Protection,POCSO / Child Protection Proceeding
CASE-008767,Education Law,Student Admission / Examination Dispute
CASE-008768,Employment & Labour,Wrongful Termination
CASE-008769,Human Rights & PIL,Public Interest Litigation
CASE-008770,Consumer Protection,Deficiency in Service Complaint
CASE-008771,Property & Land,Property / Partition Suit
CASE-008772,Real Estate & Housing,Builder-Buyer / RERA Dispute
CASE-008773,Real Estate & Housing,Builder-Buyer / RERA Dispute
CASE-008774,Media & Defamation,Defamation Suit
CASE-008775,Banking & Finance,Loan Recovery / Cheque Dishonour
CASE-008776,Cybercrime & IT,Online Fraud / Cybercrime
CASE-008777,Real Estate & Housing,Builder-Buyer / RERA Dispute
CASE-008778,Constitutional Law,Writ / Fundamental Rights Petition
CASE-008779,Family & Succession,Inheritance / Probate
CASE-008780,Property & Land,Property / Partition Suit
CASE-008781,Media & Defamation,Defamation Suit
CASE-008782,Immigration & Citizenship,Citizenship / Passport Matter
CASE-008783,Insolvency & Bankruptcy,Corporate Insolvency Resolution
CASE-008784,Motor Accident Claims,Motor Accident Compensation Claim
CASE-008785,Medical Negligence,Medical Negligence Complaint
CASE-008786,Motor Accident Claims,Motor Accident Compensation Claim
CASE-008787,Immigration & Citizenship,Citizenship / Passport Matter
CASE-008788,Corporate & Commercial,Commercial Contract Dispute
CASE-008789,Divorce & Matrimonial,Divorce Petition
CASE-008790,Constitutional Law,Writ / Fundamental Rights Petition
CASE-008791,Insolvency & Bankruptcy,Corporate Insolvency Resolution
CASE-008792,Corporate & Commercial,Commercial Contract Dispute
CASE-008793,Data Privacy,Personal Data Misuse / Privacy Petition
CASE-008794,White Collar Crime,Money Laundering / Corruption Case
CASE-008795,Arbitration,Arbitral Award Challenge
CASE-008796,Employment & Labour,Wrongful Termination
CASE-008797,Child Protection,POCSO / Child Protection Proceeding
CASE-008798,Intellectual Property,Trademark Infringement
CASE-008799,Contract & Agreement,Breach of Contract / Specific Performance
CASE-008800,Real Estate & Housing,Builder-Buyer / RERA Dispute
CASE-008801,Arbitration,Arbitral Award Challenge
CASE-008802,Administrative Law,Administrative Order Challenge
CASE-008803,Environmental Law,Environmental Clearance Challenge
CASE-008804,Media & Defamation,Defamation Suit
CASE-008805,Immigration & Citizenship,Citizenship / Passport Matter
CASE-008806,Corporate & Commercial,Commercial Contract Dispute
CASE-008807,Corporate & Commercial,Commercial Contract Dispute
CASE-008808,Human Rights & PIL,Public Interest Litigation
CASE-008809,Child Protection,POCSO / Child Protection Proceeding
CASE-008810,Real Estate & Housing,Builder-Buyer / RERA Dispute
CASE-008811,Property & Land,Property / Partition Suit
CASE-008812,Administrative Law,Administrative Order Challenge
CASE-008813,Data Privacy,Personal Data Misuse / Privacy Petition
CASE-008814,Child Protection,POCSO / Child Protection Proceeding
CASE-008815,Immigration & Citizenship,Citizenship / Passport Matter
CASE-008816,Data Privacy,Personal Data Misuse / Privacy Petition
CASE-008817,Education Law,Student Admission / Examination Dispute
CASE-008818,Criminal Law,Criminal Trial
CASE-008819,Immigration & Citizenship,Citizenship / Passport Matter
CASE-008820,Education Law,Student Admission / Examination Dispute
CASE-008821,Corporate & Commercial,Commercial Contract Dispute
CASE-008822,Real Estate & Housing,Builder-Buyer / RERA Dispute
CASE-008823,Arbitration,Arbitral Award Challenge
CASE-008824,Immigration & Citizenship,Citizenship / Passport Matter
CASE-008825,Intellectual Property,Trademark Infringement
CASE-008826,Data Privacy,Personal Data Misuse / Privacy Petition
CASE-008827,Divorce & Matrimonial,Divorce Petition
CASE-008828,Property & Land,Property / Partition Suit
CASE-008829,Employment & Labour,Wrongful Termination
CASE-008830,Property & Land,Property / Partition Suit
CASE-008831,White Collar Crime,Money Laundering / Corruption Case
CASE-008832,Cybercrime & IT,Online Fraud / Cybercrime
CASE-008833,Immigration & Citizenship,Citizenship / Passport Matter
CASE-008834,Motor Accident Claims,Motor Accident Compensation Claim
CASE-008835,Property & Land,Property / Partition Suit
CASE-008836,White Collar Crime,Money Laundering / Corruption Case
CASE-008837,Criminal Law,Criminal Trial
CASE-008838,Banking & Finance,Loan Recovery / Cheque Dishonour
CASE-008839,Family & Succession,Inheritance / Probate
CASE-008840,Data Privacy,Personal Data Misuse / Privacy Petition
CASE-008841,Environmental Law,Environmental Clearance Challenge
CASE-008842,Education Law,Student Admission / Examination Dispute
CASE-008843,Banking & Finance,Loan Recovery / Cheque Dishonour
CASE-008844,Environmental Law,Environmental Clearance Challenge
CASE-008845,Corporate & Commercial,Commercial Contract Dispute
CASE-008846,Employment & Labour,Wrongful Termination
CASE-008847,Intellectual Property,Trademark Infringement
CASE-008848,Family & Succession,Inheritance / Probate
CASE-008849,Human Rights & PIL,Public Interest Litigation
CASE-008850,Data Privacy,Personal Data Misuse / Privacy Petition
CASE-008851,Employment & Labour,Wrongful Termination
CASE-008852,Consumer Protection,Deficiency in Service Complaint
CASE-008853,Cybercrime & IT,Online Fraud / Cybercrime
CASE-008854,Real Estate & Housing,Builder-Buyer / RERA Dispute
CASE-008855,Family & Succession,Inheritance / Probate
CASE-008856,Human Rights & PIL,Public Interest Litigation
CASE-008857,Family & Succession,Inheritance / Probate
CASE-008858,Employment & Labour,Wrongful Termination
CASE-008859,Tax & GST,GST / Tax Assessment Appeal
CASE-008860,Education Law,Student Admission / Examination Dispute
CASE-008861,Intellectual Property,Trademark Infringement
CASE-008862,Arbitration,Arbitral Award Challenge
CASE-008863,Data Privacy,Personal Data Misuse / Privacy Petition
CASE-008864,Education Law,Student Admission / Examination Dispute
CASE-008865,Criminal Law,Criminal Trial
CASE-008866,Family & Succession,Inheritance / Probate
CASE-008867,Arbitration,Arbitral Award Challenge
CASE-008868,Constitutional Law,Writ / Fundamental Rights Petition
CASE-008869,Immigration & Citizenship,Citizenship / Passport Matter
CASE-008870,Criminal Law,Criminal Trial
CASE-008871,Real Estate & Housing,Builder-Buyer / RERA Dispute
CASE-008872,Education Law,Student Admission / Examination Dispute
CASE-008873,Media & Defamation,Defamation Suit
CASE-008874,Tax & GST,GST / Tax Assessment Appeal
CASE-008875,Banking & Finance,Loan Recovery / Cheque Dishonour
CASE-008876,Banking & Finance,Loan Recovery / Cheque Dishonour
CASE-008877,Education Law,Student Admission / Examination Dispute
CASE-008878,Employment & Labour,Wrongful Termination
CASE-008879,Contract & Agreement,Breach of Contract / Specific Performance
CASE-008880,Constitutional Law,Writ / Fundamental Rights Petition
CASE-008881,Employment & Labour,Wrongful Termination
CASE-008882,Motor Accident Claims,Motor Accident Compensation Claim
CASE-008883,Constitutional Law,Writ / Fundamental Rights Petition
CASE-008884,Tax & GST,GST / Tax Assessment Appeal
CASE-008885,Divorce & Matrimonial,Divorce Petition
CASE-008886,Insolvency & Bankruptcy,Corporate Insolvency Resolution
CASE-008887,Employment & Labour,Wrongful Termination
CASE-008888,Administrative Law,Administrative Order Challenge
CASE-008889,Family & Succession,Inheritance / Probate
CASE-008890,Corporate & Commercial,Commercial Contract Dispute
CASE-008891,White Collar Crime,Money Laundering / Corruption Case
CASE-008892,Family & Succession,Inheritance / Probate
CASE-008893,Motor Accident Claims,Motor Accident Compensation Claim
CASE-008894,Constitutional Law,Writ / Fundamental Rights Petition
CASE-008895,Insolvency & Bankruptcy,Corporate Insolvency Resolution
CASE-008896,Immigration & Citizenship,Citizenship / Passport Matter
CASE-008897,Motor Accident Claims,Motor Accident Compensation Claim
CASE-008898,Family & Succession,Inheritance / Probate
CASE-008899,Constitutional Law,Writ / Fundamental Rights Petition
CASE-008900,Tax & GST,GST / Tax Assessment Appeal
CASE-008901,Property & Land,Property / Partition Suit
CASE-008902,Human Rights & PIL,Public Interest Litigation
CASE-008903,Corporate & Commercial,Commercial Contract Dispute
CASE-008904,Education Law,Student Admission / Examination Dispute
CASE-008905,Constitutional Law,Writ / Fundamental Rights Petition
CASE-008906,Child Protection,POCSO / Child Protection Proceeding
CASE-008907,Banking & Finance,Loan Recovery / Cheque Dishonour
CASE-008908,Immigration & Citizenship,Citizenship / Passport Matter
CASE-008909,Tax & GST,GST / Tax Assessment Appeal
CASE-008910,Media & Defamation,Defamation Suit
CASE-008911,Criminal Law,Criminal Trial
CASE-008912,Constitutional Law,Writ / Fundamental Rights Petition
CASE-008913,Medical Negligence,Medical Negligence Complaint
CASE-008914,Banking & Finance,Loan Recovery / Cheque Dishonour
CASE-008915,Family & Succession,Inheritance / Probate
CASE-008916,Media & Defamation,Defamation Suit
CASE-008917,Banking & Finance,Loan Recovery / Cheque Dishonour
CASE-008918,Media & Defamation,Defamation Suit
CASE-008919,Employment & Labour,Wrongful Termination
CASE-008920,Environmental Law,Environmental Clearance Challenge
CASE-008921,Environmental Law,Environmental Clearance Challenge
CASE-008922,Medical Negligence,Medical Negligence Complaint
CASE-008923,Cybercrime & IT,Online Fraud / Cybercrime
CASE-008924,Environmental Law,Environmental Clearance Challenge
CASE-008925,White Collar Crime,Money Laundering / Corruption Case
CASE-008926,Employment & Labour,Wrongful Termination
CASE-008927,Consumer Protection,Deficiency in Service Complaint
CASE-008928,Child Protection,POCSO / Child Protection Proceeding
CASE-008929,Contract & Agreement,Breach of Contract / Specific Performance
CASE-008930,Family & Succession,Inheritance / Probate
CASE-008931,Property & Land,Property / Partition Suit
CASE-008932,Contract & Agreement,Breach of Contract / Specific Performance
CASE-008933,Corporate & Commercial,Commercial Contract Dispute
CASE-008934,Education Law,Student Admission / Examination Dispute
CASE-008935,Banking & Finance,Loan Recovery / Cheque Dishonour
CASE-008936,Child Protection,POCSO / Child Protection Proceeding
CASE-008937,Constitutional Law,Writ / Fundamental Rights Petition
CASE-008938,Real Estate & Housing,Builder-Buyer / RERA Dispute
CASE-008939,Immigration & Citizenship,Citizenship / Passport Matter
CASE-008940,Data Privacy,Personal Data Misuse / Privacy Petition
CASE-008941,Insolvency & Bankruptcy,Corporate Insolvency Resolution
CASE-008942,White Collar Crime,Money Laundering / Corruption Case
CASE-008943,Employment & Labour,Wrongful Termination
CASE-008944,Immigration & Citizenship,Citizenship / Passport Matter
CASE-008945,Administrative Law,Administrative Order Challenge
CASE-008946,Contract & Agreement,Breach of Contract / Specific Performance
CASE-008947,Media & Defamation,Defamation Suit
CASE-008948,Arbitration,Arbitral Award Challenge
CASE-008949,Employment & Labour,Wrongful Termination
CASE-008950,Consumer Protection,Deficiency in Service Complaint
CASE-008951,Child Protection,POCSO / Child Protection Proceeding
CASE-008952,Consumer Protection,Deficiency in Service Complaint
CASE-008953,Cybercrime & IT,Online Fraud / Cybercrime
CASE-008954,Data Privacy,Personal Data Misuse / Privacy Petition
CASE-008955,White Collar Crime,Money Laundering / Corruption Case
CASE-008956,Family & Succession,Inheritance / Probate
CASE-008957,Immigration & Citizenship,Citizenship / Passport Matter
CASE-008958,Constitutional Law,Writ / Fundamental Rights Petition
CASE-008959,Criminal Law,Criminal Trial
CASE-008960,Immigration & Citizenship,Citizenship / Passport Matter
CASE-008961,Consumer Protection,Deficiency in Service Complaint
CASE-008962,Immigration & Citizenship,Citizenship / Passport Matter
CASE-008963,Media & Defamation,Defamation Suit
CASE-008964,Employment & Labour,Wrongful Termination
CASE-008965,Constitutional Law,Writ / Fundamental Rights Petition
CASE-008966,Education Law,Student Admission / Examination Dispute
CASE-008967,Tax & GST,GST / Tax Assessment Appeal
CASE-008968,Arbitration,Arbitral Award Challenge
CASE-008969,Child Protection,POCSO / Child Protection Proceeding
CASE-008970,Human Rights & PIL,Public Interest Litigation
CASE-008971,White Collar Crime,Money Laundering / Corruption Case
CASE-008972,Tax & GST,GST / Tax Assessment Appeal
CASE-008973,Corporate & Commercial,Commercial Contract Dispute
CASE-008974,Tax & GST,GST / Tax Assessment Appeal
CASE-008975,Cybercrime & IT,Online Fraud / Cybercrime
CASE-008976,Immigration & Citizenship,Citizenship / Passport Matter
CASE-008977,Banking & Finance,Loan Recovery / Cheque Dishonour
CASE-008978,Child Protection,POCSO / Child Protection Proceeding
CASE-008979,White Collar Crime,Money Laundering / Corruption Case
CASE-008980,Child Protection,POCSO / Child Protection Proceeding
CASE-008981,Motor Accident Claims,Motor Accident Compensation Claim
CASE-008982,Corporate & Commercial,Commercial Contract Dispute
CASE-008983,Banking & Finance,Loan Recovery / Cheque Dishonour
CASE-008984,Tax & GST,GST / Tax Assessment Appeal
CASE-008985,Immigration & Citizenship,Citizenship / Passport Matter
CASE-008986,Environmental Law,Environmental Clearance Challenge
CASE-008987,Real Estate & Housing,Builder-Buyer / RERA Dispute
CASE-008988,Medical Negligence,Medical Negligence Complaint
CASE-008989,Media & Defamation,Defamation Suit
CASE-008990,Arbitration,Arbitral Award Challenge
CASE-008991,Data Privacy,Personal Data Misuse / Privacy Petition
CASE-008992,Immigration & Citizenship,Citizenship / Passport Matter
CASE-008993,Property & Land,Property / Partition Suit
CASE-008994,White Collar Crime,Money Laundering / Corruption Case
CASE-008995,Cybercrime & IT,Online Fraud / Cybercrime
CASE-008996,Tax & GST,GST / Tax Assessment Appeal
CASE-008997,Human Rights & PIL,Public Interest Litigation
CASE-008998,Banking & Finance,Loan Recovery / Cheque Dishonour
CASE-008999,Contract & Agreement,Breach of Contract / Specific Performance
CASE-009000,Education Law,Student Admission / Examination Dispute
CASE-009001,Human Rights & PIL,Public Interest Litigation
CASE-009002,Immigration & Citizenship,Citizenship / Passport Matter
CASE-009003,Insolvency & Bankruptcy,Corporate Insolvency Resolution
CASE-009004,Education Law,Student Admission / Examination Dispute
CASE-009005,Banking & Finance,Loan Recovery / Cheque Dishonour
CASE-009006,Divorce & Matrimonial,Divorce Petition
CASE-009007,Intellectual Property,Trademark Infringement
CASE-009008,Criminal Law,Criminal Trial
CASE-009009,Arbitration,Arbitral Award Challenge
CASE-009010,Divorce & Matrimonial,Divorce Petition
CASE-009011,Banking & Finance,Loan Recovery / Cheque Dishonour
CASE-009012,Environmental Law,Environmental Clearance Challenge
CASE-009013,Medical Negligence,Medical Negligence Complaint
CASE-009014,Arbitration,Arbitral Award Challenge
CASE-009015,Insolvency & Bankruptcy,Corporate Insolvency Resolution
CASE-009016,Employment & Labour,Wrongful Termination
CASE-009017,Human Rights & PIL,Public Interest Litigation
CASE-009018,Family & Succession,Inheritance / Probate
CASE-009019,White Collar Crime,Money Laundering / Corruption Case
CASE-009020,Tax & GST,GST / Tax Assessment Appeal
CASE-009021,Cybercrime & IT,Online Fraud / Cybercrime
CASE-009022,Immigration & Citizenship,Citizenship / Passport Matter
CASE-009023,Consumer Protection,Deficiency in Service Complaint
CASE-009024,Criminal Law,Criminal Trial
CASE-009025,Media & Defamation,Defamation Suit
CASE-009026,Contract & Agreement,Breach of Contract / Specific Performance
CASE-009027,Insolvency & Bankruptcy,Corporate Insolvency Resolution
CASE-009028,Family & Succession,Inheritance / Probate
CASE-009029,Family & Succession,Inheritance / Probate
CASE-009030,Contract & Agreement,Breach of Contract / Specific Performance
CASE-009031,Real Estate & Housing,Builder-Buyer / RERA Dispute
CASE-009032,Employment & Labour,Wrongful Termination
CASE-009033,Child Protection,POCSO / Child Protection Proceeding
CASE-009034,Administrative Law,Administrative Order Challenge
CASE-009035,Human Rights & PIL,Public Interest Litigation
CASE-009036,Cybercrime & IT,Online Fraud / Cybercrime
CASE-009037,Immigration & Citizenship,Citizenship / Passport Matter
CASE-009038,Medical Negligence,Medical Negligence Complaint
CASE-009039,Administrative Law,Administrative Order Challenge
CASE-009040,Banking & Finance,Loan Recovery / Cheque Dishonour
CASE-009041,Corporate & Commercial,Commercial Contract Dispute
CASE-009042,Real Estate & Housing,Builder-Buyer / RERA Dispute
CASE-009043,Immigration & Citizenship,Citizenship / Passport Matter
CASE-009044,Cybercrime & IT,Online Fraud / Cybercrime
CASE-009045,Intellectual Property,Trademark Infringement
CASE-009046,Media & Defamation,Defamation Suit
CASE-009047,Media & Defamation,Defamation Suit
CASE-009048,Media & Defamation,Defamation Suit
CASE-009049,Divorce & Matrimonial,Divorce Petition
CASE-009050,Contract & Agreement,Breach of Contract / Specific Performance
CASE-009051,Immigration & Citizenship,Citizenship / Passport Matter
CASE-009052,Data Privacy,Personal Data Misuse / Privacy Petition
CASE-009053,Employment & Labour,Wrongful Termination
CASE-009054,White Collar Crime,Money Laundering / Corruption Case
CASE-009055,Motor Accident Claims,Motor Accident Compensation Claim
CASE-009056,Tax & GST,GST / Tax Assessment Appeal
CASE-009057,Consumer Protection,Deficiency in Service Complaint
CASE-009058,Data Privacy,Personal Data Misuse / Privacy Petition
CASE-009059,Constitutional Law,Writ / Fundamental Rights Petition
CASE-009060,Employment & Labour,Wrongful Termination
CASE-009061,Family & Succession,Inheritance / Probate
CASE-009062,Consumer Protection,Deficiency in Service Complaint
CASE-009063,Property & Land,Property / Partition Suit
CASE-009064,Criminal Law,Criminal Trial
CASE-009065,Tax & GST,GST / Tax Assessment Appeal
CASE-009066,Criminal Law,Criminal Trial
CASE-009067,Constitutional Law,Writ / Fundamental Rights Petition
CASE-009068,Data Privacy,Personal Data Misuse / Privacy Petition
CASE-009069,Real Estate & Housing,Builder-Buyer / RERA Dispute
CASE-009070,Intellectual Property,Trademark Infringement
CASE-009071,Education Law,Student Admission / Examination Dispute
CASE-009072,Child Protection,POCSO / Child Protection Proceeding
CASE-009073,Insolvency & Bankruptcy,Corporate Insolvency Resolution
CASE-009074,Motor Accident Claims,Motor Accident Compensation Claim
CASE-009075,Corporate & Commercial,Commercial Contract Dispute
CASE-009076,Education Law,Student Admission / Examination Dispute
CASE-009077,Child Protection,POCSO / Child Protection Proceeding
CASE-009078,Media & Defamation,Defamation Suit
CASE-009079,Divorce & Matrimonial,Divorce Petition
CASE-009080,White Collar Crime,Money Laundering / Corruption Case
CASE-009081,Motor Accident Claims,Motor Accident Compensation Claim
CASE-009082,Banking & Finance,Loan Recovery / Cheque Dishonour
CASE-009083,Education Law,Student Admission / Examination Dispute
CASE-009084,Tax & GST,GST / Tax Assessment Appeal
CASE-009085,Divorce & Matrimonial,Divorce Petition
CASE-009086,Family & Succession,Inheritance / Probate
CASE-009087,Arbitration,Arbitral Award Challenge
CASE-009088,Intellectual Property,Trademark Infringement
CASE-009089,Contract & Agreement,Breach of Contract / Specific Performance
CASE-009090,Environmental Law,Environmental Clearance Challenge
CASE-009091,Data Privacy,Personal Data Misuse / Privacy Petition
CASE-009092,Human Rights & PIL,Public Interest Litigation
CASE-009093,Data Privacy,Personal Data Misuse / Privacy Petition
CASE-009094,White Collar Crime,Money Laundering / Corruption Case
CASE-009095,Human Rights & PIL,Public Interest Litigation
CASE-009096,Constitutional Law,Writ / Fundamental Rights Petition
CASE-009097,Family & Succession,Inheritance / Probate
CASE-009098,Cybercrime & IT,Online Fraud / Cybercrime
CASE-009099,Contract & Agreement,Breach of Contract / Specific Performance
CASE-009100,Tax & GST,GST / Tax Assessment Appeal
CASE-009101,Child Protection,POCSO / Child Protection Proceeding
CASE-009102,Cybercrime & IT,Online Fraud / Cybercrime
CASE-009103,Consumer Protection,Deficiency in Service Complaint
CASE-009104,Data Privacy,Personal Data Misuse / Privacy Petition
CASE-009105,Divorce & Matrimonial,Divorce Petition
CASE-009106,Intellectual Property,Trademark Infringement
CASE-009107,Consumer Protection,Deficiency in Service Complaint
CASE-009108,Cybercrime & IT,Online Fraud / Cybercrime
CASE-009109,Child Protection,POCSO / Child Protection Proceeding
CASE-009110,Media & Defamation,Defamation Suit
CASE-009111,Insolvency & Bankruptcy,Corporate Insolvency Resolution
CASE-009112,Consumer Protection,Deficiency in Service Complaint
CASE-009113,Cybercrime & IT,Online Fraud / Cybercrime
CASE-009114,Consumer Protection,Deficiency in Service Complaint
CASE-009115,Divorce & Matrimonial,Divorce Petition
CASE-009116,Banking & Finance,Loan Recovery / Cheque Dishonour
CASE-009117,Environmental Law,Environmental Clearance Challenge
CASE-009118,Divorce & Matrimonial,Divorce Petition
CASE-009119,Consumer Protection,Deficiency in Service Complaint
CASE-009120,Medical Negligence,Medical Negligence Complaint
CASE-009121,Tax & GST,GST / Tax Assessment Appeal
CASE-009122,Arbitration,Arbitral Award Challenge
CASE-009123,Divorce & Matrimonial,Divorce Petition
CASE-009124,Real Estate & Housing,Builder-Buyer / RERA Dispute
CASE-009125,Consumer Protection,Deficiency in Service Complaint
CASE-009126,Contract & Agreement,Breach of Contract / Specific Performance
CASE-009127,Consumer Protection,Deficiency in Service Complaint
CASE-009128,Criminal Law,Criminal Trial
CASE-009129,Tax & GST,GST / Tax Assessment Appeal
CASE-009130,Human Rights & PIL,Public Interest Litigation
CASE-009131,Family & Succession,Inheritance / Probate
CASE-009132,Tax & GST,GST / Tax Assessment Appeal
CASE-009133,Arbitration,Arbitral Award Challenge
CASE-009134,Criminal Law,Criminal Trial
CASE-009135,Employment & Labour,Wrongful Termination
CASE-009136,Administrative Law,Administrative Order Challenge
CASE-009137,White Collar Crime,Money Laundering / Corruption Case
CASE-009138,Intellectual Property,Trademark Infringement
CASE-009139,Cybercrime & IT,Online Fraud / Cybercrime
CASE-009140,Motor Accident Claims,Motor Accident Compensation Claim
CASE-009141,Cybercrime & IT,Online Fraud / Cybercrime
CASE-009142,Tax & GST,GST / Tax Assessment Appeal
CASE-009143,Consumer Protection,Deficiency in Service Complaint
CASE-009144,Consumer Protection,Deficiency in Service Complaint
CASE-009145,Employment & Labour,Wrongful Termination
CASE-009146,Environmental Law,Environmental Clearance Challenge
CASE-009147,White Collar Crime,Money Laundering / Corruption Case
CASE-009148,Tax & GST,GST / Tax Assessment Appeal
CASE-009149,Medical Negligence,Medical Negligence Complaint
CASE-009150,Human Rights & PIL,Public Interest Litigation
CASE-009151,Administrative Law,Administrative Order Challenge
CASE-009152,White Collar Crime,Money Laundering / Corruption Case
CASE-009153,Environmental Law,Environmental Clearance Challenge
CASE-009154,Corporate & Commercial,Commercial Contract Dispute
CASE-009155,Human Rights & PIL,Public Interest Litigation
CASE-009156,Real Estate & Housing,Builder-Buyer / RERA Dispute
CASE-009157,Tax & GST,GST / Tax Assessment Appeal
CASE-009158,Education Law,Student Admission / Examination Dispute
CASE-009159,Immigration & Citizenship,Citizenship / Passport Matter
CASE-009160,Media & Defamation,Defamation Suit
CASE-009161,Immigration & Citizenship,Citizenship / Passport Matter
CASE-009162,Motor Accident Claims,Motor Accident Compensation Claim
CASE-009163,Family & Succession,Inheritance / Probate
CASE-009164,Medical Negligence,Medical Negligence Complaint
CASE-009165,Medical Negligence,Medical Negligence Complaint
CASE-009166,Intellectual Property,Trademark Infringement
CASE-009167,Employment & Labour,Wrongful Termination
CASE-009168,Motor Accident Claims,Motor Accident Compensation Claim
CASE-009169,Constitutional Law,Writ / Fundamental Rights Petition
CASE-009170,Environmental Law,Environmental Clearance Challenge
CASE-009171,Property & Land,Property / Partition Suit
CASE-009172,Consumer Protection,Deficiency in Service Complaint
CASE-009173,Motor Accident Claims,Motor Accident Compensation Claim
CASE-009174,Education Law,Student Admission / Examination Dispute
CASE-009175,Real Estate & Housing,Builder-Buyer / RERA Dispute
CASE-009176,Insolvency & Bankruptcy,Corporate Insolvency Resolution
CASE-009177,Real Estate & Housing,Builder-Buyer / RERA Dispute
CASE-009178,Environmental Law,Environmental Clearance Challenge
CASE-009179,Medical Negligence,Medical Negligence Complaint
CASE-009180,Criminal Law,Criminal Trial
CASE-009181,Media & Defamation,Defamation Suit
CASE-009182,Corporate & Commercial,Commercial Contract Dispute
CASE-009183,Banking & Finance,Loan Recovery / Cheque Dishonour
CASE-009184,Education Law,Student Admission / Examination Dispute
CASE-009185,White Collar Crime,Money Laundering / Corruption Case
CASE-009186,Human Rights & PIL,Public Interest Litigation
CASE-009187,Property & Land,Property / Partition Suit
CASE-009188,Immigration & Citizenship,Citizenship / Passport Matter
CASE-009189,Child Protection,POCSO / Child Protection Proceeding
CASE-009190,Cybercrime & IT,Online Fraud / Cybercrime
CASE-009191,Contract & Agreement,Breach of Contract / Specific Performance
CASE-009192,Human Rights & PIL,Public Interest Litigation
CASE-009193,Corporate & Commercial,Commercial Contract Dispute
CASE-009194,Contract & Agreement,Breach of Contract / Specific Performance
CASE-009195,Property & Land,Property / Partition Suit
CASE-009196,Medical Negligence,Medical Negligence Complaint
CASE-009197,White Collar Crime,Money Laundering / Corruption Case
CASE-009198,Property & Land,Property / Partition Suit
CASE-009199,Contract & Agreement,Breach of Contract / Specific Performance
CASE-009200,Administrative Law,Administrative Order Challenge
CASE-009201,Cybercrime & IT,Online Fraud / Cybercrime
CASE-009202,Consumer Protection,Deficiency in Service Complaint
CASE-009203,Corporate & Commercial,Commercial Contract Dispute
CASE-009204,Constitutional Law,Writ / Fundamental Rights Petition
CASE-009205,Medical Negligence,Medical Negligence Complaint
CASE-009206,Intellectual Property,Trademark Infringement
CASE-009207,Education Law,Student Admission / Examination Dispute
CASE-009208,Human Rights & PIL,Public Interest Litigation
CASE-009209,Real Estate & Housing,Builder-Buyer / RERA Dispute
CASE-009210,Child Protection,POCSO / Child Protection Proceeding
CASE-009211,Criminal Law,Criminal Trial
CASE-009212,Motor Accident Claims,Motor Accident Compensation Claim
CASE-009213,Tax & GST,GST / Tax Assessment Appeal
CASE-009214,Arbitration,Arbitral Award Challenge
CASE-009215,Insolvency & Bankruptcy,Corporate Insolvency Resolution
CASE-009216,Cybercrime & IT,Online Fraud / Cybercrime
CASE-009217,Constitutional Law,Writ / Fundamental Rights Petition
CASE-009218,Contract & Agreement,Breach of Contract / Specific Performance
CASE-009219,Contract & Agreement,Breach of Contract / Specific Performance
CASE-009220,Intellectual Property,Trademark Infringement
CASE-009221,Family & Succession,Inheritance / Probate
CASE-009222,Property & Land,Property / Partition Suit
CASE-009223,Family & Succession,Inheritance / Probate
CASE-009224,Family & Succession,Inheritance / Probate
CASE-009225,Arbitration,Arbitral Award Challenge
CASE-009226,Contract & Agreement,Breach of Contract / Specific Performance
CASE-009227,Employment & Labour,Wrongful Termination
CASE-009228,Data Privacy,Personal Data Misuse / Privacy Petition
CASE-009229,Immigration & Citizenship,Citizenship / Passport Matter
CASE-009230,Constitutional Law,Writ / Fundamental Rights Petition
CASE-009231,Motor Accident Claims,Motor Accident Compensation Claim
CASE-009232,Medical Negligence,Medical Negligence Complaint
CASE-009233,Criminal Law,Criminal Trial
CASE-009234,Family & Succession,Inheritance / Probate
CASE-009235,Insolvency & Bankruptcy,Corporate Insolvency Resolution
CASE-009236,Environmental Law,Environmental Clearance Challenge
CASE-009237,Environmental Law,Environmental Clearance Challenge
CASE-009238,Constitutional Law,Writ / Fundamental Rights Petition
CASE-009239,Education Law,Student Admission / Examination Dispute
CASE-009240,Property & Land,Property / Partition Suit
CASE-009241,Employment & Labour,Wrongful Termination
CASE-009242,Tax & GST,GST / Tax Assessment Appeal
CASE-009243,Motor Accident Claims,Motor Accident Compensation Claim
CASE-009244,Medical Negligence,Medical Negligence Complaint
CASE-009245,Contract & Agreement,Breach of Contract / Specific Performance
CASE-009246,Divorce & Matrimonial,Divorce Petition
CASE-009247,Human Rights & PIL,Public Interest Litigation
CASE-009248,Criminal Law,Criminal Trial
CASE-009249,Contract & Agreement,Breach of Contract / Specific Performance
CASE-009250,Arbitration,Arbitral Award Challenge
CASE-009251,Consumer Protection,Deficiency in Service Complaint
CASE-009252,Employment & Labour,Wrongful Termination
CASE-009253,Cybercrime & IT,Online Fraud / Cybercrime
CASE-009254,Contract & Agreement,Breach of Contract / Specific Performance
CASE-009255,Employment & Labour,Wrongful Termination
CASE-009256,Constitutional Law,Writ / Fundamental Rights Petition
CASE-009257,Insolvency & Bankruptcy,Corporate Insolvency Resolution
CASE-009258,Consumer Protection,Deficiency in Service Complaint
CASE-009259,Employment & Labour,Wrongful Termination
CASE-009260,Consumer Protection,Deficiency in Service Complaint
CASE-009261,Data Privacy,Personal Data Misuse / Privacy Petition
CASE-009262,Insolvency & Bankruptcy,Corporate Insolvency Resolution
CASE-009263,White Collar Crime,Money Laundering / Corruption Case
CASE-009264,White Collar Crime,Money Laundering / Corruption Case
CASE-009265,Child Protection,POCSO / Child Protection Proceeding
CASE-009266,Corporate & Commercial,Commercial Contract Dispute
CASE-009267,Contract & Agreement,Breach of Contract / Specific Performance
CASE-009268,Tax & GST,GST / Tax Assessment Appeal
CASE-009269,White Collar Crime,Money Laundering / Corruption Case
CASE-009270,Criminal Law,Criminal Trial
CASE-009271,Criminal Law,Criminal Trial
CASE-009272,Tax & GST,GST / Tax Assessment Appeal
CASE-009273,Environmental Law,Environmental Clearance Challenge
CASE-009274,Constitutional Law,Writ / Fundamental Rights Petition
CASE-009275,Tax & GST,GST / Tax Assessment Appeal
CASE-009276,Administrative Law,Administrative Order Challenge
CASE-009277,Tax & GST,GST / Tax Assessment Appeal
CASE-009278,Criminal Law,Criminal Trial
CASE-009279,Arbitration,Arbitral Award Challenge
CASE-009280,Data Privacy,Personal Data Misuse / Privacy Petition
CASE-009281,Insolvency & Bankruptcy,Corporate Insolvency Resolution
CASE-009282,Corporate & Commercial,Commercial Contract Dispute
CASE-009283,Banking & Finance,Loan Recovery / Cheque Dishonour
CASE-009284,Media & Defamation,Defamation Suit
CASE-009285,Media & Defamation,Defamation Suit
CASE-009286,Contract & Agreement,Breach of Contract / Specific Performance
CASE-009287,Human Rights & PIL,Public Interest Litigation
CASE-009288,Corporate & Commercial,Commercial Contract Dispute
CASE-009289,Environmental Law,Environmental Clearance Challenge
CASE-009290,Consumer Protection,Deficiency in Service Complaint
CASE-009291,Child Protection,POCSO / Child Protection Proceeding
CASE-009292,Medical Negligence,Medical Negligence Complaint
CASE-009293,Child Protection,POCSO / Child Protection Proceeding
CASE-009294,Cybercrime & IT,Online Fraud / Cybercrime
CASE-009295,Immigration & Citizenship,Citizenship / Passport Matter
CASE-009296,Contract & Agreement,Breach of Contract / Specific Performance
CASE-009297,Human Rights & PIL,Public Interest Litigation
CASE-009298,Criminal Law,Criminal Trial
CASE-009299,Intellectual Property,Trademark Infringement
CASE-009300,Constitutional Law,Writ / Fundamental Rights Petition
CASE-009301,Criminal Law,Criminal Trial
CASE-009302,Education Law,Student Admission / Examination Dispute
CASE-009303,Consumer Protection,Deficiency in Service Complaint
CASE-009304,Cybercrime & IT,Online Fraud / Cybercrime
CASE-009305,Consumer Protection,Deficiency in Service Complaint
CASE-009306,Arbitration,Arbitral Award Challenge
CASE-009307,Human Rights & PIL,Public Interest Litigation
CASE-009308,Banking & Finance,Loan Recovery / Cheque Dishonour
CASE-009309,Property & Land,Property / Partition Suit
CASE-009310,Education Law,Student Admission / Examination Dispute
CASE-009311,Tax & GST,GST / Tax Assessment Appeal
CASE-009312,Immigration & Citizenship,Citizenship / Passport Matter
CASE-009313,Real Estate & Housing,Builder-Buyer / RERA Dispute
CASE-009314,Environmental Law,Environmental Clearance Challenge
CASE-009315,Employment & Labour,Wrongful Termination
CASE-009316,Environmental Law,Environmental Clearance Challenge
CASE-009317,Family & Succession,Inheritance / Probate
CASE-009318,Motor Accident Claims,Motor Accident Compensation Claim
CASE-009319,Intellectual Property,Trademark Infringement
CASE-009320,Employment & Labour,Wrongful Termination
CASE-009321,Intellectual Property,Trademark Infringement
CASE-009322,Tax & GST,GST / Tax Assessment Appeal
CASE-009323,Contract & Agreement,Breach of Contract / Specific Performance
CASE-009324,Cybercrime & IT,Online Fraud / Cybercrime
CASE-009325,Environmental Law,Environmental Clearance Challenge
CASE-009326,Banking & Finance,Loan Recovery / Cheque Dishonour
CASE-009327,Environmental Law,Environmental Clearance Challenge
CASE-009328,Property & Land,Property / Partition Suit
CASE-009329,Contract & Agreement,Breach of Contract / Specific Performance
CASE-009330,Environmental Law,Environmental Clearance Challenge
CASE-009331,Environmental Law,Environmental Clearance Challenge
CASE-009332,Human Rights & PIL,Public Interest Litigation
CASE-009333,Education Law,Student Admission / Examination Dispute
CASE-009334,Criminal Law,Criminal Trial
CASE-009335,Real Estate & Housing,Builder-Buyer / RERA Dispute
CASE-009336,Criminal Law,Criminal Trial
CASE-009337,Human Rights & PIL,Public Interest Litigation
CASE-009338,Human Rights & PIL,Public Interest Litigation
CASE-009339,Consumer Protection,Deficiency in Service Complaint
CASE-009340,White Collar Crime,Money Laundering / Corruption Case
CASE-009341,White Collar Crime,Money Laundering / Corruption Case
CASE-009342,Arbitration,Arbitral Award Challenge
CASE-009343,Real Estate & Housing,Builder-Buyer / RERA Dispute
CASE-009344,Medical Negligence,Medical Negligence Complaint
CASE-009345,Media & Defamation,Defamation Suit
CASE-009346,Environmental Law,Environmental Clearance Challenge
CASE-009347,Real Estate & Housing,Builder-Buyer / RERA Dispute
CASE-009348,Education Law,Student Admission / Examination Dispute
CASE-009349,Divorce & Matrimonial,Divorce Petition
CASE-009350,Environmental Law,Environmental Clearance Challenge
CASE-009351,Medical Negligence,Medical Negligence Complaint
CASE-009352,Real Estate & Housing,Builder-Buyer / RERA Dispute
CASE-009353,Criminal Law,Criminal Trial
CASE-009354,Motor Accident Claims,Motor Accident Compensation Claim
CASE-009355,Contract & Agreement,Breach of Contract / Specific Performance
CASE-009356,Tax & GST,GST / Tax Assessment Appeal
CASE-009357,Criminal Law,Criminal Trial
CASE-009358,Tax & GST,GST / Tax Assessment Appeal
CASE-009359,Tax & GST,GST / Tax Assessment Appeal
CASE-009360,Real Estate & Housing,Builder-Buyer / RERA Dispute
CASE-009361,Tax & GST,GST / Tax Assessment Appeal
CASE-009362,White Collar Crime,Money Laundering / Corruption Case
CASE-009363,Contract & Agreement,Breach of Contract / Specific Performance
CASE-009364,Tax & GST,GST / Tax Assessment Appeal
CASE-009365,Corporate & Commercial,Commercial Contract Dispute
CASE-009366,Immigration & Citizenship,Citizenship / Passport Matter
CASE-009367,Contract & Agreement,Breach of Contract / Specific Performance
CASE-009368,Banking & Finance,Loan Recovery / Cheque Dishonour
CASE-009369,Motor Accident Claims,Motor Accident Compensation Claim
CASE-009370,Contract & Agreement,Breach of Contract / Specific Performance
CASE-009371,Consumer Protection,Deficiency in Service Complaint
CASE-009372,Property & Land,Property / Partition Suit
CASE-009373,Human Rights & PIL,Public Interest Litigation
CASE-009374,Cybercrime & IT,Online Fraud / Cybercrime
CASE-009375,Consumer Protection,Deficiency in Service Complaint
CASE-009376,Criminal Law,Criminal Trial
CASE-009377,Criminal Law,Criminal Trial
CASE-009378,Constitutional Law,Writ / Fundamental Rights Petition
CASE-009379,Intellectual Property,Trademark Infringement
CASE-009380,Criminal Law,Criminal Trial
CASE-009381,Education Law,Student Admission / Examination Dispute
CASE-009382,Cybercrime & IT,Online Fraud / Cybercrime
CASE-009383,Corporate & Commercial,Commercial Contract Dispute
CASE-009384,Employment & Labour,Wrongful Termination
CASE-009385,White Collar Crime,Money Laundering / Corruption Case
CASE-009386,Family & Succession,Inheritance / Probate
CASE-009387,Arbitration,Arbitral Award Challenge
CASE-009388,Immigration & Citizenship,Citizenship / Passport Matter
CASE-009389,Divorce & Matrimonial,Divorce Petition
CASE-009390,Family & Succession,Inheritance / Probate
CASE-009391,Administrative Law,Administrative Order Challenge
CASE-009392,Criminal Law,Criminal Trial
CASE-009393,Human Rights & PIL,Public Interest Litigation
CASE-009394,Corporate & Commercial,Commercial Contract Dispute
CASE-009395,Divorce & Matrimonial,Divorce Petition
CASE-009396,Human Rights & PIL,Public Interest Litigation
CASE-009397,Immigration & Citizenship,Citizenship / Passport Matter
CASE-009398,Tax & GST,GST / Tax Assessment Appeal
CASE-009399,Administrative Law,Administrative Order Challenge
CASE-009400,Cybercrime & IT,Online Fraud / Cybercrime
CASE-009401,Immigration & Citizenship,Citizenship / Passport Matter
CASE-009402,Data Privacy,Personal Data Misuse / Privacy Petition
CASE-009403,Constitutional Law,Writ / Fundamental Rights Petition
CASE-009404,Arbitration,Arbitral Award Challenge
CASE-009405,White Collar Crime,Money Laundering / Corruption Case
CASE-009406,Banking & Finance,Loan Recovery / Cheque Dishonour
CASE-009407,Employment & Labour,Wrongful Termination
CASE-009408,Contract & Agreement,Breach of Contract / Specific Performance
CASE-009409,Motor Accident Claims,Motor Accident Compensation Claim
CASE-009410,Insolvency & Bankruptcy,Corporate Insolvency Resolution
CASE-009411,Consumer Protection,Deficiency in Service Complaint
CASE-009412,Motor Accident Claims,Motor Accident Compensation Claim
CASE-009413,Divorce & Matrimonial,Divorce Petition
CASE-009414,Immigration & Citizenship,Citizenship / Passport Matter
CASE-009415,Medical Negligence,Medical Negligence Complaint
CASE-009416,Immigration & Citizenship,Citizenship / Passport Matter
CASE-009417,Intellectual Property,Trademark Infringement
CASE-009418,Administrative Law,Administrative Order Challenge
CASE-009419,Tax & GST,GST / Tax Assessment Appeal
CASE-009420,Administrative Law,Administrative Order Challenge
CASE-009421,Human Rights & PIL,Public Interest Litigation
CASE-009422,Administrative Law,Administrative Order Challenge
CASE-009423,Motor Accident Claims,Motor Accident Compensation Claim
CASE-009424,Insolvency & Bankruptcy,Corporate Insolvency Resolution
CASE-009425,Child Protection,POCSO / Child Protection Proceeding
CASE-009426,Child Protection,POCSO / Child Protection Proceeding
CASE-009427,Data Privacy,Personal Data Misuse / Privacy Petition
CASE-009428,Real Estate & Housing,Builder-Buyer / RERA Dispute
CASE-009429,Tax & GST,GST / Tax Assessment Appeal
CASE-009430,Insolvency & Bankruptcy,Corporate Insolvency Resolution
CASE-009431,Cybercrime & IT,Online Fraud / Cybercrime
CASE-009432,Criminal Law,Criminal Trial
CASE-009433,Media & Defamation,Defamation Suit
CASE-009434,Family & Succession,Inheritance / Probate
CASE-009435,Media & Defamation,Defamation Suit
CASE-009436,Real Estate & Housing,Builder-Buyer / RERA Dispute
CASE-009437,Immigration & Citizenship,Citizenship / Passport Matter
CASE-009438,Employment & Labour,Wrongful Termination
CASE-009439,Human Rights & PIL,Public Interest Litigation
CASE-009440,Family & Succession,Inheritance / Probate
CASE-009441,Human Rights & PIL,Public Interest Litigation
CASE-009442,Contract & Agreement,Breach of Contract / Specific Performance
CASE-009443,Arbitration,Arbitral Award Challenge
CASE-009444,Immigration & Citizenship,Citizenship / Passport Matter
CASE-009445,Immigration & Citizenship,Citizenship / Passport Matter
CASE-009446,Criminal Law,Criminal Trial
CASE-009447,Education Law,Student Admission / Examination Dispute
CASE-009448,Banking & Finance,Loan Recovery / Cheque Dishonour
CASE-009449,White Collar Crime,Money Laundering / Corruption Case
CASE-009450,Divorce & Matrimonial,Divorce Petition
CASE-009451,Banking & Finance,Loan Recovery / Cheque Dishonour
CASE-009452,Cybercrime & IT,Online Fraud / Cybercrime
CASE-009453,Administrative Law,Administrative Order Challenge
CASE-009454,Cybercrime & IT,Online Fraud / Cybercrime
CASE-009455,Consumer Protection,Deficiency in Service Complaint
CASE-009456,Family & Succession,Inheritance / Probate
CASE-009457,Cybercrime & IT,Online Fraud / Cybercrime
CASE-009458,Arbitration,Arbitral Award Challenge
CASE-009459,Medical Negligence,Medical Negligence Complaint
CASE-009460,Intellectual Property,Trademark Infringement
CASE-009461,Property & Land,Property / Partition Suit
CASE-009462,Human Rights & PIL,Public Interest Litigation
CASE-009463,Constitutional Law,Writ / Fundamental Rights Petition
CASE-009464,Consumer Protection,Deficiency in Service Complaint
CASE-009465,Immigration & Citizenship,Citizenship / Passport Matter
CASE-009466,Administrative Law,Administrative Order Challenge
CASE-009467,Real Estate & Housing,Builder-Buyer / RERA Dispute
CASE-009468,Medical Negligence,Medical Negligence Complaint
CASE-009469,Constitutional Law,Writ / Fundamental Rights Petition
CASE-009470,Human Rights & PIL,Public Interest Litigation
CASE-009471,Child Protection,POCSO / Child Protection Proceeding
CASE-009472,Child Protection,POCSO / Child Protection Proceeding
CASE-009473,Immigration & Citizenship,Citizenship / Passport Matter
CASE-009474,Child Protection,POCSO / Child Protection Proceeding
CASE-009475,Education Law,Student Admission / Examination Dispute
CASE-009476,Property & Land,Property / Partition Suit
CASE-009477,White Collar Crime,Money Laundering / Corruption Case
CASE-009478,Real Estate & Housing,Builder-Buyer / RERA Dispute
CASE-009479,Contract & Agreement,Breach of Contract / Specific Performance
CASE-009480,Consumer Protection,Deficiency in Service Complaint
CASE-009481,Data Privacy,Personal Data Misuse / Privacy Petition
CASE-009482,Medical Negligence,Medical Negligence Complaint
CASE-009483,Arbitration,Arbitral Award Challenge
CASE-009484,Constitutional Law,Writ / Fundamental Rights Petition
CASE-009485,Immigration & Citizenship,Citizenship / Passport Matter
CASE-009486,Administrative Law,Administrative Order Challenge
CASE-009487,Real Estate & Housing,Builder-Buyer / RERA Dispute
CASE-009488,Motor Accident Claims,Motor Accident Compensation Claim
CASE-009489,Corporate & Commercial,Commercial Contract Dispute
CASE-009490,Tax & GST,GST / Tax Assessment Appeal
CASE-009491,Arbitration,Arbitral Award Challenge
CASE-009492,Motor Accident Claims,Motor Accident Compensation Claim
CASE-009493,Contract & Agreement,Breach of Contract / Specific Performance
CASE-009494,Medical Negligence,Medical Negligence Complaint
CASE-009495,Immigration & Citizenship,Citizenship / Passport Matter
CASE-009496,Corporate & Commercial,Commercial Contract Dispute
CASE-009497,Consumer Protection,Deficiency in Service Complaint
CASE-009498,Environmental Law,Environmental Clearance Challenge
CASE-009499,Family & Succession,Inheritance / Probate
CASE-009500,Property & Land,Property / Partition Suit
CASE-009501,Banking & Finance,Loan Recovery / Cheque Dishonour
CASE-009502,Contract & Agreement,Breach of Contract / Specific Performance
CASE-009503,Cybercrime & IT,Online Fraud / Cybercrime
CASE-009504,White Collar Crime,Money Laundering / Corruption Case
CASE-009505,Property & Land,Property / Partition Suit
CASE-009506,Property & Land,Property / Partition Suit
CASE-009507,Administrative Law,Administrative Order Challenge
CASE-009508,Medical Negligence,Medical Negligence Complaint
CASE-009509,Real Estate & Housing,Builder-Buyer / RERA Dispute
CASE-009510,White Collar Crime,Money Laundering / Corruption Case
CASE-009511,Constitutional Law,Writ / Fundamental Rights Petition
CASE-009512,Immigration & Citizenship,Citizenship / Passport Matter
CASE-009513,Administrative Law,Administrative Order Challenge
CASE-009514,Employment & Labour,Wrongful Termination
CASE-009515,Family & Succession,Inheritance / Probate
CASE-009516,Consumer Protection,Deficiency in Service Complaint
CASE-009517,Human Rights & PIL,Public Interest Litigation
CASE-009518,Constitutional Law,Writ / Fundamental Rights Petition
CASE-009519,Intellectual Property,Trademark Infringement
CASE-009520,Contract & Agreement,Breach of Contract / Specific Performance
CASE-009521,Arbitration,Arbitral Award Challenge
CASE-009522,Corporate & Commercial,Commercial Contract Dispute
CASE-009523,Administrative Law,Administrative Order Challenge
CASE-009524,Immigration & Citizenship,Citizenship / Passport Matter
CASE-009525,Property & Land,Property / Partition Suit
CASE-009526,Environmental Law,Environmental Clearance Challenge
CASE-009527,Constitutional Law,Writ / Fundamental Rights Petition
CASE-009528,Media & Defamation,Defamation Suit
CASE-009529,Divorce & Matrimonial,Divorce Petition
CASE-009530,Arbitration,Arbitral Award Challenge
CASE-009531,White Collar Crime,Money Laundering / Corruption Case
CASE-009532,Intellectual Property,Trademark Infringement
CASE-009533,Tax & GST,GST / Tax Assessment Appeal
CASE-009534,Banking & Finance,Loan Recovery / Cheque Dishonour
CASE-009535,Medical Negligence,Medical Negligence Complaint
CASE-009536,Real Estate & Housing,Builder-Buyer / RERA Dispute
CASE-009537,Constitutional Law,Writ / Fundamental Rights Petition
CASE-009538,Contract & Agreement,Breach of Contract / Specific Performance
CASE-009539,Consumer Protection,Deficiency in Service Complaint
CASE-009540,Banking & Finance,Loan Recovery / Cheque Dishonour
CASE-009541,Administrative Law,Administrative Order Challenge
CASE-009542,White Collar Crime,Money Laundering / Corruption Case
CASE-009543,Tax & GST,GST / Tax Assessment Appeal
CASE-009544,Insolvency & Bankruptcy,Corporate Insolvency Resolution
CASE-009545,Contract & Agreement,Breach of Contract / Specific Performance
CASE-009546,Property & Land,Property / Partition Suit
CASE-009547,Data Privacy,Personal Data Misuse / Privacy Petition
CASE-009548,White Collar Crime,Money Laundering / Corruption Case
CASE-009549,Motor Accident Claims,Motor Accident Compensation Claim
CASE-009550,Data Privacy,Personal Data Misuse / Privacy Petition
CASE-009551,Data Privacy,Personal Data Misuse / Privacy Petition
CASE-009552,Motor Accident Claims,Motor Accident Compensation Claim
CASE-009553,Contract & Agreement,Breach of Contract / Specific Performance
CASE-009554,Administrative Law,Administrative Order Challenge
CASE-009555,Banking & Finance,Loan Recovery / Cheque Dishonour
CASE-009556,Human Rights & PIL,Public Interest Litigation
CASE-009557,Insolvency & Bankruptcy,Corporate Insolvency Resolution
CASE-009558,Environmental Law,Environmental Clearance Challenge
CASE-009559,Constitutional Law,Writ / Fundamental Rights Petition
CASE-009560,Arbitration,Arbitral Award Challenge
CASE-009561,Corporate & Commercial,Commercial Contract Dispute
CASE-009562,Banking & Finance,Loan Recovery / Cheque Dishonour
CASE-009563,Banking & Finance,Loan Recovery / Cheque Dishonour
CASE-009564,Data Privacy,Personal Data Misuse / Privacy Petition
CASE-009565,Immigration & Citizenship,Citizenship / Passport Matter
CASE-009566,Human Rights & PIL,Public Interest Litigation
CASE-009567,Cybercrime & IT,Online Fraud / Cybercrime
CASE-009568,Contract & Agreement,Breach of Contract / Specific Performance
CASE-009569,Insolvency & Bankruptcy,Corporate Insolvency Resolution
CASE-009570,Child Protection,POCSO / Child Protection Proceeding
CASE-009571,Immigration & Citizenship,Citizenship / Passport Matter
CASE-009572,Media & Defamation,Defamation Suit
CASE-009573,Divorce & Matrimonial,Divorce Petition
CASE-009574,Property & Land,Property / Partition Suit
CASE-009575,Family & Succession,Inheritance / Probate
CASE-009576,Environmental Law,Environmental Clearance Challenge
CASE-009577,Data Privacy,Personal Data Misuse / Privacy Petition
CASE-009578,Cybercrime & IT,Online Fraud / Cybercrime
CASE-009579,Human Rights & PIL,Public Interest Litigation
CASE-009580,Motor Accident Claims,Motor Accident Compensation Claim
CASE-009581,Insolvency & Bankruptcy,Corporate Insolvency Resolution
CASE-009582,Data Privacy,Personal Data Misuse / Privacy Petition
CASE-009583,Motor Accident Claims,Motor Accident Compensation Claim
CASE-009584,Criminal Law,Criminal Trial
CASE-009585,Environmental Law,Environmental Clearance Challenge
CASE-009586,Contract & Agreement,Breach of Contract / Specific Performance
CASE-009587,Insolvency & Bankruptcy,Corporate Insolvency Resolution
CASE-009588,Media & Defamation,Defamation Suit
CASE-009589,Data Privacy,Personal Data Misuse / Privacy Petition
CASE-009590,Motor Accident Claims,Motor Accident Compensation Claim
CASE-009591,Data Privacy,Personal Data Misuse / Privacy Petition
CASE-009592,Data Privacy,Personal Data Misuse / Privacy Petition
CASE-009593,Education Law,Student Admission / Examination Dispute
CASE-009594,Contract & Agreement,Breach of Contract / Specific Performance
CASE-009595,Insolvency & Bankruptcy,Corporate Insolvency Resolution
CASE-009596,Immigration & Citizenship,Citizenship / Passport Matter
CASE-009597,Immigration & Citizenship,Citizenship / Passport Matter
CASE-009598,Contract & Agreement,Breach of Contract / Specific Performance
CASE-009599,Criminal Law,Criminal Trial
CASE-009600,Insolvency & Bankruptcy,Corporate Insolvency Resolution
CASE-009601,Education Law,Student Admission / Examination Dispute
CASE-009602,Property & Land,Property / Partition Suit
CASE-009603,Intellectual Property,Trademark Infringement
CASE-009604,Family & Succession,Inheritance / Probate
CASE-009605,Corporate & Commercial,Commercial Contract Dispute
CASE-009606,Insolvency & Bankruptcy,Corporate Insolvency Resolution
CASE-009607,Environmental Law,Environmental Clearance Challenge
CASE-009608,Environmental Law,Environmental Clearance Challenge
CASE-009609,Contract & Agreement,Breach of Contract / Specific Performance
CASE-009610,Property & Land,Property / Partition Suit
CASE-009611,Environmental Law,Environmental Clearance Challenge
CASE-009612,Motor Accident Claims,Motor Accident Compensation Claim
CASE-009613,Child Protection,POCSO / Child Protection Proceeding
CASE-009614,Medical Negligence,Medical Negligence Complaint
CASE-009615,Consumer Protection,Deficiency in Service Complaint
CASE-009616,Corporate & Commercial,Commercial Contract Dispute
CASE-009617,Constitutional Law,Writ / Fundamental Rights Petition
CASE-009618,Employment & Labour,Wrongful Termination
CASE-009619,Media & Defamation,Defamation Suit
CASE-009620,White Collar Crime,Money Laundering / Corruption Case
CASE-009621,Criminal Law,Criminal Trial
CASE-009622,Child Protection,POCSO / Child Protection Proceeding
CASE-009623,Data Privacy,Personal Data Misuse / Privacy Petition
CASE-009624,Property & Land,Property / Partition Suit
CASE-009625,Contract & Agreement,Breach of Contract / Specific Performance
CASE-009626,Immigration & Citizenship,Citizenship / Passport Matter
CASE-009627,Intellectual Property,Trademark Infringement
CASE-009628,Criminal Law,Criminal Trial
CASE-009629,Property & Land,Property / Partition Suit
CASE-009630,Consumer Protection,Deficiency in Service Complaint
CASE-009631,Employment & Labour,Wrongful Termination
CASE-009632,Contract & Agreement,Breach of Contract / Specific Performance
CASE-009633,Data Privacy,Personal Data Misuse / Privacy Petition
CASE-009634,Medical Negligence,Medical Negligence Complaint
CASE-009635,Administrative Law,Administrative Order Challenge
CASE-009636,Arbitration,Arbitral Award Challenge
CASE-009637,Banking & Finance,Loan Recovery / Cheque Dishonour
CASE-009638,White Collar Crime,Money Laundering / Corruption Case
CASE-009639,Property & Land,Property / Partition Suit
CASE-009640,Criminal Law,Criminal Trial
CASE-009641,Property & Land,Property / Partition Suit
CASE-009642,Divorce & Matrimonial,Divorce Petition
CASE-009643,Banking & Finance,Loan Recovery / Cheque Dishonour
CASE-009644,Divorce & Matrimonial,Divorce Petition
CASE-009645,Banking & Finance,Loan Recovery / Cheque Dishonour
CASE-009646,Immigration & Citizenship,Citizenship / Passport Matter
CASE-009647,Employment & Labour,Wrongful Termination
CASE-009648,Media & Defamation,Defamation Suit
CASE-009649,Divorce & Matrimonial,Divorce Petition
CASE-009650,Medical Negligence,Medical Negligence Complaint
CASE-009651,Banking & Finance,Loan Recovery / Cheque Dishonour
CASE-009652,Employment & Labour,Wrongful Termination
CASE-009653,Tax & GST,GST / Tax Assessment Appeal
CASE-009654,Education Law,Student Admission / Examination Dispute
CASE-009655,White Collar Crime,Money Laundering / Corruption Case
CASE-009656,Child Protection,POCSO / Child Protection Proceeding
CASE-009657,Consumer Protection,Deficiency in Service Complaint
CASE-009658,Arbitration,Arbitral Award Challenge
CASE-009659,Cybercrime & IT,Online Fraud / Cybercrime
CASE-009660,Media & Defamation,Defamation Suit
CASE-009661,Motor Accident Claims,Motor Accident Compensation Claim
CASE-009662,Banking & Finance,Loan Recovery / Cheque Dishonour
CASE-009663,Contract & Agreement,Breach of Contract / Specific Performance
CASE-009664,Arbitration,Arbitral Award Challenge
CASE-009665,Intellectual Property,Trademark Infringement
CASE-009666,Human Rights & PIL,Public Interest Litigation
CASE-009667,Human Rights & PIL,Public Interest Litigation
CASE-009668,Immigration & Citizenship,Citizenship / Passport Matter
CASE-009669,Divorce & Matrimonial,Divorce Petition
CASE-009670,Arbitration,Arbitral Award Challenge
CASE-009671,White Collar Crime,Money Laundering / Corruption Case
CASE-009672,Data Privacy,Personal Data Misuse / Privacy Petition
CASE-009673,Media & Defamation,Defamation Suit
CASE-009674,Property & Land,Property / Partition Suit
CASE-009675,Property & Land,Property / Partition Suit
CASE-009676,Property & Land,Property / Partition Suit
CASE-009677,Constitutional Law,Writ / Fundamental Rights Petition
CASE-009678,Child Protection,POCSO / Child Protection Proceeding
CASE-009679,Real Estate & Housing,Builder-Buyer / RERA Dispute
CASE-009680,Cybercrime & IT,Online Fraud / Cybercrime
CASE-009681,Constitutional Law,Writ / Fundamental Rights Petition
CASE-009682,Medical Negligence,Medical Negligence Complaint
CASE-009683,Cybercrime & IT,Online Fraud / Cybercrime
CASE-009684,Real Estate & Housing,Builder-Buyer / RERA Dispute
CASE-009685,Human Rights & PIL,Public Interest Litigation
CASE-009686,Cybercrime & IT,Online Fraud / Cybercrime
CASE-009687,Media & Defamation,Defamation Suit
CASE-009688,Consumer Protection,Deficiency in Service Complaint
CASE-009689,Family & Succession,Inheritance / Probate
CASE-009690,Criminal Law,Criminal Trial
CASE-009691,Contract & Agreement,Breach of Contract / Specific Performance
CASE-009692,Real Estate & Housing,Builder-Buyer / RERA Dispute
CASE-009693,Criminal Law,Criminal Trial
CASE-009694,Arbitration,Arbitral Award Challenge
CASE-009695,Contract & Agreement,Breach of Contract / Specific Performance
CASE-009696,Criminal Law,Criminal Trial
CASE-009697,Property & Land,Property / Partition Suit
CASE-009698,Divorce & Matrimonial,Divorce Petition
CASE-009699,Consumer Protection,Deficiency in Service Complaint
CASE-009700,Contract & Agreement,Breach of Contract / Specific Performance
CASE-009701,Banking & Finance,Loan Recovery / Cheque Dishonour
CASE-009702,Family & Succession,Inheritance / Probate
CASE-009703,Criminal Law,Criminal Trial
CASE-009704,Education Law,Student Admission / Examination Dispute
CASE-009705,Divorce & Matrimonial,Divorce Petition
CASE-009706,Constitutional Law,Writ / Fundamental Rights Petition
CASE-009707,Arbitration,Arbitral Award Challenge
CASE-009708,Child Protection,POCSO / Child Protection Proceeding
CASE-009709,Immigration & Citizenship,Citizenship / Passport Matter
CASE-009710,Divorce & Matrimonial,Divorce Petition
CASE-009711,Medical Negligence,Medical Negligence Complaint
CASE-009712,Environmental Law,Environmental Clearance Challenge
CASE-009713,Corporate & Commercial,Commercial Contract Dispute
CASE-009714,Property & Land,Property / Partition Suit
CASE-009715,Constitutional Law,Writ / Fundamental Rights Petition
CASE-009716,Education Law,Student Admission / Examination Dispute
CASE-009717,Data Privacy,Personal Data Misuse / Privacy Petition
CASE-009718,Banking & Finance,Loan Recovery / Cheque Dishonour
CASE-009719,Data Privacy,Personal Data Misuse / Privacy Petition
CASE-009720,Employment & Labour,Wrongful Termination
CASE-009721,Intellectual Property,Trademark Infringement
CASE-009722,Environmental Law,Environmental Clearance Challenge
CASE-009723,Banking & Finance,Loan Recovery / Cheque Dishonour
CASE-009724,Criminal Law,Criminal Trial
CASE-009725,Consumer Protection,Deficiency in Service Complaint
CASE-009726,Corporate & Commercial,Commercial Contract Dispute
CASE-009727,Medical Negligence,Medical Negligence Complaint
CASE-009728,Data Privacy,Personal Data Misuse / Privacy Petition
CASE-009729,Cybercrime & IT,Online Fraud / Cybercrime
CASE-009730,Insolvency & Bankruptcy,Corporate Insolvency Resolution
CASE-009731,Property & Land,Property / Partition Suit
CASE-009732,Data Privacy,Personal Data Misuse / Privacy Petition
CASE-009733,Cybercrime & IT,Online Fraud / Cybercrime
CASE-009734,Cybercrime & IT,Online Fraud / Cybercrime
CASE-009735,Banking & Finance,Loan Recovery / Cheque Dishonour
CASE-009736,Intellectual Property,Trademark Infringement
CASE-009737,Family & Succession,Inheritance / Probate
CASE-009738,Corporate & Commercial,Commercial Contract Dispute
CASE-009739,Criminal Law,Criminal Trial
CASE-009740,Contract & Agreement,Breach of Contract / Specific Performance
CASE-009741,Environmental Law,Environmental Clearance Challenge
CASE-009742,Human Rights & PIL,Public Interest Litigation
CASE-009743,Arbitration,Arbitral Award Challenge
CASE-009744,Data Privacy,Personal Data Misuse / Privacy Petition
CASE-009745,Criminal Law,Criminal Trial
CASE-009746,Immigration & Citizenship,Citizenship / Passport Matter
CASE-009747,Immigration & Citizenship,Citizenship / Passport Matter
CASE-009748,Employment & Labour,Wrongful Termination
CASE-009749,Data Privacy,Personal Data Misuse / Privacy Petition
CASE-009750,Child Protection,POCSO / Child Protection Proceeding
CASE-009751,Divorce & Matrimonial,Divorce Petition
CASE-009752,Medical Negligence,Medical Negligence Complaint
CASE-009753,Intellectual Property,Trademark Infringement
CASE-009754,Administrative Law,Administrative Order Challenge
CASE-009755,Insolvency & Bankruptcy,Corporate Insolvency Resolution
CASE-009756,Consumer Protection,Deficiency in Service Complaint
CASE-009757,Environmental Law,Environmental Clearance Challenge
CASE-009758,Real Estate & Housing,Builder-Buyer / RERA Dispute
CASE-009759,Constitutional Law,Writ / Fundamental Rights Petition
CASE-009760,Environmental Law,Environmental Clearance Challenge
CASE-009761,Divorce & Matrimonial,Divorce Petition
CASE-009762,Media & Defamation,Defamation Suit
CASE-009763,Tax & GST,GST / Tax Assessment Appeal
CASE-009764,Divorce & Matrimonial,Divorce Petition
CASE-009765,Consumer Protection,Deficiency in Service Complaint
CASE-009766,Data Privacy,Personal Data Misuse / Privacy Petition
CASE-009767,Data Privacy,Personal Data Misuse / Privacy Petition
CASE-009768,Corporate & Commercial,Commercial Contract Dispute
CASE-009769,Tax & GST,GST / Tax Assessment Appeal
CASE-009770,Corporate & Commercial,Commercial Contract Dispute
CASE-009771,Property & Land,Property / Partition Suit
CASE-009772,Intellectual Property,Trademark Infringement
CASE-009773,Insolvency & Bankruptcy,Corporate Insolvency Resolution
CASE-009774,Criminal Law,Criminal Trial
CASE-009775,Administrative Law,Administrative Order Challenge
CASE-009776,Medical Negligence,Medical Negligence Complaint
CASE-009777,Constitutional Law,Writ / Fundamental Rights Petition
CASE-009778,Contract & Agreement,Breach of Contract / Specific Performance
CASE-009779,Intellectual Property,Trademark Infringement
CASE-009780,Environmental Law,Environmental Clearance Challenge
CASE-009781,Employment & Labour,Wrongful Termination
CASE-009782,Divorce & Matrimonial,Divorce Petition
CASE-009783,Cybercrime & IT,Online Fraud / Cybercrime
CASE-009784,Data Privacy,Personal Data Misuse / Privacy Petition
CASE-009785,Environmental Law,Environmental Clearance Challenge
CASE-009786,Insolvency & Bankruptcy,Corporate Insolvency Resolution
CASE-009787,Constitutional Law,Writ / Fundamental Rights Petition
CASE-009788,Real Estate & Housing,Builder-Buyer / RERA Dispute
CASE-009789,Real Estate & Housing,Builder-Buyer / RERA Dispute
CASE-009790,Property & Land,Property / Partition Suit
CASE-009791,Constitutional Law,Writ / Fundamental Rights Petition
CASE-009792,Contract & Agreement,Breach of Contract / Specific Performance
CASE-009793,Divorce & Matrimonial,Divorce Petition
CASE-009794,Contract & Agreement,Breach of Contract / Specific Performance
CASE-009795,Family & Succession,Inheritance / Probate
CASE-009796,Insolvency & Bankruptcy,Corporate Insolvency Resolution
CASE-009797,Immigration & Citizenship,Citizenship / Passport Matter
CASE-009798,Cybercrime & IT,Online Fraud / Cybercrime
CASE-009799,Data Privacy,Personal Data Misuse / Privacy Petition
CASE-009800,Consumer Protection,Deficiency in Service Complaint
CASE-009801,Property & Land,Property / Partition Suit
CASE-009802,Divorce & Matrimonial,Divorce Petition
CASE-009803,Banking & Finance,Loan Recovery / Cheque Dishonour
CASE-009804,Cybercrime & IT,Online Fraud / Cybercrime
CASE-009805,Immigration & Citizenship,Citizenship / Passport Matter
CASE-009806,Administrative Law,Administrative Order Challenge
CASE-009807,Medical Negligence,Medical Negligence Complaint
CASE-009808,Intellectual Property,Trademark Infringement
CASE-009809,Motor Accident Claims,Motor Accident Compensation Claim
CASE-009810,Family & Succession,Inheritance / Probate
CASE-009811,Corporate & Commercial,Commercial Contract Dispute
CASE-009812,Property & Land,Property / Partition Suit
CASE-009813,Contract & Agreement,Breach of Contract / Specific Performance
CASE-009814,Corporate & Commercial,Commercial Contract Dispute
CASE-009815,Child Protection,POCSO / Child Protection Proceeding
CASE-009816,Tax & GST,GST / Tax Assessment Appeal
CASE-009817,Data Privacy,Personal Data Misuse / Privacy Petition
CASE-009818,Insolvency & Bankruptcy,Corporate Insolvency Resolution
CASE-009819,Banking & Finance,Loan Recovery / Cheque Dishonour
CASE-009820,Motor Accident Claims,Motor Accident Compensation Claim
CASE-009821,Child Protection,POCSO / Child Protection Proceeding
CASE-009822,Child Protection,POCSO / Child Protection Proceeding
CASE-009823,White Collar Crime,Money Laundering / Corruption Case
CASE-009824,Insolvency & Bankruptcy,Corporate Insolvency Resolution
CASE-009825,Media & Defamation,Defamation Suit
CASE-009826,Corporate & Commercial,Commercial Contract Dispute
CASE-009827,Environmental Law,Environmental Clearance Challenge
CASE-009828,Consumer Protection,Deficiency in Service Complaint
CASE-009829,Employment & Labour,Wrongful Termination
CASE-009830,Environmental Law,Environmental Clearance Challenge
CASE-009831,Contract & Agreement,Breach of Contract / Specific Performance
CASE-009832,Constitutional Law,Writ / Fundamental Rights Petition
CASE-009833,Family & Succession,Inheritance / Probate
CASE-009834,Criminal Law,Criminal Trial
CASE-009835,Corporate & Commercial,Commercial Contract Dispute
CASE-009836,Medical Negligence,Medical Negligence Complaint
CASE-009837,Real Estate & Housing,Builder-Buyer / RERA Dispute
CASE-009838,White Collar Crime,Money Laundering / Corruption Case
CASE-009839,Property & Land,Property / Partition Suit
CASE-009840,Employment & Labour,Wrongful Termination
CASE-009841,Cybercrime & IT,Online Fraud / Cybercrime
CASE-009842,Administrative Law,Administrative Order Challenge
CASE-009843,Banking & Finance,Loan Recovery / Cheque Dishonour
CASE-009844,Constitutional Law,Writ / Fundamental Rights Petition
CASE-009845,Employment & Labour,Wrongful Termination
CASE-009846,Corporate & Commercial,Commercial Contract Dispute
CASE-009847,Environmental Law,Environmental Clearance Challenge
CASE-009848,Data Privacy,Personal Data Misuse / Privacy Petition
CASE-009849,Consumer Protection,Deficiency in Service Complaint
CASE-009850,Employment & Labour,Wrongful Termination
CASE-009851,Cybercrime & IT,Online Fraud / Cybercrime
CASE-009852,White Collar Crime,Money Laundering / Corruption Case
CASE-009853,Corporate & Commercial,Commercial Contract Dispute
CASE-009854,Tax & GST,GST / Tax Assessment Appeal
CASE-009855,Employment & Labour,Wrongful Termination
CASE-009856,Property & Land,Property / Partition Suit
CASE-009857,Cybercrime & IT,Online Fraud / Cybercrime
CASE-009858,Human Rights & PIL,Public Interest Litigation
CASE-009859,Medical Negligence,Medical Negligence Complaint
CASE-009860,Insolvency & Bankruptcy,Corporate Insolvency Resolution
CASE-009861,Banking & Finance,Loan Recovery / Cheque Dishonour
CASE-009862,Constitutional Law,Writ / Fundamental Rights Petition
CASE-009863,Child Protection,POCSO / Child Protection Proceeding
CASE-009864,Administrative Law,Administrative Order Challenge
CASE-009865,Child Protection,POCSO / Child Protection Proceeding
CASE-009866,Motor Accident Claims,Motor Accident Compensation Claim
CASE-009867,Real Estate & Housing,Builder-Buyer / RERA Dispute
CASE-009868,Insolvency & Bankruptcy,Corporate Insolvency Resolution
CASE-009869,Child Protection,POCSO / Child Protection Proceeding
CASE-009870,Data Privacy,Personal Data Misuse / Privacy Petition
CASE-009871,Motor Accident Claims,Motor Accident Compensation Claim
CASE-009872,Divorce & Matrimonial,Divorce Petition
CASE-009873,Cybercrime & IT,Online Fraud / Cybercrime
CASE-009874,Administrative Law,Administrative Order Challenge
CASE-009875,Banking & Finance,Loan Recovery / Cheque Dishonour
CASE-009876,Constitutional Law,Writ / Fundamental Rights Petition
CASE-009877,Criminal Law,Criminal Trial
CASE-009878,Employment & Labour,Wrongful Termination
CASE-009879,Tax & GST,GST / Tax Assessment Appeal
CASE-009880,Child Protection,POCSO / Child Protection Proceeding
CASE-009881,White Collar Crime,Money Laundering / Corruption Case
CASE-009882,Media & Defamation,Defamation Suit
CASE-009883,Divorce & Matrimonial,Divorce Petition
CASE-009884,Banking & Finance,Loan Recovery / Cheque Dishonour
CASE-009885,Tax & GST,GST / Tax Assessment Appeal
CASE-009886,Arbitration,Arbitral Award Challenge
CASE-009887,Human Rights & PIL,Public Interest Litigation
CASE-009888,Insolvency & Bankruptcy,Corporate Insolvency Resolution
CASE-009889,Cybercrime & IT,Online Fraud / Cybercrime
CASE-009890,Employment & Labour,Wrongful Termination
CASE-009891,Real Estate & Housing,Builder-Buyer / RERA Dispute
CASE-009892,White Collar Crime,Money Laundering / Corruption Case
CASE-009893,Criminal Law,Criminal Trial
CASE-009894,Divorce & Matrimonial,Divorce Petition
CASE-009895,Environmental Law,Environmental Clearance Challenge
CASE-009896,Data Privacy,Personal Data Misuse / Privacy Petition
CASE-009897,Constitutional Law,Writ / Fundamental Rights Petition
CASE-009898,Property & Land,Property / Partition Suit
CASE-009899,Medical Negligence,Medical Negligence Complaint
CASE-009900,Insolvency & Bankruptcy,Corporate Insolvency Resolution
CASE-009901,Cybercrime & IT,Online Fraud / Cybercrime
CASE-009902,Human Rights & PIL,Public Interest Litigation
CASE-009903,Consumer Protection,Deficiency in Service Complaint
CASE-009904,Environmental Law,Environmental Clearance Challenge
CASE-009905,Medical Negligence,Medical Negligence Complaint
CASE-009906,Child Protection,POCSO / Child Protection Proceeding
CASE-009907,Tax & GST,GST / Tax Assessment Appeal
CASE-009908,Administrative Law,Administrative Order Challenge
CASE-009909,Property & Land,Property / Partition Suit
CASE-009910,Consumer Protection,Deficiency in Service Complaint
CASE-009911,Consumer Protection,Deficiency in Service Complaint
CASE-009912,Education Law,Student Admission / Examination Dispute
CASE-009913,Real Estate & Housing,Builder-Buyer / RERA Dispute
CASE-009914,Contract & Agreement,Breach of Contract / Specific Performance
CASE-009915,Contract & Agreement,Breach of Contract / Specific Performance
CASE-009916,Human Rights & PIL,Public Interest Litigation
CASE-009917,Insolvency & Bankruptcy,Corporate Insolvency Resolution
CASE-009918,Real Estate & Housing,Builder-Buyer / RERA Dispute
CASE-009919,Education Law,Student Admission / Examination Dispute
CASE-009920,Tax & GST,GST / Tax Assessment Appeal
CASE-009921,Family & Succession,Inheritance / Probate
CASE-009922,Medical Negligence,Medical Negligence Complaint
CASE-009923,Criminal Law,Criminal Trial
CASE-009924,Contract & Agreement,Breach of Contract / Specific Performance
CASE-009925,Banking & Finance,Loan Recovery / Cheque Dishonour
CASE-009926,Corporate & Commercial,Commercial Contract Dispute
CASE-009927,Human Rights & PIL,Public Interest Litigation
CASE-009928,White Collar Crime,Money Laundering / Corruption Case
CASE-009929,Media & Defamation,Defamation Suit
CASE-009930,Intellectual Property,Trademark Infringement
CASE-009931,Constitutional Law,Writ / Fundamental Rights Petition
CASE-009932,Divorce & Matrimonial,Divorce Petition
CASE-009933,Intellectual Property,Trademark Infringement
CASE-009934,White Collar Crime,Money Laundering / Corruption Case
CASE-009935,Contract & Agreement,Breach of Contract / Specific Performance
CASE-009936,Education Law,Student Admission / Examination Dispute
CASE-009937,Intellectual Property,Trademark Infringement
CASE-009938,Child Protection,POCSO / Child Protection Proceeding
CASE-009939,Consumer Protection,Deficiency in Service Complaint
CASE-009940,Administrative Law,Administrative Order Challenge
CASE-009941,Immigration & Citizenship,Citizenship / Passport Matter
CASE-009942,Education Law,Student Admission / Examination Dispute
CASE-009943,Consumer Protection,Deficiency in Service Complaint
CASE-009944,White Collar Crime,Money Laundering / Corruption Case
CASE-009945,Contract & Agreement,Breach of Contract / Specific Performance
CASE-009946,Immigration & Citizenship,Citizenship / Passport Matter
CASE-009947,White Collar Crime,Money Laundering / Corruption Case
CASE-009948,Environmental Law,Environmental Clearance Challenge
CASE-009949,Consumer Protection,Deficiency in Service Complaint
CASE-009950,Education Law,Student Admission / Examination Dispute
CASE-009951,Banking & Finance,Loan Recovery / Cheque Dishonour
CASE-009952,Motor Accident Claims,Motor Accident Compensation Claim
CASE-009953,Human Rights & PIL,Public Interest Litigation
CASE-009954,Real Estate & Housing,Builder-Buyer / RERA Dispute
CASE-009955,Real Estate & Housing,Builder-Buyer / RERA Dispute
CASE-009956,Human Rights & PIL,Public Interest Litigation
CASE-009957,Cybercrime & IT,Online Fraud / Cybercrime
CASE-009958,White Collar Crime,Money Laundering / Corruption Case
CASE-009959,Data Privacy,Personal Data Misuse / Privacy Petition
CASE-009960,Tax & GST,GST / Tax Assessment Appeal
CASE-009961,Criminal Law,Criminal Trial
CASE-009962,Family & Succession,Inheritance / Probate
CASE-009963,Tax & GST,GST / Tax Assessment Appeal
CASE-009964,Medical Negligence,Medical Negligence Complaint
CASE-009965,Divorce & Matrimonial,Divorce Petition
CASE-009966,Family & Succession,Inheritance / Probate
CASE-009967,Tax & GST,GST / Tax Assessment Appeal
CASE-009968,Intellectual Property,Trademark Infringement
CASE-009969,Arbitration,Arbitral Award Challenge
CASE-009970,Cybercrime & IT,Online Fraud / Cybercrime
CASE-009971,Constitutional Law,Writ / Fundamental Rights Petition
CASE-009972,Divorce & Matrimonial,Divorce Petition
CASE-009973,Banking & Finance,Loan Recovery / Cheque Dishonour
CASE-009974,Motor Accident Claims,Motor Accident Compensation Claim
CASE-009975,Consumer Protection,Deficiency in Service Complaint
CASE-009976,Criminal Law,Criminal Trial
CASE-009977,Divorce & Matrimonial,Divorce Petition
CASE-009978,Administrative Law,Administrative Order Challenge
CASE-009979,Cybercrime & IT,Online Fraud / Cybercrime
CASE-009980,Corporate & Commercial,Commercial Contract Dispute
CASE-009981,Human Rights & PIL,Public Interest Litigation
CASE-009982,Media & Defamation,Defamation Suit
CASE-009983,Banking & Finance,Loan Recovery / Cheque Dishonour
CASE-009984,Medical Negligence,Medical Negligence Complaint
CASE-009985,Banking & Finance,Loan Recovery / Cheque Dishonour
CASE-009986,Family & Succession,Inheritance / Probate
CASE-009987,Intellectual Property,Trademark Infringement
CASE-009988,Employment & Labour,Wrongful Termination
CASE-009989,Banking & Finance,Loan Recovery / Cheque Dishonour
CASE-009990,Contract & Agreement,Breach of Contract / Specific Performance
CASE-009991,Property & Land,Property / Partition Suit
CASE-009992,Administrative Law,Administrative Order Challenge
CASE-009993,Data Privacy,Personal Data Misuse / Privacy Petition
CASE-009994,Human Rights & PIL,Public Interest Litigation
CASE-009995,Media & Defamation,Defamation Suit
CASE-009996,Corporate & Commercial,Commercial Contract Dispute
CASE-009997,Arbitration,Arbitral Award Challenge
CASE-009998,Motor Accident Claims,Motor Accident Compensation Claim
CASE-009999,Corporate & Commercial,Commercial Contract Dispute
CASE-010000,Education Law,Student Admission / Examination Dispute
